Contest ID,Index,Name,Type,Points,Tags,Time Limit,Memory Limit,Description
2035,H,Peak Productivity Forces,PROGRAMMING,4500.0,constructive algorithms,N/A,N/A,"H. Peak Productivity Forcestime limit per test3 secondsmemory limit per test256 megabytesinputstandard inputoutputstandard outputI'm peakly productive and this is deep.You are given two permutations$$$^{\text{∗}}$$$ $$$a$$$ and $$$b$$$, both of length $$$n$$$.You can perform the following three-step operation on permutation $$$a$$$:  Choose an index $$$i$$$ ($$$1 \le i \le n$$$). Cyclic shift $$$a_1, a_2, \ldots, a_{i-1}$$$ by $$$1$$$ to the right. If you had chosen $$$i = 1$$$, then this range doesn't exist, and you cyclic shift nothing. Cyclic shift $$$a_{i + 1}, a_{i + 2}, \ldots, a_n$$$ by $$$1$$$ to the right. If you had chosen $$$i = n$$$, then this range doesn't exist, and you cyclic shift nothing.After the operation, $$$a_1,a_2,\ldots, a_{i-2},a_{i-1},a_i,a_{i + 1}, a_{i + 2},\ldots,a_{n-1}, a_n$$$ is transformed into $$$a_{i-1},a_1,\ldots,a_{i-3},a_{i-2},a_i,a_n, a_{i + 1},\ldots,a_{n-2}, a_{n-1}$$$.Here are some examples of operations done on the identity permutation $$$[1,2,3,4,5,6,7]$$$ of length $$$7$$$:   If we choose $$$i = 3$$$, it will become $$$[2, 1, 3, 7, 4, 5, 6]$$$.  If we choose $$$i = 1$$$, it will become $$$[1, 7, 2, 3, 4, 5, 6]$$$.  If we choose $$$i = 7$$$, it will become $$$[6, 1, 2, 3, 4, 5, 7]$$$.  Notably, position $$$i$$$ is not shifted. Find a construction using at most $$$2n$$$ operations to make $$$a$$$ equal to $$$b$$$ or print $$$-1$$$ if it is impossible. The number of operations does not need to be minimized. It can be shown that if it is possible to make $$$a$$$ equal to $$$b$$$, it is possible to do this within $$$2n$$$ operations. $$$^{\text{∗}}$$$A permutation of length $$$n$$$ is an array consisting of $$$n$$$ distinct integers from $$$1$$$ to $$$n$$$ in arbitrary order. For example, $$$[2,3,1,5,4]$$$ is a permutation, but $$$[1,2,2]$$$ is not a permutation ($$$2$$$ appears twice in the array), and $$$[1,3,4]$$$ is also not a permutation ($$$n=3$$$ but there is $$$4$$$ in the array).InputThe first line contains a single integer $$$t$$$ ($$$1 \le t \le 5 \cdot 10^4$$$) — the number of test cases.The first line of each test case contains a single integer $$$n$$$ ($$$1 \le n \le 5 \cdot 10^5$$$) — the lengths of permutations $$$a$$$ and $$$b$$$.The second line of each test case contains $$$n$$$ integers $$$a_1, a_2, \ldots, a_n$$$ ($$$1 \le a_i \le n$$$) — the values of permutation $$$a$$$.The third line of each test case contains $$$n$$$ integers $$$b_1, b_2, \ldots, b_n$$$ ($$$1 \le b_i \le n$$$) — the values of permutation $$$b$$$.It is guaranteed that the sum of $$$n$$$ over all test cases will not exceed $$$5 \cdot 10^5$$$.OutputFor each test case:If there is a sequence of operations to transform $$$a$$$ into $$$b$$$, output a single integer $$$q$$$ ($$$0\le q\le 2n$$$) — the number of operations in the first line and $$$q$$$ integers with the $$$i$$$-th number representing the index of the $$$i$$$-th operation in the second line.If there is no sequence of operations, output $$$-1$$$ in the only line.ExampleInput
411121 22 132 1 33 2 187 8 3 5 4 6 1 22 1 6 4 5 3 8 7Output
0

-1
2
1 3
7
3 4 5 1 2 1 1
NoteIn the first case, you can do no operation since $$$a=b$$$.In the second case, it can be proved $$$a$$$ can not be transformed into $$$b$$$.In the third case, $$$a$$$ is transformed into $$$[2,3,1]$$$ after the first operation and into $$$b$$$ after the second operation."
2035,G2,Go Learn! (Hard Version),PROGRAMMING,2000.0,"divide and conquer, dp",N/A,N/A,"G2. Go Learn! (Hard Version)time limit per test5 secondsmemory limit per test256 megabytesinputstandard inputoutputstandard outputThe differences between the easy and hard versions are the constraints on $$$n$$$ and the sum of $$$n$$$. In this version, $$$n \leq 3\cdot 10^5$$$ and the sum of $$$n$$$ does not exceed $$$10^6$$$. You can only make hacks if both versions are solved. Well, well, well, let's see how Bessie is managing her finances. She seems to be in the trenches! Fortunately, she is applying for a job at Moogle to resolve this issue. Moogle interviews require intensive knowledge of obscure algorithms and complex data structures, but Bessie received a tip-off from an LGM on exactly what she has to go learn.Bessie wrote the following code to binary search for a certain element $$$k$$$ in a possibly unsorted array $$$[a_1, a_2,\ldots,a_n]$$$ with $$$n$$$ elements.let l = 1let h = nwhile l < h:  let m = floor((l + h) / 2)  if a[m] < k:    l = m + 1  else:    h = mreturn lBessie submitted her code to Farmer John's problem with $$$m$$$ ($$$1 \leq m \leq n$$$) tests. The $$$i$$$-th test is of the form $$$(x_i, k_i)$$$ ($$$1 \leq x, k \leq n$$$). It is guaranteed all the $$$x_i$$$ are distinct and all the $$$k_i$$$ are distinct.Test $$$i$$$ is correct if the following hold:  The $$$x_i$$$-th element in the array is $$$k_i$$$.  If Bessie calls the binary search as shown in the above code for $$$k_i$$$, it will return $$$x_i$$$. It might not be possible for all $$$m$$$ tests to be correct on the same array, so Farmer John will remove some of them so Bessie can AC. Let $$$r$$$ be the minimum of tests removed so that there exists an array $$$[a_1, a_2,\ldots,a_n]$$$ with $$$1 \leq a_i \leq n$$$ so that all remaining tests are correct. In addition to finding $$$r$$$, Farmer John wants you to count the number of arrays $$$[a_1, a_2,\ldots,a_n]$$$ with $$$1 \leq a_i \leq n$$$ such that there exists a way to remove exactly $$$r$$$ tests so that all the remaining tests are correct. Since this number may be very large, please find it modulo $$$998\,244\,353$$$.InputThe first line contains a single integer $$$t$$$ ($$$1 \le t \le 10^4$$$) — the number of test cases.The first line of each test case contains two integers $$$n$$$ and $$$m$$$ ($$$1 \leq m \leq n \leq 3 \cdot 10^5$$$) denoting the number of the array and the number of tests.The following $$$m$$$ lines each contain two integers, describing the tests. The $$$i$$$-th line contains two integers $$$x_i$$$ and $$$k_i$$$ ($$$1 \leq x_i, k_i \leq n$$$) denoting the index and value of the test. It is guaranteed all $$$x_i$$$ are distinct and all $$$k_i$$$ are distinct.It is guaranteed the sum of $$$n$$$ across all test cases does not exceed $$$10^6$$$.OutputFor each test case, output two integers, $$$r$$$ — the minimum of tests removed so that there exists an array so that all remaining tests are correct, and the number of arrays such that it is possible to remove $$$r$$$ tests to make all remaining tests correct modulo $$$998\,244\,353$$$.ExamplesInput
25 41 12 24 35 45 45 42 51 23 3Output
0 1
1 3
Input
36 61 32 53 14 25 46 630 819 226 1212 128 273 414 2529 1411 15300000 15 10Output
3 78
3 839271911
0 702730519
NoteConsider the first example.In the first test case, the array $$$[1,2,2,3,4]$$$ satisfies all $$$m$$$ tests, so the minimum number of tests Bessie has to remove is $$$0$$$. Note that this is also the only array that satisfies all $$$m$$$ tests. In the second test case, the minimum number of tests Bessie has to remove is $$$1$$$. The only test Bessie can remove is $$$(2,5)$$$. If Bessie removes test $$$(2,5)$$$, then the arrays satisfying the remaining $$$m-1$$$ tests are $$$[2,2,3,1,4]$$$, $$$[2,2,3,2,4]$$$, $$$[2,2,3,3,4]$$$."
2035,G1,Go Learn! (Easy Version),PROGRAMMING,2250.0,"dp, trees",N/A,N/A,"G1. Go Learn! (Easy Version)time limit per test5 secondsmemory limit per test256 megabytesinputstandard inputoutputstandard outputThe differences between the easy and hard versions are the constraints on $$$n$$$ and the sum of $$$n$$$. In this version, $$$n \leq 3000$$$ and the sum of $$$n$$$ does not exceed $$$10^4$$$. You can only make hacks if both versions are solved. Well, well, well, let's see how Bessie is managing her finances. She seems to be in the trenches! Fortunately, she is applying for a job at Moogle to resolve this issue. Moogle interviews require intensive knowledge of obscure algorithms and complex data structures, but Bessie received a tip-off from an LGM on exactly what she has to go learn.Bessie wrote the following code to binary search for a certain element $$$k$$$ in a possibly unsorted array $$$[a_1, a_2,\ldots,a_n]$$$ with $$$n$$$ elements.let l = 1let h = nwhile l < h:  let m = floor((l + h) / 2)  if a[m] < k:    l = m + 1  else:    h = mreturn lBessie submitted her code to Farmer John's problem with $$$m$$$ ($$$1 \leq m \leq n$$$) tests. The $$$i$$$-th test is of the form $$$(x_i, k_i)$$$ ($$$1 \leq x, k \leq n$$$). It is guaranteed all the $$$x_i$$$ are distinct and all the $$$k_i$$$ are distinct.Test $$$i$$$ is correct if the following hold:  The $$$x_i$$$-th element in the array is $$$k_i$$$.  If Bessie calls the binary search as shown in the above code for $$$k_i$$$, it will return $$$x_i$$$. It might not be possible for all $$$m$$$ tests to be correct on the same array, so Farmer John will remove some of them so Bessie can AC. Let $$$r$$$ be the minimum of tests removed so that there exists an array $$$[a_1, a_2,\ldots,a_n]$$$ with $$$1 \leq a_i \leq n$$$ so that all remaining tests are correct. In addition to finding $$$r$$$, Farmer John wants you to count the number of arrays $$$[a_1, a_2,\ldots,a_n]$$$ with $$$1 \leq a_i \leq n$$$ such that there exists a way to remove exactly $$$r$$$ tests so that all the remaining tests are correct. Since this number may be very large, please find it modulo $$$998\,244\,353$$$.InputThe first line contains a single integer $$$t$$$ ($$$1 \le t \le 10^4$$$) — the number of test cases.The first line of each test case contains two integers $$$n$$$ and $$$m$$$ ($$$1 \leq m \leq n \leq 3000$$$) denoting the number of the array and the number of tests.The following $$$m$$$ lines each contain two integers, describing the tests. The $$$i$$$-th line contains two integers $$$x_i$$$ and $$$k_i$$$ ($$$1 \leq x_i, k_i \leq n$$$) denoting the index and value of the test. It is guaranteed all $$$x_i$$$ are distinct and all $$$k_i$$$ are distinct.It is guaranteed the sum of $$$n$$$ across all test cases does not exceed $$$10^4$$$.OutputFor each test case, output two integers, $$$r$$$ — the minimum of tests removed so that there exists an array so that all remaining tests are correct, and the number of arrays such that it is possible to remove $$$r$$$ tests to make all remaining tests correct modulo $$$998\,244\,353$$$.ExamplesInput
25 41 12 24 35 45 45 42 51 23 3Output
0 1
1 3
Input
26 61 32 53 14 25 46 630 819 226 1212 128 273 414 2529 1411 15Output
3 78
3 839271911
NoteConsider the first example.In the first test case, the array $$$[1,2,2,3,4]$$$ satisfies all $$$m$$$ tests, so the minimum number of tests Bessie has to remove is $$$0$$$. Note that this is also the only array that satisfies all $$$m$$$ tests. In the second test case, the minimum number of tests Bessie has to remove is $$$1$$$. The only test Bessie can remove is $$$(2,5)$$$. If Bessie removes test $$$(2,5)$$$, then the arrays satisfying the remaining $$$m-1$$$ tests are $$$[2,2,3,1,4]$$$, $$$[2,2,3,2,4]$$$, $$$[2,2,3,3,4]$$$."
2035,F,Tree Operations,PROGRAMMING,2250.0,"binary search, brute force, dfs and similar, dp, trees",N/A,N/A,"F. Tree Operationstime limit per test4 secondsmemory limit per test256 megabytesinputstandard inputoutputstandard outputThis really says a lot about our society.One day, a turtle gives you a tree with $$$n$$$ nodes rooted at node $$$x$$$. Each node has an initial nonnegative value; the $$$i$$$-th node has starting value $$$a_i$$$.You want to make the values of all nodes equal to $$$0$$$. To do so, you will perform a series of operations on the tree, where each operation will be performed on a certain node. Define an operation on node $$$u$$$ as choosing a single node in $$$u$$$'s subtree$$$^{\text{∗}}$$$ and incrementing or decrementing its value by $$$1$$$. The order in which operations are performed on nodes is as follows:  For $$$1 \le i \le n$$$, the $$$i$$$-th operation will be performed on node $$$i$$$.  For $$$i > n$$$, the $$$i$$$-th operation will be performed on the same node as operation $$$i - n$$$. More formally, the $$$i$$$-th operation will be performed on the $$$(((i - 1) \bmod n) + 1)$$$-th node.$$$^{\text{†}}$$$Note that you cannot skip over operations; that is, you cannot perform the $$$i$$$-th operation without first performing operations $$$1, 2, \ldots, i - 1$$$.Find the minimum number of operations you must perform before you can make the values of all nodes equal to $$$0$$$, assuming you pick operations optimally. If it's impossible to make the values of all nodes equal to $$$0$$$ after finite operations, output $$$-1$$$.$$$^{\text{∗}}$$$The subtree of a node $$$u$$$ is the set of nodes for which $$$u$$$ lies on the shortest path from this node to the root, including $$$u$$$ itself.$$$^{\text{†}}$$$Here, $$$a \bmod b$$$ denotes the remainder from dividing $$$a$$$ by $$$b$$$.InputThe first line contains a single integer $$$t$$$ ($$$1\le t\le 100$$$) — the number of test cases.The first line of each test case contains two integers $$$n$$$ and $$$x$$$ ($$$1 \le n \le 2000$$$, $$$1 \le x \le n$$$) — the number of nodes and the root of the tree.The second line of each test case contains $$$n$$$ integers $$$a_1, a_2, \ldots, a_n$$$ ($$$0 \le a_i \le 10^9$$$) — the starting value of each node.Each of the next $$$n - 1$$$ lines of each test case contains two integers $$$u$$$ and $$$v$$$ ($$$1 \le u, v \le n$$$, $$$u \neq v$$$) representing an undirected edge from $$$u$$$ to $$$v$$$. It is guaranteed that the given edges form a tree.It is guaranteed that the sum of $$$n$$$ over all test cases does not exceed $$$2000$$$.OutputFor each test case, output a single integer denoting the minimum amount of operations needed to make all nodes $$$0$$$. If it's impossible to make all nodes $$$0$$$, output $$$-1$$$.ExampleInput
52 11 21 23 22 1 32 13 24 11 1 0 11 22 31 412 614 4 5 6 12 9 5 11 6 2 1 123 910 66 124 33 15 119 75 61 82 85 11 10Output
3
6
5
145
0
NoteIn the first test case, you can make the following valid sequence of operations:   For operation $$$1$$$, decrease the value of node $$$1$$$. This is valid because $$$(((1 - 1) \bmod n) + 1) = 1$$$, and node $$$1$$$ is in the subtree of node $$$1$$$.  For operation $$$2$$$, decrease the value of node $$$2$$$. This is valid because $$$(((2 - 1) \bmod n) + 1) = 2$$$, and node $$$2$$$ is in the subtree of node $$$2$$$.  For operation $$$3$$$, decrease the value of node $$$2$$$. This is valid because $$$(((3 - 1) \bmod n) + 1) = 1$$$, and node $$$2$$$ is in the subtree of node $$$1$$$."
2035,E,Monster,PROGRAMMING,2000.0,"binary search, brute force, constructive algorithms, implementation, math",N/A,N/A,"E. Monstertime limit per test2 secondsmemory limit per test256 megabytesinputstandard inputoutputstandard outputMan, this Genshin boss is so hard. Good thing they have a top-up of $$$6$$$ coins for only $$$ \$4.99$$$. I should be careful and spend no more than I need to, lest my mom catches me...You are fighting a monster with $$$z$$$ health using a weapon with $$$d$$$ damage. Initially, $$$d=0$$$. You can perform the following operations.  Increase $$$d$$$ — the damage of your weapon by $$$1$$$, costing $$$x$$$ coins.  Attack the monster, dealing $$$d$$$ damage and costing $$$y$$$ coins. You cannot perform the first operation for more than $$$k$$$ times in a row.Find the minimum number of coins needed to defeat the monster by dealing at least $$$z$$$ damage.InputThe first line contains a single integer $$$t$$$ ($$$1\le t\le 100$$$) — the number of test cases.The only line of each test case contains 4 integers $$$x$$$, $$$y$$$, $$$z$$$, and $$$k$$$ ($$$1\leq x, y, z, k\leq 10^8$$$) — the first operation's cost, the second operation's cost, the monster's health, and the limitation on the first operation.OutputFor each test case, output the minimum number of coins needed to defeat the monster.ExampleInput
42 3 5 510 20 40 51 60 100 1060 1 100 10Output
12
190
280
160
NoteIn the first test case, $$$x = 2$$$, $$$y = 3$$$, $$$z = 5$$$, and $$$k = 5$$$. Here's a strategy that achieves the lowest possible cost of $$$12$$$ coins:   Increase damage by $$$1$$$, costing $$$2$$$ coins.  Increase damage by $$$1$$$, costing $$$2$$$ coins.  Increase damage by $$$1$$$, costing $$$2$$$ coins.  Attack the monster, dealing $$$3$$$ damage, costing $$$3$$$ coins.  Attack the monster, dealing $$$3$$$ damage, costing $$$3$$$ coins. You deal a total of $$$3 + 3 = 6$$$ damage, defeating the monster who has $$$5$$$ health. The total number of coins you use is $$$2 + 2 + 2 + 3 + 3 = 12$$$ coins. In the second test case, $$$x = 10$$$, $$$y = 20$$$, $$$z = 40$$$, and $$$k = 5$$$. Here's a strategy that achieves the lowest possible cost of $$$190$$$ coins:   Increase damage by $$$5$$$, costing $$$5\cdot x$$$ = $$$50$$$ coins.  Attack the monster once, dealing $$$5$$$ damage, costing $$$20$$$ coins.  Increase damage by $$$2$$$, costing $$$2\cdot x$$$ = $$$20$$$ coins.  Attack the monster $$$5$$$ times, dealing $$$5\cdot 7 = 35$$$ damage, costing $$$5\cdot y$$$ = $$$100$$$ coins. You deal a total of $$$5 + 35 = 40$$$ damage, defeating the monster who has exactly $$$40$$$ health. The total number of coins you use is $$$50 + 20 + 20 + 100 = 190$$$ coins."
2035,D,Yet Another Real Number Problem,PROGRAMMING,1500.0,"data structures, greedy, math",N/A,N/A,"D. Yet Another Real Number Problemtime limit per test2 secondsmemory limit per test256 megabytesinputstandard inputoutputstandard outputThree r there are's in strawberry.You are given an array $$$b$$$ of length $$$m$$$. You can perform the following operation any number of times (possibly zero):   Choose two distinct indices $$$i$$$ and $$$j$$$ where $$$\bf{1\le i < j\le m}$$$ and $$$b_i$$$ is even, divide $$$b_i$$$ by $$$2$$$ and multiply $$$b_j$$$ by $$$2$$$.  Your task is to maximize the sum of the array after performing any number of such operations. Since it could be large, output this sum modulo $$$10^9+7$$$.Since this problem is too easy, you are given an array $$$a$$$ of length $$$n$$$ and need to solve the problem for each prefix of $$$a$$$.In other words, denoting the maximum sum of $$$b$$$ after performing any number of such operations as $$$f(b)$$$, you need to output $$$f([a_1])$$$, $$$f([a_1,a_2])$$$, $$$\ldots$$$, $$$f([a_1,a_2,\ldots,a_n])$$$ modulo $$$10^9+7$$$ respectively.InputThe first line contains a single integer $$$t$$$ ($$$1\le t\le 10^4$$$) — the number of test cases.The first line of each test case contains a single integer $$$n$$$ ($$$1 \le n \le 2 \cdot 10^5$$$) — the length of $$$a$$$.The second line contains $$$n$$$ integers $$$a_1, a_2, \ldots, a_n$$$ ($$$1 \le a_i \le 10^9$$$) — the starting values of array $$$a$$$.It is guaranteed that the sum of $$$n$$$ over all test cases will not exceed $$$2 \cdot 10^5$$$.OutputFor each test case, output $$$n$$$ integers representing the answer for each prefix of $$$a$$$ modulo $$$10^9+7$$$.ExampleInput
3101 2 3 4 5 6 7 8 9 10111 6 9 4 7 4 4 10 3 2 34527792568 502211460 850237282 374773208Output
1 3 8 13 46 59 126 149 1174 1311 
1 7 22 26 70 74 150 1303 1306 1308 1568 
527792568 83665723 399119771 773892979 
NoteFor each prefix in the first example, a possible array after operations is:   $$$[1]$$$ and the sum is $$$1$$$;  $$$[1, 2]$$$ and the sum is $$$3$$$;  $$$[1, 1, 6]$$$ and the sum is $$$8$$$;  $$$[1, 1, 3, 8]$$$ and the sum is $$$13$$$;  $$$[1, 1, 3, 1, 40]$$$ and the sum is $$$46$$$;  $$$[1, 1, 3, 1, 5, 48]$$$ and the sum is $$$59$$$;  $$$[1, 1, 3, 1, 5, 3, 112]$$$ and the sum is $$$126$$$;  $$$[1, 1, 3, 1, 5, 3, 7, 128]$$$ and the sum is $$$149$$$;  $$$[1, 1, 3, 1, 5, 3, 7, 1, 1152]$$$ and the sum is $$$1174$$$;  $$$[1, 1, 3, 1, 5, 3, 7, 1, 9, 1280]$$$ and the sum is $$$1311$$$."
2035,C,Alya and Permutation,PROGRAMMING,1000.0,"bitmasks, constructive algorithms, math",N/A,N/A,"C. Alya and Permutationtime limit per test2 secondsmemory limit per test256 megabytesinputstandard inputoutputstandard outputAlya has been given a hard problem. Unfortunately, she is too busy running for student council. Please solve this problem for her.Given an integer $$$n$$$, construct a permutation $$$p$$$ of integers $$$1, 2, \ldots, n$$$ that maximizes the value of $$$k$$$ (which is initially $$$0$$$) after the following process.Perform $$$n$$$ operations, on the $$$i$$$-th operation ($$$i=1, 2, \dots, n$$$),  If $$$i$$$ is odd, $$$k=k\,\&\,p_i$$$, where $$$\&$$$ denotes the bitwise AND operation.  If $$$i$$$ is even, $$$k=k\,|\,p_i$$$, where $$$|$$$ denotes the bitwise OR operation. InputThe first line contains a single integer $$$t$$$ ($$$1\le t\le 500$$$) — the number of test cases.The only line of each test case contains a single integer $$$n$$$ ($$$5\le n\le 2 \cdot 10^5$$$) — the length of the permutation.It is guaranteed that the sum of $$$n$$$ over all test cases does not exceed $$$2 \cdot 10^5$$$.OutputFor each test case, output the maximum value of $$$k$$$ in the first line and output the permutation $$$p_1, p_2,\ldots, p_n$$$ in the second line.If there are multiple such permutations, output any.ExampleInput
65678910Output
5
2 1 3 4 5 
7
1 2 4 6 5 3 
7
2 4 5 1 3 6 7 
15
2 4 5 1 3 6 7 8 
9
2 4 5 6 7 1 3 8 9 
15
1 2 3 4 5 6 8 10 9 7 
NoteFor the first test case, the value of $$$k$$$ is determined as follows:$$$k = 0$$$ initially. On the $$$1$$$st operation, $$$1$$$ is odd, so Alya sets $$$k$$$ to be $$$k\&p_1 = 0\&2 = 0$$$. On the $$$2$$$nd operation, $$$2$$$ is even, so Alya sets $$$k$$$ to be $$$k|p_2 = 0|1 = 1$$$. On the $$$3$$$rd operation, $$$3$$$ is odd, so Alya sets $$$k$$$ to be $$$k\&p_3 = 1\&3 = 1$$$. On the $$$4$$$th operation, $$$4$$$ is even, so Alya sets $$$k$$$ to be $$$k|p_4 = 1|4 = 5$$$. On the $$$5$$$th operation, $$$5$$$ is odd, so Alya sets $$$k$$$ to be $$$k\&p_5 = 5\&5 = 5$$$.The final value of $$$k$$$ is $$$5$$$. It can be shown that the final value of $$$k$$$ is at most $$$5$$$ for all permutations of length $$$5$$$. Another valid output is $$$[2, 3, 1, 4, 5]$$$.For the second test case, the final value of $$$k$$$ is $$$7$$$. It can be shown that the final value of $$$k$$$ is at most $$$7$$$ for all permutations of length $$$6$$$. Other valid outputs include $$$[2, 4, 1, 6, 3, 5]$$$ and $$$[5, 2, 6, 1, 3, 4]$$$."
2035,B,Everyone Loves Tres,PROGRAMMING,500.0,"constructive algorithms, greedy, math, number theory",N/A,N/A,"B. Everyone Loves Trestime limit per test1 secondmemory limit per test256 megabytesinputstandard inputoutputstandard outputThere are 3 heroes and 3 villains, so 6 people in total.Given a positive integer $$$n$$$. Find the smallest integer whose decimal representation has length $$$n$$$ and consists only of $$$3$$$s and $$$6$$$s such that it is divisible by both $$$33$$$ and $$$66$$$. If no such integer exists, print $$$-1$$$.InputThe first line contains a single integer $$$t$$$ ($$$1\le t\le 500$$$) — the number of test cases.The only line of each test case contains a single integer $$$n$$$ ($$$1\le n\le 500$$$) — the length of the decimal representation.OutputFor each test case, output the smallest required integer if such an integer exists and $$$-1$$$ otherwise.ExampleInput
6123457Output
-1
66
-1
3366
36366
3336366
NoteFor $$$n=1$$$, no such integer exists as neither $$$3$$$ nor $$$6$$$ is divisible by $$$33$$$.For $$$n=2$$$, $$$66$$$ consists only of $$$6$$$s and it is divisible by both $$$33$$$ and $$$66$$$.For $$$n=3$$$, no such integer exists. Only $$$363$$$ is divisible by $$$33$$$, but it is not divisible by $$$66$$$.For $$$n=4$$$, $$$3366$$$ and $$$6666$$$ are divisible by both $$$33$$$ and $$$66$$$, and $$$3366$$$ is the smallest."
2035,A,Sliding,PROGRAMMING,250.0,"implementation, math",N/A,N/A,"A. Slidingtime limit per test1 secondmemory limit per test256 megabytesinputstandard inputoutputstandard outputRed was ejected. They were not the imposter.There are $$$n$$$ rows of $$$m$$$ people. Let the position in the $$$r$$$-th row and the $$$c$$$-th column be denoted by $$$(r, c)$$$. Number each person starting from $$$1$$$ in row-major order, i.e., the person numbered $$$(r-1)\cdot m+c$$$ is initially at $$$(r,c)$$$.The person at $$$(r, c)$$$ decides to leave. To fill the gap, let the person who left be numbered $$$i$$$. Each person numbered $$$j>i$$$ will move to the position where the person numbered $$$j-1$$$ is initially at. The following diagram illustrates the case where $$$n=2$$$, $$$m=3$$$, $$$r=1$$$, and $$$c=2$$$.   Calculate the sum of the Manhattan distances of each person's movement. If a person was initially at $$$(r_0, c_0)$$$ and then moved to $$$(r_1, c_1)$$$, the Manhattan distance is $$$|r_0-r_1|+|c_0-c_1|$$$.InputThe first line contains a single integer $$$t$$$ ($$$1\le t\le 10^4$$$) — the number of test cases.The only line of each testcase contains $$$4$$$ integers $$$n$$$, $$$m$$$, $$$r$$$, and $$$c$$$ ($$$1\le r\le n\le 10^6$$$, $$$1 \le c \le m \le 10^6$$$), where $$$n$$$ is the number of rows, $$$m$$$ is the number of columns, and $$$(r,c)$$$ is the position where the person who left is initially at.OutputFor each test case, output a single integer denoting the sum of the Manhattan distances.ExampleInput
42 3 1 22 2 2 11 1 1 11000000 1000000 1 1Output
6
1
0
1999998000000
NoteFor the first test case, the person numbered $$$2$$$ leaves, and the distances of the movements of the person numbered $$$3$$$, $$$4$$$, $$$5$$$, and $$$6$$$ are $$$1$$$, $$$3$$$, $$$1$$$, and $$$1$$$, respectively. So the answer is $$$1+3+1+1=6$$$.For the second test case, the person numbered $$$3$$$ leaves, and the person numbered $$$4$$$ moves. The answer is $$$1$$$."
2033,G,Sakurako and Chefir,PROGRAMMING,0,"data structures, dfs and similar, dp, greedy, trees",N/A,N/A,"G. Sakurako and Chefirtime limit per test4 secondsmemory limit per test256 megabytesinputstandard inputoutputstandard outputGiven a tree with $$$n$$$ vertices rooted at vertex $$$1$$$. While walking through it with her cat Chefir, Sakurako got distracted, and Chefir ran away.To help Sakurako, Kosuke recorded his $$$q$$$ guesses. In the $$$i$$$-th guess, he assumes that Chefir got lost at vertex $$$v_i$$$ and had $$$k_i$$$ stamina.Also, for each guess, Kosuke assumes that Chefir could move along the edges an arbitrary number of times:  from vertex $$$a$$$ to vertex $$$b$$$, if $$$a$$$ is an ancestor$$$^{\text{∗}}$$$ of $$$b$$$, the stamina will not change;  from vertex $$$a$$$ to vertex $$$b$$$, if $$$a$$$ is not an ancestor of $$$b$$$, then Chefir's stamina decreases by $$$1$$$. If Chefir's stamina is $$$0$$$, he cannot make a move of the second type.For each assumption, your task is to find the distance to the farthest vertex that Chefir could reach from vertex $$$v_i$$$, having $$$k_i$$$ stamina.$$$^{\text{∗}}$$$Vertex $$$a$$$ is an ancestor of vertex $$$b$$$ if the shortest path from $$$b$$$ to the root passes through $$$a$$$.InputThe first line contains a single integer $$$t$$$ ($$$1\le t\le 10^4$$$) — the number of test cases.Each test case is described as follows:  The first line contains a single integer $$$n$$$ ($$$2 \le n \le 2 \cdot 10^5$$$) — the number of vertices in the tree. The next $$$n-1$$$ lines contain the edges of the tree. It is guaranteed that the given edges form a tree. The next line consists of a single integer $$$q$$$ $$$(1\le q\le 2 \cdot 10^5)$$$, which denotes the number of guesses made by Kosuke. The next $$$q$$$ lines describe the guesses made by Kosuke, with two integers $$$v_i$$$, $$$k_i$$$ $$$(1\le v_i \le n, 0 \le k_i\le n)$$$. It is guaranteed that the sum of $$$n$$$ and the sum of $$$q$$$ across all test cases does not exceed $$$2\cdot 10^5$$$.OutputFor each test case and for each guess, output the maximum distance to the farthest vertex that Chefir could reach from the starting point $$$v_i$$$ having $$$k_i$$$ stamina.ExampleInput
351 22 33 43 535 13 12 098 11 71 47 34 93 21 53 676 02 36 28 22 49 26 362 12 52 45 64 333 11 36 5Output
2 1 2 
0 5 2 4 5 5 5 
1 3 4 
NoteIn the first example:  In the first query, you can go from vertex $$$5$$$ to vertex $$$3$$$ (after which your stamina will decrease by $$$1$$$ and become $$$0$$$), and then you can go to vertex $$$4$$$;  In the second query, from vertex $$$3$$$ with $$$1$$$ stamina, you can only reach vertices $$$2$$$, $$$3$$$, $$$4$$$, and $$$5$$$;  In the third query, from vertex $$$2$$$ with $$$0$$$ stamina, you can only reach vertices $$$2$$$, $$$3$$$, $$$4$$$, and $$$5$$$;"
2033,F,Kosuke's Sloth,PROGRAMMING,0,"brute force, math, number theory",N/A,N/A,"F. Kosuke's Slothtime limit per test1 secondmemory limit per test256 megabytesinputstandard inputoutputstandard outputKosuke is too lazy. He will not give you any legend, just the task:Fibonacci numbers are defined as follows:  $$$f(1)=f(2)=1$$$.  $$$f(n)=f(n-1)+f(n-2)$$$ $$$(3\le n)$$$  We denote $$$G(n,k)$$$ as an index of the $$$n$$$-th Fibonacci number that is divisible by $$$k$$$. For given $$$n$$$ and $$$k$$$, compute $$$G(n,k)$$$.As this number can be too big, output it by modulo $$$10^9+7$$$.For example: $$$G(3,2)=9$$$ because the $$$3$$$-rd Fibonacci number that is divisible by $$$2$$$ is $$$34$$$. $$$[1,1,\textbf{2},3,5,\textbf{8},13,21,\textbf{34}]$$$.InputThe first line of the input data contains a single integer $$$t$$$ ($$$1 \le t \le 10^4$$$) — the number of test cases.The first and only line contains two integers $$$n$$$ and $$$k$$$ ($$$1 \le n \le 10^{18}$$$, $$$1 \le k \le 10^5$$$).It is guaranteed that the sum of $$$k$$$ across all test cases does not exceed $$$10^6$$$.OutputFor each test case, output the only number: the value $$$G(n,k)$$$ taken by modulo $$$10^9+7$$$.ExampleInput
33 2100 11000000000000 1377Output
9
100
999244007"
2033,E,"Sakurako, Kosuke, and the Permutation",PROGRAMMING,0,"brute force, data structures, dfs and similar, dsu, graphs, greedy, math",N/A,N/A,"E. Sakurako, Kosuke, and the Permutationtime limit per test2 secondsmemory limit per test256 megabytesinputstandard inputoutputstandard outputSakurako's exams are over, and she did excellently. As a reward, she received a permutation $$$p$$$. Kosuke was not entirely satisfied because he failed one exam and did not receive a gift. He decided to sneak into her room (thanks to the code for her lock) and spoil the permutation so that it becomes simple.A permutation $$$p$$$ is considered simple if for every $$$i$$$ $$$(1\le i \le n)$$$ one of the following conditions holds:  $$$p_i=i$$$  $$$p_{p_i}=i$$$ For example, the permutations $$$[1, 2, 3, 4]$$$, $$$[5, 2, 4, 3, 1]$$$, and $$$[2, 1]$$$ are simple, while $$$[2, 3, 1]$$$ and $$$[5, 2, 1, 4, 3]$$$ are not.In one operation, Kosuke can choose indices $$$i,j$$$ $$$(1\le i,j\le n)$$$ and swap the elements $$$p_i$$$ and $$$p_j$$$.Sakurako is about to return home. Your task is to calculate the minimum number of operations that Kosuke needs to perform to make the permutation simple.InputThe first line contains one integer $$$t$$$ ($$$1\le t\le 10^4$$$) — the number of test cases.Each test case is described by two lines.  The first line contains one integer $$$n$$$ ($$$1\le n \le 10^6$$$) — the length of the permutation $$$p$$$.  The second line contains $$$n$$$ integers $$$p_i$$$ ($$$1\le p_i\le n$$$) — the elements of the permutation $$$p$$$. It is guaranteed that the sum of $$$n$$$ across all test cases does not exceed $$$10^6$$$.It is guaranteed that $$$p$$$ is a permutation.OutputFor each test case, output the minimum number of operations that Kosuke needs to perform to make the permutation simple.ExampleInput
651 2 3 4 555 4 3 2 152 3 4 5 142 3 4 131 3 272 3 1 5 6 7 4Output
0
0
2
1
0
2
NoteIn the first and second examples, the permutations are already simple.In the fourth example, it is sufficient to swap $$$p_2$$$ and $$$p_4$$$. Thus, the permutation will become $$$[2, 1, 4, 3]$$$ in $$$1$$$ operation."
2033,D,Kousuke's Assignment,PROGRAMMING,0,"data structures, dp, dsu, greedy, math",N/A,N/A,"D. Kousuke's Assignmenttime limit per test2 secondsmemory limit per test256 megabytesinputstandard inputoutputstandard outputAfter a trip with Sakurako, Kousuke was very scared because he forgot about his programming assignment. In this assignment, the teacher gave him an array $$$a$$$ of $$$n$$$ integers and asked him to calculate the number of non-overlapping segments of the array $$$a$$$, such that each segment is considered beautiful.A segment $$$[l,r]$$$ is considered beautiful if $$$a_l + a_{l+1} + \dots + a_{r-1} + a_r=0$$$.For a fixed array $$$a$$$, your task is to compute the maximum number of non-overlapping beautiful segments.InputThe first line of input contains the number $$$t$$$ ($$$1 \le t \le 10^4$$$) — the number of test cases. Each test case consists of $$$2$$$ lines.   The first line contains one integer $$$n$$$ ($$$1 \le n \le 10^5$$$) — the length of the array. The second line contains $$$n$$$ integers $$$a_i$$$ ($$$-10^5 \le a_i \le 10^5$$$) — the elements of the array $$$a$$$. It is guaranteed that the sum of $$$n$$$ across all test cases does not exceed $$$3\cdot 10^5$$$.OutputFor each test case, output a single integer: the maximum number of non-overlapping beautiful segments.ExampleInput
352 1 -3 2 1712 -4 4 43 -3 -5 860 -4 0 3 0 1Output
1
2
3"
2033,C,Sakurako's Field Trip,PROGRAMMING,0,"dp, greedy, two pointers",N/A,N/A,"C. Sakurako's Field Triptime limit per test2 secondsmemory limit per test256 megabytesinputstandard inputoutputstandard outputEven in university, students need to relax. That is why Sakurakos teacher decided to go on a field trip. It is known that all of the students will be walking in one line. The student with index $$$i$$$ has some topic of interest which is described as $$$a_i$$$. As a teacher, you want to minimise the disturbance of the line of students.The disturbance of the line is defined as the number of neighbouring people with the same topic of interest. In other words, disturbance is the number of indices $$$j$$$ ($$$1 \le j < n$$$) such that $$$a_j = a_{j + 1}$$$.In order to do this, you can choose index $$$i$$$ ($$$1\le i\le n$$$) and swap students at positions $$$i$$$ and $$$n-i+1$$$. You can perform any number of swaps.Your task is to determine the minimal amount of disturbance that you can achieve by doing the operation described above any number of times.InputThe first line contains one integer $$$t$$$ ($$$1\le t\le 10^4$$$) — the number of test cases.Each test case is described by two lines.  The first line contains one integer $$$n$$$ ($$$2 \le n \le 10^5$$$) — the length of the line of students.  The second line contains $$$n$$$ integers $$$a_i$$$ ($$$1\le a_i\le n$$$) — the topics of interest of students in line. It is guaranteed that the sum of $$$n$$$ across all test cases does not exceed $$$2\cdot 10^5$$$.OutputFor each test case, output the minimal possible disturbance of the line that you can achieve.ExampleInput
951 1 1 2 362 1 2 2 1 141 2 1 162 1 1 2 2 442 1 2 361 2 2 1 2 154 5 5 1 571 4 3 5 1 1 373 1 3 2 2 3 3Output
1
2
1
0
0
1
1
0
2
NoteIn the first example, it is necessary to apply the operation to $$$i=2$$$, thus the array will become $$$[1, \textbf{2}, 1, \textbf{1}, 3]$$$, with the bold elements indicating those that have swapped places. The disturbance of this array is equal to $$$1$$$.In the fourth example, it is sufficient to apply the operation to $$$i=3$$$, thus the array will become $$$[2, 1, \textbf{2}, \textbf{1}, 2, 4]$$$. The disturbance of this array is equal to $$$0$$$.In the eighth example, it is sufficient to apply the operation to $$$i=3$$$, thus the array will become $$$[1, 4, \textbf{1}, 5, \textbf{3}, 1, 3]$$$. The disturbance of this array is equal to $$$0$$$."
2033,B,Sakurako and Water,PROGRAMMING,0,"brute force, constructive algorithms, greedy",N/A,N/A,"B. Sakurako and Watertime limit per test2 secondsmemory limit per test256 megabytesinputstandard inputoutputstandard outputDuring her journey with Kosuke, Sakurako and Kosuke found a valley that can be represented as a matrix of size $$$n \times n$$$, where at the intersection of the $$$i$$$-th row and the $$$j$$$-th column is a mountain with a height of $$$a_{i,j}$$$. If $$$a_{i,j} < 0$$$, then there is a lake there.Kosuke is very afraid of water, so Sakurako needs to help him:  With her magic, she can select a square area of mountains and increase the height of each mountain on the main diagonal of that area by exactly one. More formally, she can choose a submatrix with the upper left corner located at $$$(i, j)$$$ and the lower right corner at $$$(p, q)$$$, such that $$$p-i=q-j$$$. She can then add one to each element at the intersection of the $$$(i + k)$$$-th row and the $$$(j + k)$$$-th column, for all $$$k$$$ such that $$$0 \le k \le p-i$$$.Determine the minimum number of times Sakurako must use her magic so that there are no lakes.InputThe first line contains a single integer $$$t$$$ ($$$1 \le t \le 200$$$) — the number of test cases.Each test case is described as follows:   The first line of each test case consists of a single number $$$n$$$ ($$$1 \le n \le 500$$$).  Each of the following $$$n$$$ lines consists of $$$n$$$ integers separated by spaces, which correspond to the heights of the mountains in the valley $$$a$$$ ($$$-10^5 \le a_{i,j} \le 10^5$$$). It is guaranteed that the sum of $$$n$$$ across all test cases does not exceed $$$1000$$$.OutputFor each test case, output the minimum number of times Sakurako will have to use her magic so that all lakes disappear.ExampleInput
4112-1 23 031 2 3-2 1 -10 0 -151 1 -1 -1 3-3 1 4 4 -4-1 -1 3 0 -54 5 3 -3 -13 1 -3 -1 5Output
0
1
4
19"
2033,A,Sakurako and Kosuke,PROGRAMMING,0,"constructive algorithms, implementation, math",N/A,N/A,"A. Sakurako and Kosuketime limit per test1 secondmemory limit per test256 megabytesinputstandard inputoutputstandard outputSakurako and Kosuke decided to play some games with a dot on a coordinate line. The dot is currently located in position $$$x=0$$$. They will be taking turns, and Sakurako will be the one to start. On the $$$i$$$-th move, the current player will move the dot in some direction by $$$2\cdot i-1$$$ units. Sakurako will always be moving the dot in the negative direction, whereas Kosuke will always move it in the positive direction. In other words, the following will happen:  Sakurako will change the position of the dot by $$$-1$$$, $$$x = -1$$$ now  Kosuke will change the position of the dot by $$$3$$$, $$$x = 2$$$ now  Sakurako will change the position of the dot by $$$-5$$$, $$$x = -3$$$ now  $$$\cdots$$$ They will keep on playing while the absolute value of the coordinate of the dot does not exceed $$$n$$$. More formally, the game continues while $$$-n\le x\le n$$$. It can be proven that the game will always end.Your task is to determine who will be the one who makes the last turn.InputThe first line contains one integer $$$t$$$ ($$$1\le t\le 100$$$) — the number of games that Sakurako and Kosuke played.Each game is described by one number $$$n$$$ ($$$1 \le n\le 100$$$) — the number that defines the condition when the game ends.OutputFor each of the $$$t$$$ games, output a line with the result of that game. If Sakurako makes the last turn, output ""Sakurako"" (without quotes); else output ""Kosuke"".ExampleInput
416398Output
Kosuke
Sakurako
Kosuke
Sakurako"
2030,G2,The Destruction of the Universe (Hard Version),PROGRAMMING,1500.0,"combinatorics, math",N/A,N/A,"G2. The Destruction of the Universe (Hard Version)time limit per test4 secondsmemory limit per test512 megabytesinputstandard inputoutputstandard outputThis is the hard version of the problem. In this version, $$$n \leq 10^6$$$. You can only make hacks if both versions of the problem are solved.Orangutans are powerful beings—so powerful that they only need $$$1$$$ unit of time to destroy every vulnerable planet in the universe!There are $$$n$$$ planets in the universe. Each planet has an interval of vulnerability $$$[l, r]$$$, during which it will be exposed to destruction by orangutans. Orangutans can also expand the interval of vulnerability of any planet by $$$1$$$ unit.Specifically, suppose the expansion is performed on planet $$$p$$$ with interval of vulnerability $$$[l_p, r_p]$$$. Then, the resulting interval of vulnerability may be either $$$[l_p - 1, r_p]$$$ or $$$[l_p, r_p + 1]$$$.Given a set of planets, orangutans can destroy all planets if the intervals of vulnerability of all planets in the set intersect at least one common point. Let the score of such a set denote the minimum number of expansions that must be performed.Orangutans are interested in the sum of scores of all non-empty subsets of the planets in the universe. As the answer can be large, output it modulo $$$998\,244\,353$$$.InputThe first line contains an integer $$$t$$$ ($$$1 \leq t \leq 10^4$$$) — the number of test cases.The first line of each test case contains an integer $$$n$$$ ($$$1 \leq n \leq 10^6$$$) — the number of planets in the universe.The following $$$n$$$ lines contain two integers $$$l_i$$$ and $$$r_i$$$ ($$$1 \leq l_i \leq r_i \leq n$$$) — the initial interval of vulnerability of the $$$i$$$-th planet.It is guaranteed that the sum of $$$n$$$ does not exceed $$$10^6$$$ over all test cases.OutputFor each test case, output an integer — the sum of scores to destroy all non-empty subsets of the planets in the universe, modulo $$$998\,244\,353$$$.ExampleInput
331 12 33 341 42 32 41 151 22 33 44 51 5Output
5
6
24
NoteIn the first testcase, there are seven non-empty subsets of planets we must consider:   For each of the subsets $$$\{[1,1]\}, \{[2,3]\}, \{[3,3]\}$$$, the score is $$$0$$$.  For the subset $$$\{[2,3], [3,3]\}$$$, the score is $$$0$$$, because the point $$$3$$$ is already contained in both planets' interval of vulnerability.  For the subset $$$\{[1,1], [2,3]\}$$$, the score is $$$1$$$. By using one operation on changing the interval of vulnerability of the second planet to be $$$[1,3]$$$, the two planets now both have the point $$$1$$$ in their interval.  For the subset $$$\{[1,1], [3,3]\}$$$, the score is $$$2$$$. By using two operations on changing the interval of vulnerability of the first planet to be $$$[1,3]$$$, the two planets now both have the point $$$3$$$ in their interval.  For the subset $$$\{[1,1], [2,3], [3,3]\}$$$, the score is $$$2$$$. By using one operation on changing the interval of vulnerability of the first planet to be $$$[1,2]$$$ and one operation on changing the interval of vulnerability of the third planet to $$$[2,3]$$$, all three planets will have the point $$$2$$$ in their interval. The sum of scores of all non-empty subsets of the first testcase is $$$0 \cdot 4 + 1 \cdot 1 + 2\cdot2 = 5$$$."
2030,G1,The Destruction of the Universe (Easy Version),PROGRAMMING,3000.0,"combinatorics, greedy, math",N/A,N/A,"G1. The Destruction of the Universe (Easy Version)time limit per test4 secondsmemory limit per test512 megabytesinputstandard inputoutputstandard outputThis is the easy version of the problem. In this version, $$$n \leq 5000$$$. You can only make hacks if both versions of the problem are solved.Orangutans are powerful beings—so powerful that they only need $$$1$$$ unit of time to destroy every vulnerable planet in the universe!There are $$$n$$$ planets in the universe. Each planet has an interval of vulnerability $$$[l, r]$$$, during which it will be exposed to destruction by orangutans. Orangutans can also expand the interval of vulnerability of any planet by $$$1$$$ unit.Specifically, suppose the expansion is performed on planet $$$p$$$ with interval of vulnerability $$$[l_p, r_p]$$$. Then, the resulting interval of vulnerability may be either $$$[l_p - 1, r_p]$$$ or $$$[l_p, r_p + 1]$$$.Given a set of planets, orangutans can destroy all planets if the intervals of vulnerability of all planets in the set intersect at least one common point. Let the score of such a set denote the minimum number of expansions that must be performed.Orangutans are interested in the sum of scores of all non-empty subsets of the planets in the universe. As the answer can be large, output it modulo $$$998\,244\,353$$$.InputThe first line contains an integer $$$t$$$ ($$$1 \leq t \leq 1000$$$) — the number of test cases.The first line of each test case contains an integer $$$n$$$ ($$$1 \leq n \leq 5000$$$) — the number of planets in the universe.The following $$$n$$$ lines contain two integers $$$l_i$$$ and $$$r_i$$$ ($$$1 \leq l_i \leq r_i \leq n$$$) — the initial interval of vulnerability of the $$$i$$$-th planet.It is guaranteed that the sum of $$$n$$$ does not exceed $$$5000$$$ over all test cases.OutputFor each test case, output an integer — the sum of scores to destroy all non-empty subsets of the planets in the universe, modulo $$$998\,244\,353$$$.ExampleInput
331 12 33 341 42 32 41 151 22 33 44 51 5Output
5
6
24
NoteIn the first testcase, there are seven non-empty subsets of planets we must consider:   For each of the subsets $$$\{[1,1]\}, \{[2,3]\}, \{[3,3]\}$$$, the score is $$$0$$$.  For the subset $$$\{[2,3], [3,3]\}$$$, the score is $$$0$$$, because the point $$$3$$$ is already contained in both planets' interval of vulnerability.  For the subset $$$\{[1,1], [2,3]\}$$$, the score is $$$1$$$. By using one operation on changing the interval of vulnerability of the second planet to be $$$[1,3]$$$, the two planets now both have the point $$$1$$$ in their interval.  For the subset $$$\{[1,1], [3,3]\}$$$, the score is $$$2$$$. By using two operations on changing the interval of vulnerability of the first planet to be $$$[1,3]$$$, the two planets now both have the point $$$3$$$ in their interval.  For the subset $$$\{[1,1], [2,3], [3,3]\}$$$, the score is $$$2$$$. By using one operation on changing the interval of vulnerability of the first planet to be $$$[1,2]$$$ and one operation on changing the interval of vulnerability of the third planet to $$$[2,3]$$$, all three planets will have the point $$$2$$$ in their interval. The sum of scores of all non-empty subsets of the first testcase is $$$0 \cdot 4 + 1 \cdot 1 + 2\cdot2 = 5$$$."
2035H,Peak Productivity Forces,constructive algorithms,time limit per test,memory limit per test,"H. Peak Productivity Forcestime limit per test3 secondsmemory limit per test256 megabytesinputstandard inputoutputstandard outputI'm peakly productive and this is deep.You are given two permutations$$$^{\text{∗}}$$$ $$$a$$$ and $$$b$$$, both of length $$$n$$$.You can perform the following three-step operation on permutation $$$a$$$:  Choose an index $$$i$$$ ($$$1 \le i \le n$$$). Cyclic shift $$$a_1, a_2, \ldots, a_{i-1}$$$ by $$$1$$$ to the right. If you had chosen $$$i = 1$$$, then this range doesn't exist, and you cyclic shift nothing. Cyclic shift $$$a_{i + 1}, a_{i + 2}, \ldots, a_n$$$ by $$$1$$$ to the right. If you had chosen $$$i = n$$$, then this range doesn't exist, and you cyclic shift nothing.After the operation, $$$a_1,a_2,\ldots, a_{i-2},a_{i-1},a_i,a_{i + 1}, a_{i + 2},\ldots,a_{n-1}, a_n$$$ is transformed into $$$a_{i-1},a_1,\ldots,a_{i-3},a_{i-2},a_i,a_n, a_{i + 1},\ldots,a_{n-2}, a_{n-1}$$$.Here are some examples of operations done on the identity permutation $$$[1,2,3,4,5,6,7]$$$ of length $$$7$$$:   If we choose $$$i = 3$$$, it will become $$$[2, 1, 3, 7, 4, 5, 6]$$$.  If we choose $$$i = 1$$$, it will become $$$[1, 7, 2, 3, 4, 5, 6]$$$.  If we choose $$$i = 7$$$, it will become $$$[6, 1, 2, 3, 4, 5, 7]$$$.  Notably, position $$$i$$$ is not shifted. Find a construction using at most $$$2n$$$ operations to make $$$a$$$ equal to $$$b$$$ or print $$$-1$$$ if it is impossible. The number of operations does not need to be minimized. It can be shown that if it is possible to make $$$a$$$ equal to $$$b$$$, it is possible to do this within $$$2n$$$ operations. $$$^{\text{∗}}$$$A permutation of length $$$n$$$ is an array consisting of $$$n$$$ distinct integers from $$$1$$$ to $$$n$$$ in arbitrary order. For example, $$$[2,3,1,5,4]$$$ is a permutation, but $$$[1,2,2]$$$ is not a permutation ($$$2$$$ appears twice in the array), and $$$[1,3,4]$$$ is also not a permutation ($$$n=3$$$ but there is $$$4$$$ in the array).InputThe first line contains a single integer $$$t$$$ ($$$1 \le t \le 5 \cdot 10^4$$$) — the number of test cases.The first line of each test case contains a single integer $$$n$$$ ($$$1 \le n \le 5 \cdot 10^5$$$) — the lengths of permutations $$$a$$$ and $$$b$$$.The second line of each test case contains $$$n$$$ integers $$$a_1, a_2, \ldots, a_n$$$ ($$$1 \le a_i \le n$$$) — the values of permutation $$$a$$$.The third line of each test case contains $$$n$$$ integers $$$b_1, b_2, \ldots, b_n$$$ ($$$1 \le b_i \le n$$$) — the values of permutation $$$b$$$.It is guaranteed that the sum of $$$n$$$ over all test cases will not exceed $$$5 \cdot 10^5$$$.OutputFor each test case:If there is a sequence of operations to transform $$$a$$$ into $$$b$$$, output a single integer $$$q$$$ ($$$0\le q\le 2n$$$) — the number of operations in the first line and $$$q$$$ integers with the $$$i$$$-th number representing the index of the $$$i$$$-th operation in the second line.If there is no sequence of operations, output $$$-1$$$ in the only line.ExampleInput
411121 22 132 1 33 2 187 8 3 5 4 6 1 22 1 6 4 5 3 8 7Output
0

-1
2
1 3
7
3 4 5 1 2 1 1
NoteIn the first case, you can do no operation since $$$a=b$$$.In the second case, it can be proved $$$a$$$ can not be transformed into $$$b$$$.In the third case, $$$a$$$ is transformed into $$$[2,3,1]$$$ after the first operation and into $$$b$$$ after the second operation."
2035G2,Go Learn! (Hard Version),"divide and conquer, dp",time limit per test,memory limit per test,"G2. Go Learn! (Hard Version)time limit per test5 secondsmemory limit per test256 megabytesinputstandard inputoutputstandard outputThe differences between the easy and hard versions are the constraints on $$$n$$$ and the sum of $$$n$$$. In this version, $$$n \leq 3\cdot 10^5$$$ and the sum of $$$n$$$ does not exceed $$$10^6$$$. You can only make hacks if both versions are solved. Well, well, well, let's see how Bessie is managing her finances. She seems to be in the trenches! Fortunately, she is applying for a job at Moogle to resolve this issue. Moogle interviews require intensive knowledge of obscure algorithms and complex data structures, but Bessie received a tip-off from an LGM on exactly what she has to go learn.Bessie wrote the following code to binary search for a certain element $$$k$$$ in a possibly unsorted array $$$[a_1, a_2,\ldots,a_n]$$$ with $$$n$$$ elements.let l = 1let h = nwhile l < h:  let m = floor((l + h) / 2)  if a[m] < k:    l = m + 1  else:    h = mreturn lBessie submitted her code to Farmer John's problem with $$$m$$$ ($$$1 \leq m \leq n$$$) tests. The $$$i$$$-th test is of the form $$$(x_i, k_i)$$$ ($$$1 \leq x, k \leq n$$$). It is guaranteed all the $$$x_i$$$ are distinct and all the $$$k_i$$$ are distinct.Test $$$i$$$ is correct if the following hold:  The $$$x_i$$$-th element in the array is $$$k_i$$$.  If Bessie calls the binary search as shown in the above code for $$$k_i$$$, it will return $$$x_i$$$. It might not be possible for all $$$m$$$ tests to be correct on the same array, so Farmer John will remove some of them so Bessie can AC. Let $$$r$$$ be the minimum of tests removed so that there exists an array $$$[a_1, a_2,\ldots,a_n]$$$ with $$$1 \leq a_i \leq n$$$ so that all remaining tests are correct. In addition to finding $$$r$$$, Farmer John wants you to count the number of arrays $$$[a_1, a_2,\ldots,a_n]$$$ with $$$1 \leq a_i \leq n$$$ such that there exists a way to remove exactly $$$r$$$ tests so that all the remaining tests are correct. Since this number may be very large, please find it modulo $$$998\,244\,353$$$.InputThe first line contains a single integer $$$t$$$ ($$$1 \le t \le 10^4$$$) — the number of test cases.The first line of each test case contains two integers $$$n$$$ and $$$m$$$ ($$$1 \leq m \leq n \leq 3 \cdot 10^5$$$) denoting the number of the array and the number of tests.The following $$$m$$$ lines each contain two integers, describing the tests. The $$$i$$$-th line contains two integers $$$x_i$$$ and $$$k_i$$$ ($$$1 \leq x_i, k_i \leq n$$$) denoting the index and value of the test. It is guaranteed all $$$x_i$$$ are distinct and all $$$k_i$$$ are distinct.It is guaranteed the sum of $$$n$$$ across all test cases does not exceed $$$10^6$$$.OutputFor each test case, output two integers, $$$r$$$ — the minimum of tests removed so that there exists an array so that all remaining tests are correct, and the number of arrays such that it is possible to remove $$$r$$$ tests to make all remaining tests correct modulo $$$998\,244\,353$$$.ExamplesInput
25 41 12 24 35 45 45 42 51 23 3Output
0 1
1 3
Input
36 61 32 53 14 25 46 630 819 226 1212 128 273 414 2529 1411 15300000 15 10Output
3 78
3 839271911
0 702730519
NoteConsider the first example.In the first test case, the array $$$[1,2,2,3,4]$$$ satisfies all $$$m$$$ tests, so the minimum number of tests Bessie has to remove is $$$0$$$. Note that this is also the only array that satisfies all $$$m$$$ tests. In the second test case, the minimum number of tests Bessie has to remove is $$$1$$$. The only test Bessie can remove is $$$(2,5)$$$. If Bessie removes test $$$(2,5)$$$, then the arrays satisfying the remaining $$$m-1$$$ tests are $$$[2,2,3,1,4]$$$, $$$[2,2,3,2,4]$$$, $$$[2,2,3,3,4]$$$."
2035G1,Go Learn! (Easy Version),"dp, trees",time limit per test,memory limit per test,"G1. Go Learn! (Easy Version)time limit per test5 secondsmemory limit per test256 megabytesinputstandard inputoutputstandard outputThe differences between the easy and hard versions are the constraints on $$$n$$$ and the sum of $$$n$$$. In this version, $$$n \leq 3000$$$ and the sum of $$$n$$$ does not exceed $$$10^4$$$. You can only make hacks if both versions are solved. Well, well, well, let's see how Bessie is managing her finances. She seems to be in the trenches! Fortunately, she is applying for a job at Moogle to resolve this issue. Moogle interviews require intensive knowledge of obscure algorithms and complex data structures, but Bessie received a tip-off from an LGM on exactly what she has to go learn.Bessie wrote the following code to binary search for a certain element $$$k$$$ in a possibly unsorted array $$$[a_1, a_2,\ldots,a_n]$$$ with $$$n$$$ elements.let l = 1let h = nwhile l < h:  let m = floor((l + h) / 2)  if a[m] < k:    l = m + 1  else:    h = mreturn lBessie submitted her code to Farmer John's problem with $$$m$$$ ($$$1 \leq m \leq n$$$) tests. The $$$i$$$-th test is of the form $$$(x_i, k_i)$$$ ($$$1 \leq x, k \leq n$$$). It is guaranteed all the $$$x_i$$$ are distinct and all the $$$k_i$$$ are distinct.Test $$$i$$$ is correct if the following hold:  The $$$x_i$$$-th element in the array is $$$k_i$$$.  If Bessie calls the binary search as shown in the above code for $$$k_i$$$, it will return $$$x_i$$$. It might not be possible for all $$$m$$$ tests to be correct on the same array, so Farmer John will remove some of them so Bessie can AC. Let $$$r$$$ be the minimum of tests removed so that there exists an array $$$[a_1, a_2,\ldots,a_n]$$$ with $$$1 \leq a_i \leq n$$$ so that all remaining tests are correct. In addition to finding $$$r$$$, Farmer John wants you to count the number of arrays $$$[a_1, a_2,\ldots,a_n]$$$ with $$$1 \leq a_i \leq n$$$ such that there exists a way to remove exactly $$$r$$$ tests so that all the remaining tests are correct. Since this number may be very large, please find it modulo $$$998\,244\,353$$$.InputThe first line contains a single integer $$$t$$$ ($$$1 \le t \le 10^4$$$) — the number of test cases.The first line of each test case contains two integers $$$n$$$ and $$$m$$$ ($$$1 \leq m \leq n \leq 3000$$$) denoting the number of the array and the number of tests.The following $$$m$$$ lines each contain two integers, describing the tests. The $$$i$$$-th line contains two integers $$$x_i$$$ and $$$k_i$$$ ($$$1 \leq x_i, k_i \leq n$$$) denoting the index and value of the test. It is guaranteed all $$$x_i$$$ are distinct and all $$$k_i$$$ are distinct.It is guaranteed the sum of $$$n$$$ across all test cases does not exceed $$$10^4$$$.OutputFor each test case, output two integers, $$$r$$$ — the minimum of tests removed so that there exists an array so that all remaining tests are correct, and the number of arrays such that it is possible to remove $$$r$$$ tests to make all remaining tests correct modulo $$$998\,244\,353$$$.ExamplesInput
25 41 12 24 35 45 45 42 51 23 3Output
0 1
1 3
Input
26 61 32 53 14 25 46 630 819 226 1212 128 273 414 2529 1411 15Output
3 78
3 839271911
NoteConsider the first example.In the first test case, the array $$$[1,2,2,3,4]$$$ satisfies all $$$m$$$ tests, so the minimum number of tests Bessie has to remove is $$$0$$$. Note that this is also the only array that satisfies all $$$m$$$ tests. In the second test case, the minimum number of tests Bessie has to remove is $$$1$$$. The only test Bessie can remove is $$$(2,5)$$$. If Bessie removes test $$$(2,5)$$$, then the arrays satisfying the remaining $$$m-1$$$ tests are $$$[2,2,3,1,4]$$$, $$$[2,2,3,2,4]$$$, $$$[2,2,3,3,4]$$$."
2035F,Tree Operations,"binary search, brute force, dfs and similar, dp, trees",time limit per test,memory limit per test,"F. Tree Operationstime limit per test4 secondsmemory limit per test256 megabytesinputstandard inputoutputstandard outputThis really says a lot about our society.One day, a turtle gives you a tree with $$$n$$$ nodes rooted at node $$$x$$$. Each node has an initial nonnegative value; the $$$i$$$-th node has starting value $$$a_i$$$.You want to make the values of all nodes equal to $$$0$$$. To do so, you will perform a series of operations on the tree, where each operation will be performed on a certain node. Define an operation on node $$$u$$$ as choosing a single node in $$$u$$$'s subtree$$$^{\text{∗}}$$$ and incrementing or decrementing its value by $$$1$$$. The order in which operations are performed on nodes is as follows:  For $$$1 \le i \le n$$$, the $$$i$$$-th operation will be performed on node $$$i$$$.  For $$$i > n$$$, the $$$i$$$-th operation will be performed on the same node as operation $$$i - n$$$. More formally, the $$$i$$$-th operation will be performed on the $$$(((i - 1) \bmod n) + 1)$$$-th node.$$$^{\text{†}}$$$Note that you cannot skip over operations; that is, you cannot perform the $$$i$$$-th operation without first performing operations $$$1, 2, \ldots, i - 1$$$.Find the minimum number of operations you must perform before you can make the values of all nodes equal to $$$0$$$, assuming you pick operations optimally. If it's impossible to make the values of all nodes equal to $$$0$$$ after finite operations, output $$$-1$$$.$$$^{\text{∗}}$$$The subtree of a node $$$u$$$ is the set of nodes for which $$$u$$$ lies on the shortest path from this node to the root, including $$$u$$$ itself.$$$^{\text{†}}$$$Here, $$$a \bmod b$$$ denotes the remainder from dividing $$$a$$$ by $$$b$$$.InputThe first line contains a single integer $$$t$$$ ($$$1\le t\le 100$$$) — the number of test cases.The first line of each test case contains two integers $$$n$$$ and $$$x$$$ ($$$1 \le n \le 2000$$$, $$$1 \le x \le n$$$) — the number of nodes and the root of the tree.The second line of each test case contains $$$n$$$ integers $$$a_1, a_2, \ldots, a_n$$$ ($$$0 \le a_i \le 10^9$$$) — the starting value of each node.Each of the next $$$n - 1$$$ lines of each test case contains two integers $$$u$$$ and $$$v$$$ ($$$1 \le u, v \le n$$$, $$$u \neq v$$$) representing an undirected edge from $$$u$$$ to $$$v$$$. It is guaranteed that the given edges form a tree.It is guaranteed that the sum of $$$n$$$ over all test cases does not exceed $$$2000$$$.OutputFor each test case, output a single integer denoting the minimum amount of operations needed to make all nodes $$$0$$$. If it's impossible to make all nodes $$$0$$$, output $$$-1$$$.ExampleInput
52 11 21 23 22 1 32 13 24 11 1 0 11 22 31 412 614 4 5 6 12 9 5 11 6 2 1 123 910 66 124 33 15 119 75 61 82 85 11 10Output
3
6
5
145
0
NoteIn the first test case, you can make the following valid sequence of operations:   For operation $$$1$$$, decrease the value of node $$$1$$$. This is valid because $$$(((1 - 1) \bmod n) + 1) = 1$$$, and node $$$1$$$ is in the subtree of node $$$1$$$.  For operation $$$2$$$, decrease the value of node $$$2$$$. This is valid because $$$(((2 - 1) \bmod n) + 1) = 2$$$, and node $$$2$$$ is in the subtree of node $$$2$$$.  For operation $$$3$$$, decrease the value of node $$$2$$$. This is valid because $$$(((3 - 1) \bmod n) + 1) = 1$$$, and node $$$2$$$ is in the subtree of node $$$1$$$."
2035E,Monster,"binary search, brute force, constructive algorithms, implementation, math",time limit per test,memory limit per test,"E. Monstertime limit per test2 secondsmemory limit per test256 megabytesinputstandard inputoutputstandard outputMan, this Genshin boss is so hard. Good thing they have a top-up of $$$6$$$ coins for only $$$ \$4.99$$$. I should be careful and spend no more than I need to, lest my mom catches me...You are fighting a monster with $$$z$$$ health using a weapon with $$$d$$$ damage. Initially, $$$d=0$$$. You can perform the following operations.  Increase $$$d$$$ — the damage of your weapon by $$$1$$$, costing $$$x$$$ coins.  Attack the monster, dealing $$$d$$$ damage and costing $$$y$$$ coins. You cannot perform the first operation for more than $$$k$$$ times in a row.Find the minimum number of coins needed to defeat the monster by dealing at least $$$z$$$ damage.InputThe first line contains a single integer $$$t$$$ ($$$1\le t\le 100$$$) — the number of test cases.The only line of each test case contains 4 integers $$$x$$$, $$$y$$$, $$$z$$$, and $$$k$$$ ($$$1\leq x, y, z, k\leq 10^8$$$) — the first operation's cost, the second operation's cost, the monster's health, and the limitation on the first operation.OutputFor each test case, output the minimum number of coins needed to defeat the monster.ExampleInput
42 3 5 510 20 40 51 60 100 1060 1 100 10Output
12
190
280
160
NoteIn the first test case, $$$x = 2$$$, $$$y = 3$$$, $$$z = 5$$$, and $$$k = 5$$$. Here's a strategy that achieves the lowest possible cost of $$$12$$$ coins:   Increase damage by $$$1$$$, costing $$$2$$$ coins.  Increase damage by $$$1$$$, costing $$$2$$$ coins.  Increase damage by $$$1$$$, costing $$$2$$$ coins.  Attack the monster, dealing $$$3$$$ damage, costing $$$3$$$ coins.  Attack the monster, dealing $$$3$$$ damage, costing $$$3$$$ coins. You deal a total of $$$3 + 3 = 6$$$ damage, defeating the monster who has $$$5$$$ health. The total number of coins you use is $$$2 + 2 + 2 + 3 + 3 = 12$$$ coins. In the second test case, $$$x = 10$$$, $$$y = 20$$$, $$$z = 40$$$, and $$$k = 5$$$. Here's a strategy that achieves the lowest possible cost of $$$190$$$ coins:   Increase damage by $$$5$$$, costing $$$5\cdot x$$$ = $$$50$$$ coins.  Attack the monster once, dealing $$$5$$$ damage, costing $$$20$$$ coins.  Increase damage by $$$2$$$, costing $$$2\cdot x$$$ = $$$20$$$ coins.  Attack the monster $$$5$$$ times, dealing $$$5\cdot 7 = 35$$$ damage, costing $$$5\cdot y$$$ = $$$100$$$ coins. You deal a total of $$$5 + 35 = 40$$$ damage, defeating the monster who has exactly $$$40$$$ health. The total number of coins you use is $$$50 + 20 + 20 + 100 = 190$$$ coins."
2035D,Yet Another Real Number Problem,"data structures, greedy, math",time limit per test,memory limit per test,"D. Yet Another Real Number Problemtime limit per test2 secondsmemory limit per test256 megabytesinputstandard inputoutputstandard outputThree r there are's in strawberry.You are given an array $$$b$$$ of length $$$m$$$. You can perform the following operation any number of times (possibly zero):   Choose two distinct indices $$$i$$$ and $$$j$$$ where $$$\bf{1\le i < j\le m}$$$ and $$$b_i$$$ is even, divide $$$b_i$$$ by $$$2$$$ and multiply $$$b_j$$$ by $$$2$$$.  Your task is to maximize the sum of the array after performing any number of such operations. Since it could be large, output this sum modulo $$$10^9+7$$$.Since this problem is too easy, you are given an array $$$a$$$ of length $$$n$$$ and need to solve the problem for each prefix of $$$a$$$.In other words, denoting the maximum sum of $$$b$$$ after performing any number of such operations as $$$f(b)$$$, you need to output $$$f([a_1])$$$, $$$f([a_1,a_2])$$$, $$$\ldots$$$, $$$f([a_1,a_2,\ldots,a_n])$$$ modulo $$$10^9+7$$$ respectively.InputThe first line contains a single integer $$$t$$$ ($$$1\le t\le 10^4$$$) — the number of test cases.The first line of each test case contains a single integer $$$n$$$ ($$$1 \le n \le 2 \cdot 10^5$$$) — the length of $$$a$$$.The second line contains $$$n$$$ integers $$$a_1, a_2, \ldots, a_n$$$ ($$$1 \le a_i \le 10^9$$$) — the starting values of array $$$a$$$.It is guaranteed that the sum of $$$n$$$ over all test cases will not exceed $$$2 \cdot 10^5$$$.OutputFor each test case, output $$$n$$$ integers representing the answer for each prefix of $$$a$$$ modulo $$$10^9+7$$$.ExampleInput
3101 2 3 4 5 6 7 8 9 10111 6 9 4 7 4 4 10 3 2 34527792568 502211460 850237282 374773208Output
1 3 8 13 46 59 126 149 1174 1311 
1 7 22 26 70 74 150 1303 1306 1308 1568 
527792568 83665723 399119771 773892979 
NoteFor each prefix in the first example, a possible array after operations is:   $$$[1]$$$ and the sum is $$$1$$$;  $$$[1, 2]$$$ and the sum is $$$3$$$;  $$$[1, 1, 6]$$$ and the sum is $$$8$$$;  $$$[1, 1, 3, 8]$$$ and the sum is $$$13$$$;  $$$[1, 1, 3, 1, 40]$$$ and the sum is $$$46$$$;  $$$[1, 1, 3, 1, 5, 48]$$$ and the sum is $$$59$$$;  $$$[1, 1, 3, 1, 5, 3, 112]$$$ and the sum is $$$126$$$;  $$$[1, 1, 3, 1, 5, 3, 7, 128]$$$ and the sum is $$$149$$$;  $$$[1, 1, 3, 1, 5, 3, 7, 1, 1152]$$$ and the sum is $$$1174$$$;  $$$[1, 1, 3, 1, 5, 3, 7, 1, 9, 1280]$$$ and the sum is $$$1311$$$."
2035C,Alya and Permutation,"bitmasks, constructive algorithms, math",time limit per test,memory limit per test,"C. Alya and Permutationtime limit per test2 secondsmemory limit per test256 megabytesinputstandard inputoutputstandard outputAlya has been given a hard problem. Unfortunately, she is too busy running for student council. Please solve this problem for her.Given an integer $$$n$$$, construct a permutation $$$p$$$ of integers $$$1, 2, \ldots, n$$$ that maximizes the value of $$$k$$$ (which is initially $$$0$$$) after the following process.Perform $$$n$$$ operations, on the $$$i$$$-th operation ($$$i=1, 2, \dots, n$$$),  If $$$i$$$ is odd, $$$k=k\,\&\,p_i$$$, where $$$\&$$$ denotes the bitwise AND operation.  If $$$i$$$ is even, $$$k=k\,|\,p_i$$$, where $$$|$$$ denotes the bitwise OR operation. InputThe first line contains a single integer $$$t$$$ ($$$1\le t\le 500$$$) — the number of test cases.The only line of each test case contains a single integer $$$n$$$ ($$$5\le n\le 2 \cdot 10^5$$$) — the length of the permutation.It is guaranteed that the sum of $$$n$$$ over all test cases does not exceed $$$2 \cdot 10^5$$$.OutputFor each test case, output the maximum value of $$$k$$$ in the first line and output the permutation $$$p_1, p_2,\ldots, p_n$$$ in the second line.If there are multiple such permutations, output any.ExampleInput
65678910Output
5
2 1 3 4 5 
7
1 2 4 6 5 3 
7
2 4 5 1 3 6 7 
15
2 4 5 1 3 6 7 8 
9
2 4 5 6 7 1 3 8 9 
15
1 2 3 4 5 6 8 10 9 7 
NoteFor the first test case, the value of $$$k$$$ is determined as follows:$$$k = 0$$$ initially. On the $$$1$$$st operation, $$$1$$$ is odd, so Alya sets $$$k$$$ to be $$$k\&p_1 = 0\&2 = 0$$$. On the $$$2$$$nd operation, $$$2$$$ is even, so Alya sets $$$k$$$ to be $$$k|p_2 = 0|1 = 1$$$. On the $$$3$$$rd operation, $$$3$$$ is odd, so Alya sets $$$k$$$ to be $$$k\&p_3 = 1\&3 = 1$$$. On the $$$4$$$th operation, $$$4$$$ is even, so Alya sets $$$k$$$ to be $$$k|p_4 = 1|4 = 5$$$. On the $$$5$$$th operation, $$$5$$$ is odd, so Alya sets $$$k$$$ to be $$$k\&p_5 = 5\&5 = 5$$$.The final value of $$$k$$$ is $$$5$$$. It can be shown that the final value of $$$k$$$ is at most $$$5$$$ for all permutations of length $$$5$$$. Another valid output is $$$[2, 3, 1, 4, 5]$$$.For the second test case, the final value of $$$k$$$ is $$$7$$$. It can be shown that the final value of $$$k$$$ is at most $$$7$$$ for all permutations of length $$$6$$$. Other valid outputs include $$$[2, 4, 1, 6, 3, 5]$$$ and $$$[5, 2, 6, 1, 3, 4]$$$."
2035B,Everyone Loves Tres,"constructive algorithms, greedy, math, number theory",time limit per test,memory limit per test,"B. Everyone Loves Trestime limit per test1 secondmemory limit per test256 megabytesinputstandard inputoutputstandard outputThere are 3 heroes and 3 villains, so 6 people in total.Given a positive integer $$$n$$$. Find the smallest integer whose decimal representation has length $$$n$$$ and consists only of $$$3$$$s and $$$6$$$s such that it is divisible by both $$$33$$$ and $$$66$$$. If no such integer exists, print $$$-1$$$.InputThe first line contains a single integer $$$t$$$ ($$$1\le t\le 500$$$) — the number of test cases.The only line of each test case contains a single integer $$$n$$$ ($$$1\le n\le 500$$$) — the length of the decimal representation.OutputFor each test case, output the smallest required integer if such an integer exists and $$$-1$$$ otherwise.ExampleInput
6123457Output
-1
66
-1
3366
36366
3336366
NoteFor $$$n=1$$$, no such integer exists as neither $$$3$$$ nor $$$6$$$ is divisible by $$$33$$$.For $$$n=2$$$, $$$66$$$ consists only of $$$6$$$s and it is divisible by both $$$33$$$ and $$$66$$$.For $$$n=3$$$, no such integer exists. Only $$$363$$$ is divisible by $$$33$$$, but it is not divisible by $$$66$$$.For $$$n=4$$$, $$$3366$$$ and $$$6666$$$ are divisible by both $$$33$$$ and $$$66$$$, and $$$3366$$$ is the smallest."
2035A,Sliding,"implementation, math",time limit per test,memory limit per test,"A. Slidingtime limit per test1 secondmemory limit per test256 megabytesinputstandard inputoutputstandard outputRed was ejected. They were not the imposter.There are $$$n$$$ rows of $$$m$$$ people. Let the position in the $$$r$$$-th row and the $$$c$$$-th column be denoted by $$$(r, c)$$$. Number each person starting from $$$1$$$ in row-major order, i.e., the person numbered $$$(r-1)\cdot m+c$$$ is initially at $$$(r,c)$$$.The person at $$$(r, c)$$$ decides to leave. To fill the gap, let the person who left be numbered $$$i$$$. Each person numbered $$$j>i$$$ will move to the position where the person numbered $$$j-1$$$ is initially at. The following diagram illustrates the case where $$$n=2$$$, $$$m=3$$$, $$$r=1$$$, and $$$c=2$$$.   Calculate the sum of the Manhattan distances of each person's movement. If a person was initially at $$$(r_0, c_0)$$$ and then moved to $$$(r_1, c_1)$$$, the Manhattan distance is $$$|r_0-r_1|+|c_0-c_1|$$$.InputThe first line contains a single integer $$$t$$$ ($$$1\le t\le 10^4$$$) — the number of test cases.The only line of each testcase contains $$$4$$$ integers $$$n$$$, $$$m$$$, $$$r$$$, and $$$c$$$ ($$$1\le r\le n\le 10^6$$$, $$$1 \le c \le m \le 10^6$$$), where $$$n$$$ is the number of rows, $$$m$$$ is the number of columns, and $$$(r,c)$$$ is the position where the person who left is initially at.OutputFor each test case, output a single integer denoting the sum of the Manhattan distances.ExampleInput
42 3 1 22 2 2 11 1 1 11000000 1000000 1 1Output
6
1
0
1999998000000
NoteFor the first test case, the person numbered $$$2$$$ leaves, and the distances of the movements of the person numbered $$$3$$$, $$$4$$$, $$$5$$$, and $$$6$$$ are $$$1$$$, $$$3$$$, $$$1$$$, and $$$1$$$, respectively. So the answer is $$$1+3+1+1=6$$$.For the second test case, the person numbered $$$3$$$ leaves, and the person numbered $$$4$$$ moves. The answer is $$$1$$$."
2033G,Sakurako and Chefir,"data structures, dfs and similar, dp, greedy, trees",time limit per test,memory limit per test,"G. Sakurako and Chefirtime limit per test4 secondsmemory limit per test256 megabytesinputstandard inputoutputstandard outputGiven a tree with $$$n$$$ vertices rooted at vertex $$$1$$$. While walking through it with her cat Chefir, Sakurako got distracted, and Chefir ran away.To help Sakurako, Kosuke recorded his $$$q$$$ guesses. In the $$$i$$$-th guess, he assumes that Chefir got lost at vertex $$$v_i$$$ and had $$$k_i$$$ stamina.Also, for each guess, Kosuke assumes that Chefir could move along the edges an arbitrary number of times:  from vertex $$$a$$$ to vertex $$$b$$$, if $$$a$$$ is an ancestor$$$^{\text{∗}}$$$ of $$$b$$$, the stamina will not change;  from vertex $$$a$$$ to vertex $$$b$$$, if $$$a$$$ is not an ancestor of $$$b$$$, then Chefir's stamina decreases by $$$1$$$. If Chefir's stamina is $$$0$$$, he cannot make a move of the second type.For each assumption, your task is to find the distance to the farthest vertex that Chefir could reach from vertex $$$v_i$$$, having $$$k_i$$$ stamina.$$$^{\text{∗}}$$$Vertex $$$a$$$ is an ancestor of vertex $$$b$$$ if the shortest path from $$$b$$$ to the root passes through $$$a$$$.InputThe first line contains a single integer $$$t$$$ ($$$1\le t\le 10^4$$$) — the number of test cases.Each test case is described as follows:  The first line contains a single integer $$$n$$$ ($$$2 \le n \le 2 \cdot 10^5$$$) — the number of vertices in the tree. The next $$$n-1$$$ lines contain the edges of the tree. It is guaranteed that the given edges form a tree. The next line consists of a single integer $$$q$$$ $$$(1\le q\le 2 \cdot 10^5)$$$, which denotes the number of guesses made by Kosuke. The next $$$q$$$ lines describe the guesses made by Kosuke, with two integers $$$v_i$$$, $$$k_i$$$ $$$(1\le v_i \le n, 0 \le k_i\le n)$$$. It is guaranteed that the sum of $$$n$$$ and the sum of $$$q$$$ across all test cases does not exceed $$$2\cdot 10^5$$$.OutputFor each test case and for each guess, output the maximum distance to the farthest vertex that Chefir could reach from the starting point $$$v_i$$$ having $$$k_i$$$ stamina.ExampleInput
351 22 33 43 535 13 12 098 11 71 47 34 93 21 53 676 02 36 28 22 49 26 362 12 52 45 64 333 11 36 5Output
2 1 2 
0 5 2 4 5 5 5 
1 3 4 
NoteIn the first example:  In the first query, you can go from vertex $$$5$$$ to vertex $$$3$$$ (after which your stamina will decrease by $$$1$$$ and become $$$0$$$), and then you can go to vertex $$$4$$$;  In the second query, from vertex $$$3$$$ with $$$1$$$ stamina, you can only reach vertices $$$2$$$, $$$3$$$, $$$4$$$, and $$$5$$$;  In the third query, from vertex $$$2$$$ with $$$0$$$ stamina, you can only reach vertices $$$2$$$, $$$3$$$, $$$4$$$, and $$$5$$$;"
2033F,Kosuke's Sloth,"brute force, math, number theory",time limit per test,memory limit per test,"F. Kosuke's Slothtime limit per test1 secondmemory limit per test256 megabytesinputstandard inputoutputstandard outputKosuke is too lazy. He will not give you any legend, just the task:Fibonacci numbers are defined as follows:  $$$f(1)=f(2)=1$$$.  $$$f(n)=f(n-1)+f(n-2)$$$ $$$(3\le n)$$$  We denote $$$G(n,k)$$$ as an index of the $$$n$$$-th Fibonacci number that is divisible by $$$k$$$. For given $$$n$$$ and $$$k$$$, compute $$$G(n,k)$$$.As this number can be too big, output it by modulo $$$10^9+7$$$.For example: $$$G(3,2)=9$$$ because the $$$3$$$-rd Fibonacci number that is divisible by $$$2$$$ is $$$34$$$. $$$[1,1,\textbf{2},3,5,\textbf{8},13,21,\textbf{34}]$$$.InputThe first line of the input data contains a single integer $$$t$$$ ($$$1 \le t \le 10^4$$$) — the number of test cases.The first and only line contains two integers $$$n$$$ and $$$k$$$ ($$$1 \le n \le 10^{18}$$$, $$$1 \le k \le 10^5$$$).It is guaranteed that the sum of $$$k$$$ across all test cases does not exceed $$$10^6$$$.OutputFor each test case, output the only number: the value $$$G(n,k)$$$ taken by modulo $$$10^9+7$$$.ExampleInput
33 2100 11000000000000 1377Output
9
100
999244007"
2033E,"Sakurako, Kosuke, and the Permutation","brute force, data structures, dfs and similar, dsu, graphs, greedy, math",time limit per test,memory limit per test,"E. Sakurako, Kosuke, and the Permutationtime limit per test2 secondsmemory limit per test256 megabytesinputstandard inputoutputstandard outputSakurako's exams are over, and she did excellently. As a reward, she received a permutation $$$p$$$. Kosuke was not entirely satisfied because he failed one exam and did not receive a gift. He decided to sneak into her room (thanks to the code for her lock) and spoil the permutation so that it becomes simple.A permutation $$$p$$$ is considered simple if for every $$$i$$$ $$$(1\le i \le n)$$$ one of the following conditions holds:  $$$p_i=i$$$  $$$p_{p_i}=i$$$ For example, the permutations $$$[1, 2, 3, 4]$$$, $$$[5, 2, 4, 3, 1]$$$, and $$$[2, 1]$$$ are simple, while $$$[2, 3, 1]$$$ and $$$[5, 2, 1, 4, 3]$$$ are not.In one operation, Kosuke can choose indices $$$i,j$$$ $$$(1\le i,j\le n)$$$ and swap the elements $$$p_i$$$ and $$$p_j$$$.Sakurako is about to return home. Your task is to calculate the minimum number of operations that Kosuke needs to perform to make the permutation simple.InputThe first line contains one integer $$$t$$$ ($$$1\le t\le 10^4$$$) — the number of test cases.Each test case is described by two lines.  The first line contains one integer $$$n$$$ ($$$1\le n \le 10^6$$$) — the length of the permutation $$$p$$$.  The second line contains $$$n$$$ integers $$$p_i$$$ ($$$1\le p_i\le n$$$) — the elements of the permutation $$$p$$$. It is guaranteed that the sum of $$$n$$$ across all test cases does not exceed $$$10^6$$$.It is guaranteed that $$$p$$$ is a permutation.OutputFor each test case, output the minimum number of operations that Kosuke needs to perform to make the permutation simple.ExampleInput
651 2 3 4 555 4 3 2 152 3 4 5 142 3 4 131 3 272 3 1 5 6 7 4Output
0
0
2
1
0
2
NoteIn the first and second examples, the permutations are already simple.In the fourth example, it is sufficient to swap $$$p_2$$$ and $$$p_4$$$. Thus, the permutation will become $$$[2, 1, 4, 3]$$$ in $$$1$$$ operation."
2033D,Kousuke's Assignment,"data structures, dp, dsu, greedy, math",time limit per test,memory limit per test,"D. Kousuke's Assignmenttime limit per test2 secondsmemory limit per test256 megabytesinputstandard inputoutputstandard outputAfter a trip with Sakurako, Kousuke was very scared because he forgot about his programming assignment. In this assignment, the teacher gave him an array $$$a$$$ of $$$n$$$ integers and asked him to calculate the number of non-overlapping segments of the array $$$a$$$, such that each segment is considered beautiful.A segment $$$[l,r]$$$ is considered beautiful if $$$a_l + a_{l+1} + \dots + a_{r-1} + a_r=0$$$.For a fixed array $$$a$$$, your task is to compute the maximum number of non-overlapping beautiful segments.InputThe first line of input contains the number $$$t$$$ ($$$1 \le t \le 10^4$$$) — the number of test cases. Each test case consists of $$$2$$$ lines.   The first line contains one integer $$$n$$$ ($$$1 \le n \le 10^5$$$) — the length of the array. The second line contains $$$n$$$ integers $$$a_i$$$ ($$$-10^5 \le a_i \le 10^5$$$) — the elements of the array $$$a$$$. It is guaranteed that the sum of $$$n$$$ across all test cases does not exceed $$$3\cdot 10^5$$$.OutputFor each test case, output a single integer: the maximum number of non-overlapping beautiful segments.ExampleInput
352 1 -3 2 1712 -4 4 43 -3 -5 860 -4 0 3 0 1Output
1
2
3"
2033C,Sakurako's Field Trip,"dp, greedy, two pointers",time limit per test,memory limit per test,"C. Sakurako's Field Triptime limit per test2 secondsmemory limit per test256 megabytesinputstandard inputoutputstandard outputEven in university, students need to relax. That is why Sakurakos teacher decided to go on a field trip. It is known that all of the students will be walking in one line. The student with index $$$i$$$ has some topic of interest which is described as $$$a_i$$$. As a teacher, you want to minimise the disturbance of the line of students.The disturbance of the line is defined as the number of neighbouring people with the same topic of interest. In other words, disturbance is the number of indices $$$j$$$ ($$$1 \le j < n$$$) such that $$$a_j = a_{j + 1}$$$.In order to do this, you can choose index $$$i$$$ ($$$1\le i\le n$$$) and swap students at positions $$$i$$$ and $$$n-i+1$$$. You can perform any number of swaps.Your task is to determine the minimal amount of disturbance that you can achieve by doing the operation described above any number of times.InputThe first line contains one integer $$$t$$$ ($$$1\le t\le 10^4$$$) — the number of test cases.Each test case is described by two lines.  The first line contains one integer $$$n$$$ ($$$2 \le n \le 10^5$$$) — the length of the line of students.  The second line contains $$$n$$$ integers $$$a_i$$$ ($$$1\le a_i\le n$$$) — the topics of interest of students in line. It is guaranteed that the sum of $$$n$$$ across all test cases does not exceed $$$2\cdot 10^5$$$.OutputFor each test case, output the minimal possible disturbance of the line that you can achieve.ExampleInput
951 1 1 2 362 1 2 2 1 141 2 1 162 1 1 2 2 442 1 2 361 2 2 1 2 154 5 5 1 571 4 3 5 1 1 373 1 3 2 2 3 3Output
1
2
1
0
0
1
1
0
2
NoteIn the first example, it is necessary to apply the operation to $$$i=2$$$, thus the array will become $$$[1, \textbf{2}, 1, \textbf{1}, 3]$$$, with the bold elements indicating those that have swapped places. The disturbance of this array is equal to $$$1$$$.In the fourth example, it is sufficient to apply the operation to $$$i=3$$$, thus the array will become $$$[2, 1, \textbf{2}, \textbf{1}, 2, 4]$$$. The disturbance of this array is equal to $$$0$$$.In the eighth example, it is sufficient to apply the operation to $$$i=3$$$, thus the array will become $$$[1, 4, \textbf{1}, 5, \textbf{3}, 1, 3]$$$. The disturbance of this array is equal to $$$0$$$."
2033B,Sakurako and Water,"brute force, constructive algorithms, greedy",time limit per test,memory limit per test,"B. Sakurako and Watertime limit per test2 secondsmemory limit per test256 megabytesinputstandard inputoutputstandard outputDuring her journey with Kosuke, Sakurako and Kosuke found a valley that can be represented as a matrix of size $$$n \times n$$$, where at the intersection of the $$$i$$$-th row and the $$$j$$$-th column is a mountain with a height of $$$a_{i,j}$$$. If $$$a_{i,j} < 0$$$, then there is a lake there.Kosuke is very afraid of water, so Sakurako needs to help him:  With her magic, she can select a square area of mountains and increase the height of each mountain on the main diagonal of that area by exactly one. More formally, she can choose a submatrix with the upper left corner located at $$$(i, j)$$$ and the lower right corner at $$$(p, q)$$$, such that $$$p-i=q-j$$$. She can then add one to each element at the intersection of the $$$(i + k)$$$-th row and the $$$(j + k)$$$-th column, for all $$$k$$$ such that $$$0 \le k \le p-i$$$.Determine the minimum number of times Sakurako must use her magic so that there are no lakes.InputThe first line contains a single integer $$$t$$$ ($$$1 \le t \le 200$$$) — the number of test cases.Each test case is described as follows:   The first line of each test case consists of a single number $$$n$$$ ($$$1 \le n \le 500$$$).  Each of the following $$$n$$$ lines consists of $$$n$$$ integers separated by spaces, which correspond to the heights of the mountains in the valley $$$a$$$ ($$$-10^5 \le a_{i,j} \le 10^5$$$). It is guaranteed that the sum of $$$n$$$ across all test cases does not exceed $$$1000$$$.OutputFor each test case, output the minimum number of times Sakurako will have to use her magic so that all lakes disappear.ExampleInput
4112-1 23 031 2 3-2 1 -10 0 -151 1 -1 -1 3-3 1 4 4 -4-1 -1 3 0 -54 5 3 -3 -13 1 -3 -1 5Output
0
1
4
19"
2033A,Sakurako and Kosuke,"constructive algorithms, implementation, math",time limit per test,memory limit per test,"A. Sakurako and Kosuketime limit per test1 secondmemory limit per test256 megabytesinputstandard inputoutputstandard outputSakurako and Kosuke decided to play some games with a dot on a coordinate line. The dot is currently located in position $$$x=0$$$. They will be taking turns, and Sakurako will be the one to start. On the $$$i$$$-th move, the current player will move the dot in some direction by $$$2\cdot i-1$$$ units. Sakurako will always be moving the dot in the negative direction, whereas Kosuke will always move it in the positive direction. In other words, the following will happen:  Sakurako will change the position of the dot by $$$-1$$$, $$$x = -1$$$ now  Kosuke will change the position of the dot by $$$3$$$, $$$x = 2$$$ now  Sakurako will change the position of the dot by $$$-5$$$, $$$x = -3$$$ now  $$$\cdots$$$ They will keep on playing while the absolute value of the coordinate of the dot does not exceed $$$n$$$. More formally, the game continues while $$$-n\le x\le n$$$. It can be proven that the game will always end.Your task is to determine who will be the one who makes the last turn.InputThe first line contains one integer $$$t$$$ ($$$1\le t\le 100$$$) — the number of games that Sakurako and Kosuke played.Each game is described by one number $$$n$$$ ($$$1 \le n\le 100$$$) — the number that defines the condition when the game ends.OutputFor each of the $$$t$$$ games, output a line with the result of that game. If Sakurako makes the last turn, output ""Sakurako"" (without quotes); else output ""Kosuke"".ExampleInput
416398Output
Kosuke
Sakurako
Kosuke
Sakurako"
2030G2,The Destruction of the Universe (Hard Version),"combinatorics, math",time limit per test,memory limit per test,"G2. The Destruction of the Universe (Hard Version)time limit per test4 secondsmemory limit per test512 megabytesinputstandard inputoutputstandard outputThis is the hard version of the problem. In this version, $$$n \leq 10^6$$$. You can only make hacks if both versions of the problem are solved.Orangutans are powerful beings—so powerful that they only need $$$1$$$ unit of time to destroy every vulnerable planet in the universe!There are $$$n$$$ planets in the universe. Each planet has an interval of vulnerability $$$[l, r]$$$, during which it will be exposed to destruction by orangutans. Orangutans can also expand the interval of vulnerability of any planet by $$$1$$$ unit.Specifically, suppose the expansion is performed on planet $$$p$$$ with interval of vulnerability $$$[l_p, r_p]$$$. Then, the resulting interval of vulnerability may be either $$$[l_p - 1, r_p]$$$ or $$$[l_p, r_p + 1]$$$.Given a set of planets, orangutans can destroy all planets if the intervals of vulnerability of all planets in the set intersect at least one common point. Let the score of such a set denote the minimum number of expansions that must be performed.Orangutans are interested in the sum of scores of all non-empty subsets of the planets in the universe. As the answer can be large, output it modulo $$$998\,244\,353$$$.InputThe first line contains an integer $$$t$$$ ($$$1 \leq t \leq 10^4$$$) — the number of test cases.The first line of each test case contains an integer $$$n$$$ ($$$1 \leq n \leq 10^6$$$) — the number of planets in the universe.The following $$$n$$$ lines contain two integers $$$l_i$$$ and $$$r_i$$$ ($$$1 \leq l_i \leq r_i \leq n$$$) — the initial interval of vulnerability of the $$$i$$$-th planet.It is guaranteed that the sum of $$$n$$$ does not exceed $$$10^6$$$ over all test cases.OutputFor each test case, output an integer — the sum of scores to destroy all non-empty subsets of the planets in the universe, modulo $$$998\,244\,353$$$.ExampleInput
331 12 33 341 42 32 41 151 22 33 44 51 5Output
5
6
24
NoteIn the first testcase, there are seven non-empty subsets of planets we must consider:   For each of the subsets $$$\{[1,1]\}, \{[2,3]\}, \{[3,3]\}$$$, the score is $$$0$$$.  For the subset $$$\{[2,3], [3,3]\}$$$, the score is $$$0$$$, because the point $$$3$$$ is already contained in both planets' interval of vulnerability.  For the subset $$$\{[1,1], [2,3]\}$$$, the score is $$$1$$$. By using one operation on changing the interval of vulnerability of the second planet to be $$$[1,3]$$$, the two planets now both have the point $$$1$$$ in their interval.  For the subset $$$\{[1,1], [3,3]\}$$$, the score is $$$2$$$. By using two operations on changing the interval of vulnerability of the first planet to be $$$[1,3]$$$, the two planets now both have the point $$$3$$$ in their interval.  For the subset $$$\{[1,1], [2,3], [3,3]\}$$$, the score is $$$2$$$. By using one operation on changing the interval of vulnerability of the first planet to be $$$[1,2]$$$ and one operation on changing the interval of vulnerability of the third planet to $$$[2,3]$$$, all three planets will have the point $$$2$$$ in their interval. The sum of scores of all non-empty subsets of the first testcase is $$$0 \cdot 4 + 1 \cdot 1 + 2\cdot2 = 5$$$."
2030G1,The Destruction of the Universe (Easy Version),"combinatorics, greedy, math",time limit per test,memory limit per test,"G1. The Destruction of the Universe (Easy Version)time limit per test4 secondsmemory limit per test512 megabytesinputstandard inputoutputstandard outputThis is the easy version of the problem. In this version, $$$n \leq 5000$$$. You can only make hacks if both versions of the problem are solved.Orangutans are powerful beings—so powerful that they only need $$$1$$$ unit of time to destroy every vulnerable planet in the universe!There are $$$n$$$ planets in the universe. Each planet has an interval of vulnerability $$$[l, r]$$$, during which it will be exposed to destruction by orangutans. Orangutans can also expand the interval of vulnerability of any planet by $$$1$$$ unit.Specifically, suppose the expansion is performed on planet $$$p$$$ with interval of vulnerability $$$[l_p, r_p]$$$. Then, the resulting interval of vulnerability may be either $$$[l_p - 1, r_p]$$$ or $$$[l_p, r_p + 1]$$$.Given a set of planets, orangutans can destroy all planets if the intervals of vulnerability of all planets in the set intersect at least one common point. Let the score of such a set denote the minimum number of expansions that must be performed.Orangutans are interested in the sum of scores of all non-empty subsets of the planets in the universe. As the answer can be large, output it modulo $$$998\,244\,353$$$.InputThe first line contains an integer $$$t$$$ ($$$1 \leq t \leq 1000$$$) — the number of test cases.The first line of each test case contains an integer $$$n$$$ ($$$1 \leq n \leq 5000$$$) — the number of planets in the universe.The following $$$n$$$ lines contain two integers $$$l_i$$$ and $$$r_i$$$ ($$$1 \leq l_i \leq r_i \leq n$$$) — the initial interval of vulnerability of the $$$i$$$-th planet.It is guaranteed that the sum of $$$n$$$ does not exceed $$$5000$$$ over all test cases.OutputFor each test case, output an integer — the sum of scores to destroy all non-empty subsets of the planets in the universe, modulo $$$998\,244\,353$$$.ExampleInput
331 12 33 341 42 32 41 151 22 33 44 51 5Output
5
6
24
NoteIn the first testcase, there are seven non-empty subsets of planets we must consider:   For each of the subsets $$$\{[1,1]\}, \{[2,3]\}, \{[3,3]\}$$$, the score is $$$0$$$.  For the subset $$$\{[2,3], [3,3]\}$$$, the score is $$$0$$$, because the point $$$3$$$ is already contained in both planets' interval of vulnerability.  For the subset $$$\{[1,1], [2,3]\}$$$, the score is $$$1$$$. By using one operation on changing the interval of vulnerability of the second planet to be $$$[1,3]$$$, the two planets now both have the point $$$1$$$ in their interval.  For the subset $$$\{[1,1], [3,3]\}$$$, the score is $$$2$$$. By using two operations on changing the interval of vulnerability of the first planet to be $$$[1,3]$$$, the two planets now both have the point $$$3$$$ in their interval.  For the subset $$$\{[1,1], [2,3], [3,3]\}$$$, the score is $$$2$$$. By using one operation on changing the interval of vulnerability of the first planet to be $$$[1,2]$$$ and one operation on changing the interval of vulnerability of the third planet to $$$[2,3]$$$, all three planets will have the point $$$2$$$ in their interval. The sum of scores of all non-empty subsets of the first testcase is $$$0 \cdot 4 + 1 \cdot 1 + 2\cdot2 = 5$$$."
2030F,Orangutan Approved Subarrays,"binary search, data structures, dp, greedy, implementation, two pointers",time limit per test,memory limit per test,"F. Orangutan Approved Subarraystime limit per test3 secondsmemory limit per test512 megabytesinputstandard inputoutputstandard outputSuppose you have an array $$$b$$$. Initially, you also have a set $$$S$$$ that contains all distinct elements of $$$b$$$. The array $$$b$$$ is called orangutan-approved if it can be emptied by repeatedly performing the following operation:   In one operation, select indices $$$l$$$ and $$$r$$$ ($$$1 \leq l \leq r \leq |b|$$$) such that $$$v = b_l = b_{l+1} = \ldots = b_r$$$ and $$$v$$$ is present in $$$S$$$. Remove $$$v$$$ from $$$S$$$, and simultaneously remove all $$$b_i$$$ such that $$$l \leq i \leq r$$$. Then, reindex the elements $$$b_{r+1}, b_{r+2}, \ldots$$$ as $$$b_l, b_{l+1}, \ldots$$$ accordingly. You are given an array $$$a$$$ of length $$$n$$$ and $$$q$$$ queries. Each query consists of two indices $$$l$$$ and $$$r$$$ ($$$1 \le l \le r \le n$$$), and you need to determine whether or not the subarray $$$a_{l}, a_{l+1}, \ldots, a_r$$$ is orangutan-approved.InputThe first line contains $$$t$$$ ($$$1 \leq t \leq 10^4$$$) — the number of test cases.The first line of each test case contains integers $$$n$$$ and $$$q$$$ ($$$1 \leq n,q \leq 2 \cdot 10^5$$$) — the size of $$$a$$$ and the number of queries, respectively.The following line contains $$$n$$$ integers $$$a_1, a_2, \ldots, a_n$$$ ($$$1 \leq a_i \leq n$$$) — the elements of the array $$$a$$$.The following $$$q$$$ lines contain two integers $$$l$$$ and $$$r$$$ — the endpoints of the subarray for each query ($$$1 \leq l \leq r \leq n$$$).It is guaranteed that the sum of $$$n$$$ and $$$q$$$ over all test cases does not exceed $$$2 \cdot 10^5$$$.OutputFor each query, output ""YES"" (without quotes) if the subarray from $$$l$$$ to $$$r$$$ is orangutan-approved, and ""NO"" (without quotes) otherwise.You can output ""YES"" and ""NO"" in any case (for example, strings ""yES"", ""yes"" and ""Yes"" will be recognized as a positive response).ExampleInput
34 21 2 2 11 41 35 31 2 1 2 12 53 51 38 41 2 3 2 1 3 2 31 52 83 56 8Output
YES
YES
NO
YES
YES
YES
NO
YES
YES
NoteIn the first query of the first testcase, the answer is YES.   Initially, $$$S=\{1,2\}$$$ and $$$b=[1,2,2,1]$$$  Select $$$l=2$$$ and $$$r=3$$$. Since $$$b_2=b_3=2$$$ is in $$$S$$$, we may erase $$$b_2$$$ and $$$b_3$$$ from the array, as well as erasing $$$2$$$ from $$$S$$$. The set $$$S$$$ becomes $$$\{1\}$$$ and the array becomes $$$[1,1]$$$.  Select $$$l=1$$$ and $$$r=2$$$. Since $$$b_1=b_2=1$$$ is in $$$S$$$, we may erase $$$b_1$$$ and $$$b_2$$$ from the array, as well as erasing $$$1$$$ from $$$S$$$. The set $$$S$$$ becomes $$$\{\}$$$ and the array becomes $$$[]$$$.  Since the array is now empty, we can say the original array is orangutan-approved. In the first query of the second testcase, the answer is NO, because it can be shown that the subarray $$$[2,1,2,1]$$$ cannot become empty through any sequence of valid operations."
2030E,MEXimize the Score,"combinatorics, data structures, dp, greedy, implementation, math",time limit per test,memory limit per test,"E. MEXimize the Scoretime limit per test2 secondsmemory limit per test256 megabytesinputstandard inputoutputstandard outputSuppose we partition the elements of an array $$$b$$$ into any number $$$k$$$ of non-empty multisets $$$S_1, S_2, \ldots, S_k$$$, where $$$k$$$ is an arbitrary positive integer. Define the score of $$$b$$$ as the maximum value of $$$\operatorname{MEX}(S_1)$$$$$$^{\text{∗}}$$$$$$ + \operatorname{MEX}(S_2) + \ldots + \operatorname{MEX}(S_k)$$$ over all possible partitions of $$$b$$$ for any integer $$$k$$$.Envy is given an array $$$a$$$ of size $$$n$$$. Since he knows that calculating the score of $$$a$$$ is too easy for you, he instead asks you to calculate the sum of scores of all $$$2^n - 1$$$ non-empty subsequences of $$$a$$$.$$$^{\text{†}}$$$ Since this answer may be large, please output it modulo $$$998\,244\,353$$$.$$$^{\text{∗}}$$$$$$\operatorname{MEX}$$$ of a collection of integers $$$c_1, c_2, \ldots, c_k$$$ is defined as the smallest non-negative integer $$$x$$$ that does not occur in the collection $$$c$$$. For example, $$$\operatorname{MEX}([0,1,2,2]) = 3$$$ and $$$\operatorname{MEX}([1,2,2]) = 0$$$$$$^{\text{†}}$$$A sequence $$$x$$$ is a subsequence of a sequence $$$y$$$ if $$$x$$$ can be obtained from $$$y$$$ by deleting several (possibly, zero or all) elements.InputThe first line contains an integer $$$t$$$ ($$$1 \leq t \leq 10^4$$$) — the number of test cases.The first line of each test case contains an integer $$$n$$$ ($$$1 \leq n \leq 2 \cdot 10^5$$$) — the length of $$$a$$$.The second line of each test case contains $$$n$$$ integers $$$a_1, a_2, \ldots, a_n$$$ ($$$0 \leq a_i < n$$$) — the elements of the array $$$a$$$.It is guaranteed that the sum of $$$n$$$ over all test cases does not exceed $$$2 \cdot 10^5$$$.OutputFor each test case, output the answer, modulo $$$998\,244\,353$$$.ExampleInput
430 0 140 0 1 150 0 1 2 241 1 1 1Output
11
26
53
0
NoteIn the first testcase, we must consider seven subsequences:   $$$[0]$$$: The score is $$$1$$$.  $$$[0]$$$: The score is $$$1$$$.  $$$[1]$$$: The score is $$$0$$$.  $$$[0,0]$$$: The score is $$$2$$$.  $$$[0,1]$$$: The score is $$$2$$$.  $$$[0,1]$$$: The score is $$$2$$$.  $$$[0,0,1]$$$: The score is $$$3$$$.  The answer for the first testcase is $$$1+1+2+2+2+3=11$$$.In the last testcase, all subsequences have a score of $$$0$$$."
2030D,QED's Favorite Permutation,"data structures, implementation, sortings",time limit per test,memory limit per test,"D. QED's Favorite Permutationtime limit per test2 secondsmemory limit per test256 megabytesinputstandard inputoutputstandard outputQED is given a permutation$$$^{\text{∗}}$$$ $$$p$$$ of length $$$n$$$. He also has a string $$$s$$$ of length $$$n$$$ containing only characters $$$\texttt{L}$$$ and $$$\texttt{R}$$$. QED only likes permutations that are sorted in non-decreasing order. To sort $$$p$$$, he can select any of the following operations and perform them any number of times:  Choose an index $$$i$$$ such that $$$s_i = \texttt{L}$$$. Then, swap $$$p_i$$$ and $$$p_{i-1}$$$. It is guaranteed that $$$s_1 \neq \texttt{L}$$$.  Choose an index $$$i$$$ such that $$$s_i = \texttt{R}$$$. Then, swap $$$p_i$$$ and $$$p_{i+1}$$$. It is guaranteed that $$$s_n \neq \texttt{R}$$$. He is also given $$$q$$$ queries. In each query, he selects an index $$$i$$$ and changes $$$s_i$$$ from $$$\texttt{L}$$$ to $$$\texttt{R}$$$ (or from $$$\texttt{R}$$$ to $$$\texttt{L}$$$). Note that the changes are persistent. After each query, he asks you if it is possible to sort $$$p$$$ in non-decreasing order by performing the aforementioned operations any number of times. Note that before answering each query, the permutation $$$p$$$ is reset to its original form.$$$^{\text{∗}}$$$A permutation of length $$$n$$$ is an array consisting of $$$n$$$ distinct integers from $$$1$$$ to $$$n$$$ in arbitrary order. For example, $$$[2,3,1,5,4]$$$ is a permutation, but $$$[1,2,2]$$$ is not a permutation ($$$2$$$ appears twice in the array), and $$$[1,3,4]$$$ is also not a permutation ($$$n=3$$$ but there is $$$4$$$ in the array).InputThe first line contains $$$t$$$ ($$$1 \leq t \leq 10^4$$$) — the number of test cases.The first line of each test case contains two integers $$$n$$$ and $$$q$$$ ($$$3 \leq n \leq 2 \cdot 10^5$$$, $$$1 \leq q \leq 2 \cdot 10^5$$$) – the length of the permutation and the number of queries.The following line contains $$$n$$$ integers $$$p_1, p_2, \ldots, p_n$$$ ($$$1 \leq p_i \leq n$$$, $$$p$$$ is a permutation).The following line contains $$$n$$$ characters $$$s_1s_2 \ldots s_n$$$. It is guaranteed that $$$s_i$$$ is either $$$\texttt{L}$$$ or $$$\texttt{R}$$$, $$$s_1 = \texttt{R}$$$, and $$$s_n = \texttt{L}$$$.The following $$$q$$$ lines contain an integer $$$i$$$ ($$$2 \leq i \leq n-1$$$), denoting that $$$s_i$$$ is changed from $$$\texttt{L}$$$ to $$$\texttt{R}$$$ (or from $$$\texttt{R}$$$ to $$$\texttt{L}$$$). It is guaranteed that the sum of $$$n$$$ and $$$q$$$ over all test cases does not exceed $$$2 \cdot 10^5$$$.OutputFor each query, output ""YES"" (without quotes) if it is possible, and ""NO"" (without quotes) otherwise.You can output ""YES"" and ""NO"" in any case (for example, strings ""yES"", ""yes"" and ""Yes"" will be recognized as a positive response).ExampleInput
35 31 4 2 5 3RLRLL2438 51 5 2 4 8 3 6 7RRLLRRRL435346 21 2 3 4 5 6RLRLRL45Output
YES
YES
NO
NO
YES
NO
NO
NO
YES
YES
NoteIn the first testcase, $$$s = \texttt{RRRLL}$$$ after the first query. QED may sort $$$p$$$ using the following operations:  Initially, $$$p = [1,4,2,5,3]$$$.  Select $$$i = 2$$$ and swap $$$p_2$$$ with $$$p_{3}$$$. Now, $$$p = [1,2,4,5,3]$$$.  Select $$$i = 5$$$ and swap $$$p_5$$$ with $$$p_{4}$$$. Now, $$$p = [1,2,4,3,5]$$$.  Select $$$i = 4$$$ and swap $$$p_4$$$ with $$$p_{3}$$$. Now, $$$p = [1,2,3,4,5]$$$, which is in non-decreasing order. It can be shown that it is impossible to sort the array after all three updates of the first testcase."
2030C,A TRUE Battle,"brute force, games, greedy",time limit per test,memory limit per test,"C. A TRUE Battletime limit per test2 secondsmemory limit per test256 megabytesinputstandard inputoutputstandard outputAlice and Bob are playing a game. There is a list of $$$n$$$ booleans, each of which is either true or false, given as a binary string $$$^{\text{∗}}$$$ of length $$$n$$$ (where $$$\texttt{1}$$$ represents true, and $$$\texttt{0}$$$ represents false). Initially, there are no operators between the booleans.Alice and Bob will take alternate turns placing and or or between the booleans, with Alice going first. Thus, the game will consist of $$$n-1$$$ turns since there are $$$n$$$ booleans. Alice aims for the final statement to evaluate to true, while Bob aims for it to evaluate to false. Given the list of boolean values, determine whether Alice will win if both players play optimally.To evaluate the final expression, repeatedly perform the following steps until the statement consists of a single true or false:   If the statement contains an and operator, choose any one and replace the subexpression surrounding it with its evaluation.  Otherwise, the statement contains an or operator. Choose any one and replace the subexpression surrounding the or with its evaluation.  For example, the expression true or false and false is evaluated as true or (false and false) $$$=$$$ true or false $$$=$$$ true. It can be shown that the result of any compound statement is unique.$$$^{\text{∗}}$$$A binary string is a string that only consists of characters $$$\texttt{0}$$$ and $$$\texttt{1}$$$InputThe first line contains $$$t$$$ ($$$1 \leq t \leq 10^4$$$) — the number of test cases.The first line of each test case contains an integer $$$n$$$ ($$$2 \leq n \leq 2 \cdot 10^5$$$) — the length of the string.The second line contains a binary string of length $$$n$$$, consisting of characters $$$\texttt{0}$$$ and $$$\texttt{1}$$$ — the list of boolean values.It is guaranteed that the sum of $$$n$$$ over all test cases does not exceed $$$2 \cdot 10^5$$$.OutputFor each testcase, output ""YES"" (without quotes) if Alice wins, and ""NO"" (without quotes) otherwise.You can output ""YES"" and ""NO"" in any case (for example, strings ""yES"", ""yes"" and ""Yes"" will be recognized as a positive response).ExampleInput
5211301012101111111100100111111011801000010Output
YES
NO
YES
YES
NO
NoteIn the first testcase, Alice can place and between the two booleans. The game ends as there are no other places to place operators, and Alice wins because true and true is true.In the second testcase, Alice can place or between the middle true and the left false. Bob can place and between the middle true and the right false. The statement false or true and false is false.Note that these examples may not be the best strategies for either Alice or Bob."
2030B,Minimise Oneness,"combinatorics, constructive algorithms, games, math",time limit per test,memory limit per test,"B. Minimise Onenesstime limit per test1.5 secondsmemory limit per test256 megabytesinputstandard inputoutputstandard outputFor an arbitrary binary string $$$t$$$$$$^{\text{∗}}$$$, let $$$f(t)$$$ be the number of non-empty subsequences$$$^{\text{†}}$$$ of $$$t$$$ that contain only $$$\mathtt{0}$$$, and let $$$g(t)$$$ be the number of non-empty subsequences of $$$t$$$ that contain at least one $$$\mathtt{1}$$$. Note that for $$$f(t)$$$ and for $$$g(t)$$$, each subsequence is counted as many times as it appears in $$$t$$$. E.g., $$$f(\mathtt{000}) = 7, g(\mathtt{100}) = 4$$$.We define the oneness of the binary string $$$t$$$ to be $$$|f(t)-g(t)|$$$, where for an arbitrary integer $$$z$$$, $$$|z|$$$ represents the absolute value of $$$z$$$.You are given a positive integer $$$n$$$. Find a binary string $$$s$$$ of length $$$n$$$ such that its oneness is as small as possible. If there are multiple strings, you can print any of them.$$$^{\text{∗}}$$$A binary string is a string that only consists of characters $$$\texttt{0}$$$ and $$$\texttt{1}$$$.$$$^{\text{†}}$$$A sequence $$$a$$$ is a subsequence of a sequence $$$b$$$ if $$$a$$$ can be obtained from $$$b$$$ by the deletion of several (possibly, zero or all) elements. For example, subsequences of $$$\mathtt{1011101}$$$ are $$$\mathtt{0}$$$, $$$\mathtt{1}$$$, $$$\mathtt{11111}$$$, $$$\mathtt{0111}$$$, but not $$$\mathtt{000}$$$ nor $$$\mathtt{11100}$$$.InputThe first line contains an integer $$$t$$$ ($$$1 \leq t \leq 10^4$$$) — the number of test cases.The only line of each test case contains an integer $$$n$$$ ($$$1 \leq n \leq 2\cdot10^5$$$) — the length of $$$s$$$.It is guaranteed that the sum of $$$n$$$ over all test cases does not exceed $$$2\cdot10^5$$$. OutputFor each test case, output $$$s$$$ on a new line. If multiple answers exist, output any.ExampleInput
3123Output
0
01
010
NoteIn the first test case, for the example output, $$$f(t)=1$$$ because there is one subsequence that contains only $$$\mathtt{0}$$$ ($$$\mathtt{0}$$$), and $$$g(t)=0$$$ because there are no subsequences that contain at least one $$$1$$$. The oneness is $$$|1-0|=1$$$. The output $$$\mathtt{1}$$$ is correct as well because its oneness is $$$|0-1|=1$$$.For the example output of the second test case, $$$f(t)=1$$$ because there is one non-empty subsequence that contains only $$$\mathtt{0}$$$, and $$$g(t)=2$$$ because there are two non-empty subsequences that contain at least one $$$\mathtt{1}$$$ ($$$\mathtt{01}$$$ and $$$\mathtt{1}$$$). The oneness is thus $$$|1-2|=1$$$. It can be shown that $$$1$$$ is the minimum possible value of its oneness over all possible binary strings of size $$$2$$$."
2030A,A Gift From Orangutan,"constructive algorithms, greedy, math, sortings",time limit per test,memory limit per test,"A. A Gift From Orangutantime limit per test1 secondmemory limit per test256 megabytesinputstandard inputoutputstandard outputWhile exploring the jungle, you have bumped into a rare orangutan with a bow tie! You shake hands with the orangutan and offer him some food and water. In return...The orangutan has gifted you an array $$$a$$$ of length $$$n$$$. Using $$$a$$$, you will construct two arrays $$$b$$$ and $$$c$$$, both containing $$$n$$$ elements, in the following manner:  $$$b_i = \min(a_1, a_2, \ldots, a_i)$$$ for each $$$1 \leq i \leq n$$$.  $$$c_i = \max(a_1, a_2, \ldots, a_i)$$$ for each $$$1 \leq i \leq n$$$. Define the score of $$$a$$$ as $$$\sum_{i=1}^n c_i - b_i$$$ (i.e. the sum of $$$c_i - b_i$$$ over all $$$1 \leq i \leq n$$$). Before you calculate the score, you can shuffle the elements of $$$a$$$ however you want.Find the maximum score that you can get if you shuffle the elements of $$$a$$$ optimally.InputThe first line contains $$$t$$$ ($$$1 \leq t \leq 100$$$) — the number of test cases.The first line of each test case contains an integer $$$n$$$ ($$$1 \leq n \leq 1000$$$) — the number of elements in $$$a$$$.The following line contains $$$n$$$ integers $$$a_1, a_2, \ldots, a_n$$$ ($$$1 \leq a_i \leq 1000$$$) — the elements of the array $$$a$$$.It is guaranteed that the sum of $$$n$$$ over all test cases does not exceed $$$1000$$$.OutputFor each test case, output the maximum score that you can get.ExampleInput
316937 6 551 1 1 2 2Output
0
4
4
NoteIn the first test case, there is no other way to rearrange $$$a$$$. So, $$$b = [69]$$$ and $$$c = [69]$$$. The only possible score is $$$69 - 69 = 0$$$.In the second test case, you can rearrange $$$a$$$ as $$$[7, 5, 6]$$$. Here, $$$b = [7, 5, 5]$$$ and $$$c = [7, 7, 7]$$$. The score in this case is $$$(7 - 7) + (7 - 5) + (7 - 5) = 4$$$. It can be shown this is the maximum possible score."
2027E2,Bit Game (Hard Version),"bitmasks, dp, math",time limit per test,memory limit per test,"E2. Bit Game (Hard Version)time limit per test2 secondsmemory limit per test256 megabytesinputstandard inputoutputstandard outputThis is the hard version of this problem. The only difference is that you need to output the number of choices of games where Bob wins in this version, where the number of stones in each pile are not fixed. You must solve both versions to be able to hack.Alice and Bob are playing a familiar game where they take turns removing stones from $$$n$$$ piles. Initially, there are $$$x_i$$$ stones in the $$$i$$$-th pile, and it has an associated value $$$a_i$$$. A player can take $$$d$$$ stones away from the $$$i$$$-th pile if and only if both of the following conditions are met:   $$$1 \le d \le a_i$$$, and  $$$x \, \& \, d = d$$$, where $$$x$$$ is the current number of stones in the $$$i$$$-th pile and $$$\&$$$ denotes the bitwise AND operation. The player who cannot make a move loses, and Alice goes first.You're given the $$$a_i$$$ values of each pile, but the number of stones in the $$$i$$$-th pile has not been determined yet. For the $$$i$$$-th pile, $$$x_i$$$ can be any integer between $$$1$$$ and $$$b_i$$$, inclusive. That is, you can choose an array $$$x_1, x_2, \ldots, x_n$$$ such that the condition $$$1 \le x_i \le b_i$$$ is satisfied for all piles. Your task is to count the number of games where Bob wins if both players play optimally. Two games are considered different if the number of stones in any pile is different, i.e., the arrays of $$$x$$$ differ in at least one position.Since the answer can be very large, please output the result modulo $$$10^9 + 7$$$.InputEach test contains multiple test cases. The first line contains the number of test cases $$$t$$$ ($$$1 \le t \le 1000$$$). The description of the test cases follows.The first line of each test case contains $$$n$$$ ($$$1 \le n \le 10^4$$$) — the number of piles.The second line of each test case contains $$$n$$$ integers $$$a_1, a_2, \ldots, a_n$$$ ($$$1 \le a_i < 2^{30}$$$).The third line of each test case contains $$$n$$$ integers $$$b_1, b_2, \ldots, b_n$$$ ($$$1 \le b_i < 2^{30}$$$).It is guaranteed that the sum of $$$n$$$ over all test cases does not exceed $$$10^4$$$.OutputOutput a single integer, the number of games where Bob wins, modulo $$$10^9 + 7$$$.ExampleInput
731 2 33 2 21134555 4 7 8 64 4 5 5 546 4 8 812 13 14 12392856133 46637598 1234567829384774 73775896 87654321265 12110 314677810235 275091182 428565855 72062973174522416 889934149 3394714 230851724Output
4
4
0
6552
722019507
541
665443265
NoteIn the first test case, no matter which values of $$$x_2$$$ and $$$x_3$$$ we choose, the second and third piles will always be chosen exactly once before no more stones can be taken from them. If $$$x_1 = 2$$$, then no stones can be taken from it, so Bob will make the last move. If $$$x_1 = 1$$$ or $$$x_1 = 3$$$, then exactly one move can be made on that pile, so Alice will make the last move. So Bob wins when $$$x = [2, 1, 1]$$$ or $$$x = [2, 1, 2]$$$ or $$$x = [2, 2, 1]$$$ or $$$x = [2, 2, 2]$$$.In the second test case, Bob wins when $$$x_1 = 14$$$ or $$$x_1 = 30$$$ by removing $$$14 - k$$$ stones, where $$$k$$$ is the number of stones Alice removes on her turn. Bob also wins when $$$x_1 = 16$$$ or $$$x_1 = 32$$$ since Alice does not have any moves to begin with."
2027E1,Bit Game (Easy Version),"bitmasks, brute force, games, math",time limit per test,memory limit per test,"E1. Bit Game (Easy Version)time limit per test2 secondsmemory limit per test256 megabytesinputstandard inputoutputstandard outputThis is the easy version of this problem. The only difference is that you need to output the winner of the game in this version, and the number of stones in each pile are fixed. You must solve both versions to be able to hack.Alice and Bob are playing a familiar game where they take turns removing stones from $$$n$$$ piles. Initially, there are $$$x_i$$$ stones in the $$$i$$$-th pile, and it has an associated value $$$a_i$$$. A player can take $$$d$$$ stones away from the $$$i$$$-th pile if and only if both of the following conditions are met:   $$$1 \le d \le a_i$$$, and  $$$x \, \& \, d = d$$$, where $$$x$$$ is the current number of stones in the $$$i$$$-th pile and $$$\&$$$ denotes the bitwise AND operation. The player who cannot make a move loses, and Alice goes first.You're given the $$$a_i$$$ and $$$x_i$$$ values for each pile, please determine who will win the game if both players play optimally.InputEach test contains multiple test cases. The first line contains the number of test cases $$$t$$$ ($$$1 \le t \le 1000$$$). The description of the test cases follows.The first line of each test case contains $$$n$$$ ($$$1 \le n \le 10^4$$$) — the number of piles.The second line of each test case contains $$$n$$$ integers $$$a_1, a_2, \ldots, a_n$$$ ($$$1 \le a_i < 2^{30}$$$).The third line of each test case contains $$$n$$$ integers $$$x_1, x_2, \ldots, x_n$$$ ($$$1 \le x_i < 2^{30}$$$).It is guaranteed that the sum of $$$n$$$ over all test cases does not exceed $$$10^4$$$.OutputPrint a single line with the winner's name. If Alice wins, print ""Alice"", otherwise print ""Bob"" (without quotes).ExampleInput
721 610 7310 8 1525 4 1448 32 65 647 45 126 94320 40 123 55 1512345 9876 86419 8641 16789 54321 7532 97532 1220 6444 61357 109 5569 90 85Output
Bob
Bob
Bob
Bob
Bob
Alice
Alice
NoteIn the first test case, neither player can take any stones from the first pile since there is no value of $$$d$$$ satisfying the conditions. For the second pile, to begin with, Alice can remove between $$$1$$$ and $$$6$$$ stones. No matter which move Alice performs, Bob can remove the rest of the stones on his turn. After Bob's move, there are no more moves that Alice can perform, so Bob wins.In the second test case, here is one example of how the game might go. Alice moves first, and she decides to remove from the first pile. She cannot take $$$17$$$ stones, because $$$17 > 10$$$, which fails the first condition. She cannot take $$$10$$$ stones, because $$$25 \, \& \, 10 = 8$$$ which fails the second condition. One option is to take $$$9$$$ stones; now the pile has $$$16$$$ stones left. On Bob's turn he decides to take stones from the second pile; the only option here is to take all $$$4$$$. Now, no more stones can be taken from either of the first two piles, so Alice must take some stones from the last pile. She decides to take $$$12$$$ stones, and Bob then follows by taking the last $$$2$$$ stones on that pile. Since Alice now has no legal moves left, Bob wins. It can be shown that no matter which strategy Alice follows, Bob will always be able to win if he plays optimally."
2027D2,The Endspeaker (Hard Version),"binary search, data structures, dp, greedy, implementation, two pointers",time limit per test,memory limit per test,"D2. The Endspeaker (Hard Version)time limit per test2 secondsmemory limit per test256 megabytesinputstandard inputoutputstandard outputThis is the hard version of this problem. The only difference is that you need to also output the number of optimal sequences in this version. You must solve both versions to be able to hack.You're given an array $$$a$$$ of length $$$n$$$, and an array $$$b$$$ of length $$$m$$$ ($$$b_i > b_{i+1}$$$ for all $$$1 \le i < m$$$). Initially, the value of $$$k$$$ is $$$1$$$. Your aim is to make the array $$$a$$$ empty by performing one of these two operations repeatedly:  Type $$$1$$$ — If the value of $$$k$$$ is less than $$$m$$$ and the array $$$a$$$ is not empty, you can increase the value of $$$k$$$ by $$$1$$$. This does not incur any cost.  Type $$$2$$$ — You remove a non-empty prefix of array $$$a$$$, such that its sum does not exceed $$$b_k$$$. This incurs a cost of $$$m - k$$$. You need to minimize the total cost of the operations to make array $$$a$$$ empty. If it's impossible to do this through any sequence of operations, output $$$-1$$$. Otherwise, output the minimum total cost of the operations, and the number of sequences of operations which yield this minimum cost modulo $$$10^9 + 7$$$. Two sequences of operations are considered different if you choose a different type of operation at any step, or the size of the removed prefix is different at any step.InputEach test contains multiple test cases. The first line contains the number of test cases $$$t$$$ ($$$1 \le t \le 1000$$$). The description of the test cases follows.The first line of each test case contains two integers $$$n$$$ and $$$m$$$ ($$$1 \le n, m \le 3 \cdot 10^5$$$, $$$\boldsymbol{1 \le n \cdot m \le 3 \cdot 10^5}$$$).The second line of each test case contains $$$n$$$ integers $$$a_1, a_2, \ldots, a_n$$$ ($$$1 \le a_i \le 10^9$$$).The third line of each test case contains $$$m$$$ integers $$$b_1, b_2, \ldots, b_m$$$ ($$$1 \le b_i \le 10^9$$$).It is also guaranteed that $$$b_i > b_{i+1}$$$ for all $$$1 \le i < m$$$.It is guaranteed that the sum of $$$\boldsymbol{n \cdot m}$$$ over all test cases does not exceed $$$3 \cdot 10^5$$$.OutputFor each test case, if it's possible to make $$$a$$$ empty, then output two integers. The first should be the minimum total cost of the operations, and the second should be the number of sequences of operations which achieve this minimum cost, modulo $$$10^9 + 7$$$.If there is no possible sequence of operations which makes $$$a$$$ empty, then output a single integer $$$-1$$$.ExampleInput
54 29 3 4 311 71 22019 1810 22 5 2 1 10 3 2 9 9 617 910 112 2 2 2 2 2 2 2 2 220 18 16 14 12 10 8 6 4 2 11 61032 16 8 4 2 1Output
1 3
-1
2 11
10 42
4 1
NoteIn the first test case, there are $$$3$$$ optimal sequences of operations which yield a total cost of $$$1$$$:  All $$$3$$$ sequences begin with a type $$$2$$$ operation, removing the prefix $$$[9]$$$ to make $$$a = [3, 4, 3]$$$, incurring a cost of $$$1$$$. Then, we perform a type $$$1$$$ operation to increase the value of $$$k$$$ by $$$1$$$. All subsequent operations now incur a cost of $$$0$$$.  One sequence continues by removing the prefixes $$$[3, 4]$$$ then $$$[3]$$$.  Another sequence continues by removing the prefixes $$$[3]$$$ then $$$[4, 3]$$$.  Another sequence continues by removing the prefixes $$$[3]$$$ then $$$[4]$$$ then $$$[3]$$$. In the second test case, it's impossible to remove any prefix of the array since $$$a_1 > b_1$$$, so array $$$a$$$ cannot be made empty by any sequence of operations."
2027D1,The Endspeaker (Easy Version),"binary search, dp, graphs, greedy, implementation, two pointers",time limit per test,memory limit per test,"D1. The Endspeaker (Easy Version)time limit per test2 secondsmemory limit per test256 megabytesinputstandard inputoutputstandard outputThis is the easy version of this problem. The only difference is that you only need to output the minimum total cost of operations in this version. You must solve both versions to be able to hack.You're given an array $$$a$$$ of length $$$n$$$, and an array $$$b$$$ of length $$$m$$$ ($$$b_i > b_{i+1}$$$ for all $$$1 \le i < m$$$). Initially, the value of $$$k$$$ is $$$1$$$. Your aim is to make the array $$$a$$$ empty by performing one of these two operations repeatedly:  Type $$$1$$$ — If the value of $$$k$$$ is less than $$$m$$$ and the array $$$a$$$ is not empty, you can increase the value of $$$k$$$ by $$$1$$$. This does not incur any cost.  Type $$$2$$$ — You remove a non-empty prefix of array $$$a$$$, such that its sum does not exceed $$$b_k$$$. This incurs a cost of $$$m - k$$$. You need to minimize the total cost of the operations to make array $$$a$$$ empty. If it's impossible to do this through any sequence of operations, output $$$-1$$$. Otherwise, output the minimum total cost of the operations.InputEach test contains multiple test cases. The first line contains the number of test cases $$$t$$$ ($$$1 \le t \le 1000$$$). The description of the test cases follows.The first line of each test case contains two integers $$$n$$$ and $$$m$$$ ($$$1 \le n, m \le 3 \cdot 10^5$$$, $$$\boldsymbol{1 \le n \cdot m \le 3 \cdot 10^5}$$$).The second line of each test case contains $$$n$$$ integers $$$a_1, a_2, \ldots, a_n$$$ ($$$1 \le a_i \le 10^9$$$).The third line of each test case contains $$$m$$$ integers $$$b_1, b_2, \ldots, b_m$$$ ($$$1 \le b_i \le 10^9$$$).It is also guaranteed that $$$b_i > b_{i+1}$$$ for all $$$1 \le i < m$$$.It is guaranteed that the sum of $$$\boldsymbol{n \cdot m}$$$ over all test cases does not exceed $$$3 \cdot 10^5$$$.OutputFor each test case, if it's possible to make $$$a$$$ empty, then output the minimum total cost of the operations.If there is no possible sequence of operations which makes $$$a$$$ empty, then output a single integer $$$-1$$$.ExampleInput
54 29 3 4 311 71 22019 1810 22 5 2 1 10 3 2 9 9 617 910 112 2 2 2 2 2 2 2 2 220 18 16 14 12 10 8 6 4 2 11 61032 16 8 4 2 1Output
1
-1
2
10
4
NoteIn the first test case, one optimal sequence of operations which yields a total cost of $$$1$$$ is as follows:  Perform an operation of type $$$2$$$. Choose the prefix to be $$$[9]$$$. This incurs a cost of $$$1$$$.  Perform an operation of type $$$1$$$. The value of $$$k$$$ is now $$$2$$$. This incurs no cost.  Perform an operation of type $$$2$$$. Choose the prefix to be $$$[3, 4]$$$. This incurs a cost of $$$0$$$.  Perform an operation of type $$$2$$$. Choose the prefix to be $$$[3]$$$. This incurs a cost of $$$0$$$.  The array $$$a$$$ is now empty, and the total cost of all operations is $$$1$$$. In the second test case, it's impossible to remove any prefix of the array since $$$a_1 > b_1$$$, so array $$$a$$$ cannot be made empty by any sequence of operations."
2027C,Add Zeros,"brute force, data structures, dfs and similar, dp, graphs, greedy",time limit per test,memory limit per test,"C. Add Zerostime limit per test3 secondsmemory limit per test256 megabytesinputstandard inputoutputstandard outputYou're given an array $$$a$$$ initially containing $$$n$$$ integers. In one operation, you must do the following:  Choose a position $$$i$$$ such that $$$1 < i \le |a|$$$ and $$$a_i = |a| + 1 - i$$$, where $$$|a|$$$ is the current size of the array.  Append $$$i - 1$$$ zeros onto the end of $$$a$$$. After performing this operation as many times as you want, what is the maximum possible length of the array $$$a$$$?InputEach test contains multiple test cases. The first line contains the number of test cases $$$t$$$ ($$$1 \le t \le 1000$$$). The description of the test cases follows.The first line of each test case contains $$$n$$$ ($$$1 \le n \le 3 \cdot 10^5$$$) — the length of the array $$$a$$$.The second line of each test case contains $$$n$$$ integers $$$a_1, a_2, \ldots, a_n$$$ ($$$1 \le a_i \le 10^{12}$$$).It is guaranteed that the sum of $$$n$$$ over all test cases does not exceed $$$3 \cdot 10^5$$$.OutputFor each test case, output a single integer — the maximum possible length of $$$a$$$ after performing some sequence of operations.ExampleInput
452 4 6 2 555 4 4 5 146 8 2 311Output
10
11
10
1
NoteIn the first test case, we can first choose $$$i = 4$$$, since $$$a_4 = 5 + 1 - 4 = 2$$$. After this, the array becomes $$$[2, 4, 6, 2, 5, 0, 0, 0]$$$. We can then choose $$$i = 3$$$ since $$$a_3 = 8 + 1 - 3 = 6$$$. After this, the array becomes $$$[2, 4, 6, 2, 5, 0, 0, 0, 0, 0]$$$, which has a length of $$$10$$$. It can be shown that no sequence of operations will make the final array longer.In the second test case, we can choose $$$i=2$$$, then $$$i=3$$$, then $$$i=4$$$. The final array will be $$$[5, 4, 4, 5, 1, 0, 0, 0, 0, 0, 0]$$$, with a length of $$$11$$$."
2027B,Stalin Sort,"brute force, greedy",time limit per test,memory limit per test,"B. Stalin Sorttime limit per test1 secondmemory limit per test256 megabytesinputstandard inputoutputstandard outputStalin Sort is a humorous sorting algorithm designed to eliminate elements which are out of place instead of bothering to sort them properly, lending itself to an $$$\mathcal{O}(n)$$$ time complexity.It goes as follows: starting from the second element in the array, if it is strictly smaller than the previous element (ignoring those which have already been deleted), then delete it. Continue iterating through the array until it is sorted in non-decreasing order. For example, the array $$$[1, 4, 2, 3, 6, 5, 5, 7, 7]$$$ becomes $$$[1, 4, 6, 7, 7]$$$ after a Stalin Sort.We define an array as vulnerable if you can sort it in non-increasing order by repeatedly applying a Stalin Sort to any of its subarrays$$$^{\text{∗}}$$$, as many times as is needed.Given an array $$$a$$$ of $$$n$$$ integers, determine the minimum number of integers which must be removed from the array to make it vulnerable.$$$^{\text{∗}}$$$An array $$$a$$$ is a subarray of an array $$$b$$$ if $$$a$$$ can be obtained from $$$b$$$ by the deletion of several (possibly, zero or all) elements from the beginning and several (possibly, zero or all) elements from the end. InputEach test consists of several test cases. The first line contains a single integer $$$t$$$ ($$$1 \le t \le 500$$$) — the number of test cases. This is followed by descriptions of the test cases.The first line of each test case contains a single integer $$$n$$$ ($$$1 \le n \le 2000$$$) — the size of the array.The second line of each test case contains $$$n$$$ integers $$$a_1, a_2, \ldots, a_n$$$ ($$$1 \le a_i \le 10^9$$$).It is guaranteed that the sum of $$$n$$$ over all test cases does not exceed $$$2000$$$.OutputFor each test case, output a single integer — the minimum number of integers which must be removed from the array to make it vulnerable.ExampleInput
673 6 4 9 2 5 255 4 4 2 282 2 4 4 6 6 10 101100096 8 9 10 12 9 7 5 47300000000 600000000 400000000 900000000 200000000 400000000 200000000Output
2
0
6
0
4
2
NoteIn the first test case, the optimal answer is to remove the numbers $$$3$$$ and $$$9$$$. Then we are left with $$$a = [6, 4, 2, 5, 2]$$$. To show this array is vulnerable, we can first apply a Stalin Sort on the subarray $$$[4, 2, 5]$$$ to get $$$a = [6, 4, 5, 2]$$$ and then apply a Stalin Sort on the subarray $$$[6, 4, 5]$$$ to get $$$a = [6, 2]$$$, which is non-increasing.In the second test case, the array is already non-increasing, so we don't have to remove any integers."
2027A,Rectangle Arrangement,"geometry, implementation, math",time limit per test,memory limit per test,"A. Rectangle Arrangementtime limit per test1 secondmemory limit per test256 megabytesinputstandard inputoutputstandard outputYou are coloring an infinite square grid, in which all cells are initially white. To do this, you are given $$$n$$$ stamps. Each stamp is a rectangle of width $$$w_i$$$ and height $$$h_i$$$.You will use each stamp exactly once to color a rectangle of the same size as the stamp on the grid in black. You cannot rotate the stamp, and for each cell, the stamp must either cover it fully or not cover it at all. You can use the stamp at any position on the grid, even if some or all of the cells covered by the stamping area are already black.What is the minimum sum of the perimeters of the connected regions of black squares you can obtain after all the stamps have been used?InputEach test contains multiple test cases. The first line contains the number of test cases $$$t$$$ ($$$1 \le t \le 500$$$). The description of the test cases follows.The first line of each test case contains a single integer $$$n$$$ ($$$1 \le n \le 100$$$).The $$$i$$$-th of the next $$$n$$$ lines contains two integers $$$w_i$$$ and $$$h_i$$$ ($$$1 \le w_i, h_i \le 100$$$).OutputFor each test case, output a single integer — the minimum sum of the perimeters of the connected regions of black squares you can obtain after all the stamps have been used.ExampleInput
551 52 43 34 25 132 21 11 213 23100 100100 100100 10041 42 31 53 2Output
20
8
10
400
16
NoteIn the first test case, the stamps can be used as shown on the left. Each stamp is highlighted in its own color for clarity.  After all these stamps are used, there is one black region (as shown on the right), and its perimeter is $$$20$$$. It can be shown that there is no way of using the stamps that yields a lower total perimeter.In the second test case, the second and third stamps can be used entirely inside the first one, so the minimum perimeter is equal to $$$8$$$."
2026F,Bermart Ice Cream,"data structures, dfs and similar, divide and conquer, dp, implementation, trees",time limit per test,memory limit per test,"F. Bermart Ice Creamtime limit per test2 secondsmemory limit per test1024 megabytesinputstandard inputoutputstandard outputIn the Bermart chain of stores, a variety of ice cream is sold. Each type of ice cream has two parameters: price and tastiness.Initially, there is one store numbered $$$1$$$, which sells nothing. You have to process $$$q$$$ queries of the following types:   $$$1~x$$$ — a new store opens, that sells the same types of ice cream as store $$$x$$$. It receives the minimum available positive index. The order of the types of ice cream in the new store is the same as in store $$$x$$$.  $$$2~x~p~t$$$ — a type of ice cream with price $$$p$$$ and tastiness $$$t$$$ becomes available in store $$$x$$$.  $$$3~x$$$ — a type of ice cream that was available the longest (appeared the earliest) in store $$$x$$$ is removed.  $$$4~x~p$$$ — for store $$$x$$$, find the maximum total tastiness of a subset of types of ice cream that are sold there, such that the total price does not exceed $$$p$$$ (each type can be used in the subset no more than once). InputThe first line contains a single integer $$$q$$$ ($$$1 \le q \le 3 \cdot 10^4$$$) — the number of queries.Each of the following $$$q$$$ lines contains a query in the format described in the statement:   $$$1~x$$$;  $$$2~x~p~t$$$ ($$$1 \le p, t \le 2000$$$);  $$$3~x$$$;  $$$4~x~p$$$ ($$$1 \le p \le 2000$$$). Additional constraints on the input data:   $$$x$$$ in each query does not exceed the current number of stores (that is, $$$1$$$ plus the number of type $$$1$$$ queries);  query type $$$3$$$ is not applied to a store that has no types of ice cream;  there is at least one query of type $$$4$$$. OutputFor each query of type $$$4$$$, output a single integer — for store $$$x$$$, find the maximum total tastiness of a subset of types of ice cream that are sold there, such that the total price does not exceed $$$p$$$ (each type can be used in the subset no more than once).ExampleInput
122 1 5 72 1 3 44 1 44 1 84 1 21 12 2 4 104 1 94 2 93 14 1 94 2 9Output
4
11
0
11
17
4
17"
2026E,Best Subsequence,"bitmasks, brute force, dfs and similar, flows, graph matchings, graphs",time limit per test,memory limit per test,"E. Best Subsequencetime limit per test2 secondsmemory limit per test256 megabytesinputstandard inputoutputstandard outputGiven an integer array $$$a$$$ of size $$$n$$$.Let's define the value of the array as its size minus the number of set bits in the bitwise OR of all elements of the array.For example, for the array $$$[1, 0, 1, 2]$$$, the bitwise OR is $$$3$$$ (which contains $$$2$$$ set bits), and the value of the array is $$$4-2=2$$$.Your task is to calculate the maximum possible value of some subsequence of the given array.InputThe first line contains a single integer $$$t$$$ ($$$1 \le t \le 100$$$) — the number of test cases.The first line of each test case contains a single integer $$$n$$$ ($$$1 \le n \le 100$$$).The second line of each test case contains $$$n$$$ integers $$$a_1, a_2, \dots, a_n$$$ ($$$0 \le a_i < 2^{60}$$$).OutputFor each test case, print the maximum possible value of some subsequence of the given array.ExampleInput
430 0 041 0 1 21587 1 48 14 13 8 7 6Output
3
2
0
3"
2026D,Sums of Segments,"binary search, data structures, dp, implementation, math",time limit per test,memory limit per test,"D. Sums of Segmentstime limit per test4 secondsmemory limit per test512 megabytesinputstandard inputoutputstandard outputYou are given a sequence of integers $$$[a_1, a_2, \dots, a_n]$$$. Let $$$s(l,r)$$$ be the sum of elements from $$$a_l$$$ to $$$a_r$$$ (i. e. $$$s(l,r) = \sum\limits_{i=l}^{r} a_i$$$).Let's construct another sequence $$$b$$$ of size $$$\frac{n(n+1)}{2}$$$ as follows: $$$b = [s(1,1), s(1,2), \dots, s(1,n), s(2,2), s(2,3), \dots, s(2,n), s(3,3), \dots, s(n,n)]$$$.For example, if $$$a = [1, 2, 5, 10]$$$, then $$$b = [1, 3, 8, 18, 2, 7, 17, 5, 15, 10]$$$.You are given $$$q$$$ queries. During the $$$i$$$-th query, you are given two integers $$$l_i$$$ and $$$r_i$$$, and you have to calculate $$$\sum \limits_{j=l_i}^{r_i} b_j$$$.InputThe first line contains one integer $$$n$$$ ($$$1 \le n \le 3 \cdot 10^5$$$).The second line contains $$$n$$$ integers $$$a_1, a_2, \dots, a_n$$$ ($$$-10 \le a_i \le 10$$$).The third line contains one integer $$$q$$$ ($$$1 \le q \le 3 \cdot 10^5$$$).Then $$$q$$$ lines follow, the $$$i$$$-th of them contains two integers $$$l_i$$$ and $$$r_i$$$ ($$$1 \le l_i \le r_i \le \frac{n(n+1)}{2}$$$).OutputPrint $$$q$$$ integers, the $$$i$$$-th of which should be equal to $$$\sum \limits_{j=l_i}^{r_i} b_j$$$.ExampleInput
41 2 5 10151 11 21 31 41 51 105 106 102 83 43 103 85 65 51 8Output
1
4
12
30
32
86
56
54
60
26
82
57
9
2
61"
2026C,Action Figures,"data structures, greedy",time limit per test,memory limit per test,"C. Action Figurestime limit per test2.5 secondsmemory limit per test512 megabytesinputstandard inputoutputstandard outputThere is a shop that sells action figures near Monocarp's house. A new set of action figures will be released shortly; this set contains $$$n$$$ figures, the $$$i$$$-th figure costs $$$i$$$ coins and is available for purchase from day $$$i$$$ to day $$$n$$$.For each of the $$$n$$$ days, Monocarp knows whether he can visit the shop.Every time Monocarp visits the shop, he can buy any number of action figures which are sold in the shop (of course, he cannot buy an action figure that is not yet available for purchase). If Monocarp buys at least two figures during the same day, he gets a discount equal to the cost of the most expensive figure he buys (in other words, he gets the most expensive of the figures he buys for free). Monocarp wants to buy exactly one $$$1$$$-st figure, one $$$2$$$-nd figure, ..., one $$$n$$$-th figure from the set. He cannot buy the same figure twice. What is the minimum amount of money he has to spend?InputThe first line contains one integer $$$t$$$ ($$$1 \le t \le 10^4$$$) — the number of test cases.Each test case consists of two lines:  the first line contains one integer $$$n$$$ ($$$1 \le n \le 4 \cdot 10^5$$$) — the number of figures in the set (and the number of days);  the second line contains a string $$$s$$$ ($$$|s| = n$$$, each $$$s_i$$$ is either 0 or 1). If Monocarp can visit the shop on the $$$i$$$-th day, then $$$s_i$$$ is 1; otherwise, $$$s_i$$$ is 0. Additional constraints on the input:   in each test case, $$$s_n$$$ is 1, so Monocarp is always able to buy all figures during the $$$n$$$-th day;  the sum of $$$n$$$ over all test cases does not exceed $$$4 \cdot 10^5$$$. OutputFor each test case, print one integer — the minimum amount of money Monocarp has to spend.ExampleInput
411610110171110001511111Output
1
8
18
6
NoteIn the first test case, Monocarp buys the $$$1$$$-st figure on the $$$1$$$-st day and spends $$$1$$$ coin.In the second test case, Monocarp can buy the $$$1$$$-st and the $$$3$$$-rd figure on the $$$3$$$-rd day, the $$$2$$$-nd and the $$$4$$$-th figure on the $$$4$$$-th day, and the $$$5$$$-th and the $$$6$$$-th figure on the $$$6$$$-th day. Then, he will spend $$$1+2+5=8$$$ coins. In the third test case, Monocarp can buy the $$$2$$$-nd and the $$$3$$$-rd figure on the $$$3$$$-rd day, and all other figures on the $$$7$$$-th day. Then, he will spend $$$1+2+4+5+6 = 18$$$ coins."
2026B,Black Cells,"brute force, greedy",time limit per test,memory limit per test,"B. Black Cellstime limit per test2 secondsmemory limit per test256 megabytesinputstandard inputoutputstandard outputYou are given a strip divided into cells, numbered from left to right from $$$0$$$ to $$$10^{18}$$$. Initially, all cells are white.You can perform the following operation: choose two white cells $$$i$$$ and $$$j$$$, such that $$$i \ne j$$$ and $$$|i - j| \le k$$$, and paint them black.A list $$$a$$$ is given. All cells from this list must be painted black. Additionally, at most one cell that is not in this list can also be painted black. Your task is to determine the minimum value of $$$k$$$ for which this is possible.InputThe first line contains a single integer $$$t$$$ ($$$1 \le t \le 500$$$) — the number of test cases.The first line of each test case contains a single integer $$$n$$$ ($$$1 \le n \le 2000$$$).The second line contains $$$n$$$ integers $$$a_1, a_2, \dots, a_n$$$ ($$$0 < a_i < 10^{18}$$$; $$$a_i < a_{i + 1}$$$).Additional constraint on the input: the sum of $$$n$$$ across all test cases does not exceed $$$2000$$$.OutputFor each test case, print a single integer — the minimum value of $$$k$$$ for which it is possible to paint all the given cells black.ExampleInput
421 21732 4 951 5 8 10 13Output
1
1
2
3
NoteIn the first example, with $$$k=1$$$, it is possible to paint the cells $$$(1, 2)$$$.In the second example, with $$$k=1$$$, it is possible to paint the cells $$$(7, 8)$$$.In the third example, with $$$k=2$$$, it is possible to paint the cells $$$(2, 4)$$$ and $$$(8, 9)$$$.In the fourth example, with $$$k=3$$$, it is possible to paint the cells $$$(0, 1)$$$, $$$(5, 8)$$$ and $$$(10, 13)$$$."
2026A,Perpendicular Segments,"brute force, geometry, math",time limit per test,memory limit per test,"A. Perpendicular Segmentstime limit per test2 secondsmemory limit per test256 megabytesinputstandard inputoutputstandard outputYou are given a coordinate plane and three integers $$$X$$$, $$$Y$$$, and $$$K$$$. Find two line segments $$$AB$$$ and $$$CD$$$ such that   the coordinates of points $$$A$$$, $$$B$$$, $$$C$$$, and $$$D$$$ are integers;  $$$0 \le A_x, B_x, C_x, D_x \le X$$$ and $$$0 \le A_y, B_y, C_y, D_y \le Y$$$;  the length of segment $$$AB$$$ is at least $$$K$$$;  the length of segment $$$CD$$$ is at least $$$K$$$;  segments $$$AB$$$ and $$$CD$$$ are perpendicular: if you draw lines that contain $$$AB$$$ and $$$CD$$$, they will cross at a right angle. Note that it's not necessary for segments to intersect. Segments are perpendicular as long as the lines they induce are perpendicular.InputThe first line contains a single integer $$$t$$$ ($$$1 \le t \le 5000$$$) — the number of test cases. Next, $$$t$$$ cases follow.The first and only line of each test case contains three integers $$$X$$$, $$$Y$$$, and $$$K$$$ ($$$1 \le X, Y \le 1000$$$; $$$1 \le K \le 1414$$$).Additional constraint on the input: the values of $$$X$$$, $$$Y$$$, and $$$K$$$ are chosen in such a way that the answer exists.OutputFor each test case, print two lines. The first line should contain $$$4$$$ integers $$$A_x$$$, $$$A_y$$$, $$$B_x$$$, and $$$B_y$$$ — the coordinates of the first segment.The second line should also contain $$$4$$$ integers $$$C_x$$$, $$$C_y$$$, $$$D_x$$$, and $$$D_y$$$ — the coordinates of the second segment.If there are multiple answers, print any of them.ExampleInput
41 1 13 4 14 3 33 4 4Output
0 0 1 0
0 0 0 1
2 4 2 2
0 1 1 1
0 0 1 3
1 2 4 1
0 1 3 4
0 3 3 0
NoteThe answer for the first test case is shown below:    The answer for the second test case:    The answer for the third test case:    The answer for the fourth test case:"
2025G,Variable Damage,"data structures, flows",time limit per test,memory limit per test,"G. Variable Damagetime limit per test5 secondsmemory limit per test512 megabytesinputstandard inputoutputstandard outputMonocarp is gathering an army to fight a dragon in a videogame.The army consists of two parts: the heroes and the defensive artifacts. Each hero has one parameter — his health. Each defensive artifact also has one parameter — its durability.Before the battle begins, Monocarp distributes artifacts to the heroes so that each hero receives at most one artifact.The battle consists of rounds that proceed as follows:   first, the dragon deals damage equal to $$$\frac{1}{a + b}$$$ (a real number without rounding) to each hero, where $$$a$$$ is the number of heroes alive and $$$b$$$ is the number of active artifacts;  after that, all heroes with health $$$0$$$ or less die;  finally, some artifacts are deactivated. An artifact with durability $$$x$$$ is deactivated when one of the following occurs: the hero holding the artifact either dies or receives $$$x$$$ total damage (from the start of the battle). If an artifact is not held by any hero, it is inactive from the beginning of the battle. The battle ends when there are no heroes left alive.Initially, the army is empty. There are $$$q$$$ queries: add a hero with health $$$x$$$ or an artifact with durability $$$y$$$ to the army. After each query, determine the maximum number of rounds that Monocarp can survive if he distributes the artifacts optimally.InputThe first line contains one integer $$$q$$$ ($$$1 \le q \le 3 \cdot 10^5$$$) — the number of queries.In the $$$i$$$-th of the following $$$q$$$ lines, there are two integers $$$t_i$$$ and $$$v_i$$$ ($$$t_i \in \{1, 2\}$$$; $$$1 \le v_i \le 10^9$$$) — the type of the query and the value of the query parameter. If the type is $$$1$$$, a hero with health $$$v_i$$$ is added. If the type is $$$2$$$, an artifact with durability $$$v_i$$$ is added.OutputPrint $$$q$$$ integers. After each query, output the maximum number of rounds that Monocarp can survive if he distributes the artifacts optimally.ExamplesInput
32 51 41 10Output
0
8
19
Input
101 91 62 41 81 32 101 31 61 102 6Output
9
15
19
27
30
39
42
48
59
65
NoteLet's consider the first example.  An artifact with durability $$$5$$$ is added. Since there are no heroes yet, the battle ends immediately.  A hero with health $$$4$$$ is added. Monocarp can give him an artifact with durability $$$5$$$. First, there are rounds in which the hero takes $$$\frac{1}{1 + 1} = \frac{1}{2}$$$ damage. After $$$8$$$ such rounds, a total of $$$4$$$ damage will have been dealt, and the hero will die, while the artifact will deactivate. There are no more heroes alive, so the battle ends after $$$8$$$ rounds.  A hero with health $$$10$$$ is added. Now let the artifact with durability $$$5$$$ be with this hero. Then, in the first $$$12$$$ rounds, the heroes will take $$$12 \cdot \frac{1}{2 + 1} = 4$$$ damage, and the first hero will die. The second hero has $$$6$$$ health left, and the artifact has $$$1$$$ durability. Now the damage is $$$\frac{1}{2}$$$, so after another $$$2$$$ rounds, the artifact will deactivate. The second hero has $$$5$$$ health left. After another $$$5$$$ rounds, the second hero will die. Therefore, the answer is $$$12 + 2 + 5 = 19$$$."
2025F,Choose Your Queries,"constructive algorithms, dfs and similar, dp, graphs, greedy, trees",time limit per test,memory limit per test,"F. Choose Your Queriestime limit per test3 secondsmemory limit per test512 megabytesinputstandard inputoutputstandard outputYou are given an array $$$a$$$, consisting of $$$n$$$ integers (numbered from $$$1$$$ to $$$n$$$). Initially, they are all zeroes.You have to process $$$q$$$ queries. The $$$i$$$-th query consists of two different integers $$$x_i$$$ and $$$y_i$$$. During the $$$i$$$-th query, you have to choose an integer $$$p$$$ (which is either $$$x_i$$$ or $$$y_i$$$) and an integer $$$d$$$ (which is either $$$1$$$ or $$$-1$$$), and assign $$$a_p = a_p + d$$$.After each query, every element of $$$a$$$ should be a non-negative integer.Process all queries in such a way that the sum of all elements of $$$a$$$ after the last query is the minimum possible.InputThe first line contains two integers $$$n$$$ and $$$q$$$ ($$$2 \le n \le 3 \cdot 10^5$$$; $$$1 \le q \le 3 \cdot 10^5$$$) — the number of elements in $$$a$$$ and the number of queries, respectively.Then $$$q$$$ lines follow. The $$$i$$$-th of these lines contains two integers $$$x_i$$$ and $$$y_i$$$ ($$$1 \le x_i, y_i \le n$$$; $$$x_i \ne y_i$$$) — the description of the $$$i$$$-th query.OutputFor each query, print a line containing two characters:  the first character should be x if you choose $$$p=x_i$$$, or y if you choose $$$p=y_i$$$;  the second character should be + if you choose $$$d=1$$$, or - if you choose $$$d=-1$$$. If there are multiple answers, print any of them.ExamplesInput
3 41 23 23 11 2Output
y+
x+
x-
y-
Input
4 41 22 33 43 2Output
y+
y+
x-
y-
Input
4 22 14 3Output
y+
x+"
2025E,Card Game,"combinatorics, dp, fft, greedy, math",time limit per test,memory limit per test,"E. Card Gametime limit per test2 secondsmemory limit per test512 megabytesinputstandard inputoutputstandard outputIn the most popular card game in Berland, a deck of $$$n \times m$$$ cards is used. Each card has two parameters: suit and rank. Suits in the game are numbered from $$$1$$$ to $$$n$$$, and ranks are numbered from $$$1$$$ to $$$m$$$. There is exactly one card in the deck for each combination of suit and rank.A card with suit $$$a$$$ and rank $$$b$$$ can beat a card with suit $$$c$$$ and rank $$$d$$$ in one of two cases:   $$$a = 1$$$, $$$c \ne 1$$$ (a card of suit $$$1$$$ can beat a card of any other suit);  $$$a = c$$$, $$$b > d$$$ (a card can beat any other card of the same suit but of a lower rank). Two players play the game. Before the game starts, they receive exactly half of the deck each. The first player wins if for every card of the second player, he can choose his card that can beat it, and there is no card that is chosen twice (i. e. there exists a matching of the first player's cards with the second player's cards such that in each pair the first player's card beats the second player's card). Otherwise, the second player wins.Your task is to calculate the number of ways to distribute the cards so that the first player wins. Two ways are considered different if there exists a card such that in one way it belongs to the first player and in the other way it belongs to the second player. The number of ways can be very large, so print it modulo $$$998244353$$$.InputThe only line contains two integers $$$n$$$ and $$$m$$$ ($$$1 \le n, m \le 500$$$).Additional constraint on the input: $$$m$$$ is even.OutputPrint a single integer — the number of ways to distribute the cards so that the first player wins, taken modulo $$$998244353$$$.ExamplesInput
1 4Output
2
Input
2 2Output
2
Input
3 6Output
1690
Input
5 4Output
568
Input
500 500Output
84693741"
2025D,Attribute Checks,"brute force, data structures, dp, implementation, math, two pointers",time limit per test,memory limit per test,"D. Attribute Checkstime limit per test2.5 secondsmemory limit per test512 megabytesinputstandard inputoutputstandard outputImagine a game where you play as a character that has two attributes: ""Strength"" and ""Intelligence"", that are at zero level initially.During the game, you'll acquire $$$m$$$ attribute points that allow you to increase your attribute levels — one point will increase one of the attributes by one level. But sometimes, you'll encounter a so-called ""Attribute Checks"": if your corresponding attribute is high enough, you'll pass it; otherwise, you'll fail it.Spending some time, you finally prepared a list which contains records of all points you got and all checks you've met. And now you're wondering: what is the maximum number of attribute checks you can pass in a single run if you'd spend points wisely?Note that you can't change the order of records.InputThe first line contains two integers $$$n$$$ and $$$m$$$ ($$$1 \le m \le 5000$$$; $$$m < n \le 2 \cdot 10^6$$$) — the number of records in the list and the total number of points you'll get during the game.The second line contains $$$n$$$ integers $$$r_1, r_2, \dots, r_n$$$ ($$$-m \le r_i \le m$$$), where $$$r_i$$$ encodes the $$$i$$$-th record:   If $$$r_i = 0$$$, then the $$$i$$$-th record is an acquiring one attribute point. You can spend to level up either Strength or Intelligence;  If $$$r_i > 0$$$, then it's an Intelligence check: if your Intelligence level is greater than or equal to $$$|r_i|$$$, you pass.  If $$$r_i < 0$$$, then it's a Strength check: if your Strength level is greater than or equal to $$$|r_i|$$$, you pass. Additional constraint on the input: the sequence $$$r_1, r_2, \dots, r_n$$$ contains exactly $$$m$$$ elements equal to $$$0$$$.OutputPrint one integer — the maximum number of checks you can pass.ExamplesInput
10 50 1 0 2 0 -3 0 -4 0 -5Output
3
Input
3 11 -1 0Output
0
Input
9 30 0 1 0 2 -3 -2 -2 1Output
4
NoteIn the first test, it's optimal to spend each point in Strength, so you'll fail $$$2$$$ Intelligence checks but pass $$$3$$$ Strength checks.In the second test, you'll fail both checks, since the first point you get comes after the checks.In the third test, one of the optimal strategies is:   spend the first point on Intelligence;  spend the second point on Strength;  spend the third point on Strength;  As a result, you'll pass $$$2$$$ Intelligence checks $$$r_3$$$ and $$$r_9$$$ and $$$2$$$ Strength checks $$$r_7$$$ and $$$r_8$$$."
2025C,New Game,"binary search, brute force, greedy, implementation, sortings, two pointers",time limit per test,memory limit per test,"C. New Gametime limit per test2 secondsmemory limit per test512 megabytesinputstandard inputoutputstandard outputThere's a new game Monocarp wants to play. The game uses a deck of $$$n$$$ cards, where the $$$i$$$-th card has exactly one integer $$$a_i$$$ written on it.At the beginning of the game, on the first turn, Monocarp can take any card from the deck. During each subsequent turn, Monocarp can take exactly one card that has either the same number as on the card taken on the previous turn or a number that is one greater than the number on the card taken on the previous turn.In other words, if on the previous turn Monocarp took a card with the number $$$x$$$, then on the current turn he can take either a card with the number $$$x$$$ or a card with the number $$$x + 1$$$. Monocarp can take any card which meets that condition, regardless of its position in the deck.After Monocarp takes a card on the current turn, it is removed from the deck.According to the rules of the game, the number of distinct numbers written on the cards that Monocarp has taken must not exceed $$$k$$$.If, after a turn, Monocarp cannot take a card without violating the described rules, the game ends.Your task is to determine the maximum number of cards that Monocarp can take from the deck during the game, given that on the first turn he can take any card from the deck.InputThe first line contains a single integer $$$t$$$ ($$$1 \le t \le 10^4$$$) — the number of test cases.The first line of each test case contains two integers $$$n$$$ and $$$k$$$ ($$$1 \le k \le n \le 200\,000$$$) — the number of cards in the deck and the maximum number of distinct numbers that can be written on the cards that Monocarp takes.The second line contains a sequence of integers $$$a_1, a_2, \dots, a_n$$$ ($$$1 \le a_i \le 10^{9}$$$), where $$$a_i$$$ is the number written on the $$$i$$$-th card.Additional constraint of the input: the sum of $$$n$$$ over all test cases doesn't exceed $$$200\,000$$$.OutputFor each test case, print the maximum number of cards that Monocarp can take from the deck during the game, given that on the first turn he can take any card from the deck.ExampleInput
410 25 2 4 3 4 3 4 5 3 25 110 11 10 11 109 34 5 4 4 6 5 4 4 63 21 3 1Output
6
3
9
2
NoteIn the first example, Monocarp needs to take any of the cards with the number $$$3$$$. On the next two turns, he needs to take the two remaining cards with the number $$$3$$$. On the next three turns, he needs to take three cards with the number $$$4$$$. After that, Monocarp will not be able to take any more cards from the deck, and he will have $$$6$$$ cards."
2025B,"Binomial Coefficients, Kind Of","combinatorics, dp, math",time limit per test,memory limit per test,"B. Binomial Coefficients, Kind Oftime limit per test2 secondsmemory limit per test512 megabytesinputstandard inputoutputstandard outputRecently, akshiM met a task that needed binomial coefficients to solve. He wrote a code he usually does that looked like this:    for (int n = 0; n < N; n++) { // loop over n from 0 to N-1 (inclusive)        C[n][0] = 1;        C[n][n] = 1;        for (int k = 1; k < n; k++) // loop over k from 1 to n-1 (inclusive)            C[n][k] = C[n][k - 1] + C[n - 1][k - 1];    }Unfortunately, he made an error, since the right formula is the following:            C[n][k] = C[n - 1][k] + C[n - 1][k - 1]But his team member keblidA is interested in values that were produced using the wrong formula. Please help him to calculate these coefficients for $$$t$$$ various pairs $$$(n_i, k_i)$$$. Note that they should be calculated according to the first (wrong) formula.Since values $$$C[n_i][k_i]$$$ may be too large, print them modulo $$$10^9 + 7$$$.InputThe first line contains a single integer $$$t$$$ ($$$1 \le t \le 10^5$$$) — the number of pairs. Next, $$$t$$$ pairs are written in two lines.The second line contains $$$t$$$ integers $$$n_1, n_2, \dots, n_t$$$ ($$$2 \le n_i \le 10^5$$$).The third line contains $$$t$$$ integers $$$k_1, k_2, \dots, k_t$$$ ($$$1 \le k_i < n_i$$$).OutputPrint $$$t$$$ integers $$$C[n_i][k_i]$$$ modulo $$$10^9 + 7$$$.ExampleInput
72 5 5 100000 100000 100000 1000001 2 3 1 33333 66666 99999Output
2
4
8
2
326186014
984426998
303861760"
2025A,Two Screens,"binary search, greedy, strings, two pointers",time limit per test,memory limit per test,"A. Two Screenstime limit per test2 secondsmemory limit per test512 megabytesinputstandard inputoutputstandard outputThere are two screens which can display sequences of uppercase Latin letters. Initially, both screens display nothing.In one second, you can do one of the following two actions:  choose a screen and an uppercase Latin letter, and append that letter to the end of the sequence displayed on that screen;  choose a screen and copy the sequence from it to the other screen, overwriting the sequence that was displayed on the other screen. You have to calculate the minimum number of seconds you have to spend so that the first screen displays the sequence $$$s$$$, and the second screen displays the sequence $$$t$$$.InputThe first line contains one integer $$$q$$$ ($$$1 \le q \le 500$$$) — the number of test cases.Each test case consists of two lines. The first line contains the string $$$s$$$, and the second line contains the string $$$t$$$ ($$$1 \le |s|, |t| \le 100$$$). Both strings consist of uppercase Latin letters.OutputFor each test case, print one integer — the minimum possible number of seconds you have to spend so that the first screen displays the sequence $$$s$$$, and the second screen displays the sequence $$$t$$$.ExampleInput
3GARAGEGARAGEFORSALEABCDEAABCDTRAININGDRAININGOutput
14
10
16
NoteIn the first test case, the following sequence of actions is possible:  spend $$$6$$$ seconds to write the sequence GARAGE on the first screen;  copy the sequence from the first screen to the second screen;  spend $$$7$$$ seconds to complete the sequence on the second screen by writing FORSALE. In the second test case, the following sequence of actions is possible:  spend $$$1$$$ second to write the sequence A on the second screen;  copy the sequence from the second screen to the first screen;  spend $$$4$$$ seconds to complete the sequence on the first screen by writing BCDE;  spend $$$4$$$ seconds to complete the sequence on the second screen by writing ABCD. In the third test case, the fastest way to display the sequences is to type both of them character by character without copying, and this requires $$$16$$$ seconds."
2024B,Buying Lemonade,"binary search, constructive algorithms, sortings",time limit per test,memory limit per test,"B. Buying Lemonadetime limit per test1 secondmemory limit per test256 megabytesinputstandard inputoutputstandard outputThere is a vending machine that sells lemonade. The machine has a total of $$$n$$$ slots. You know that initially, the $$$i$$$-th slot contains $$$a_i$$$ cans of lemonade. There are also $$$n$$$ buttons on the machine, each button corresponds to a slot, with exactly one button corresponding to each slot. Unfortunately, the labels on the buttons have worn off, so you do not know which button corresponds to which slot.When you press the button corresponding to the $$$i$$$-th slot, one of two events occurs: If there is a can of lemonade in the $$$i$$$-th slot, it will drop out and you will take it. At this point, the number of cans in the $$$i$$$-th slot decreases by $$$1$$$. If there are no cans of lemonade left in the $$$i$$$-th slot, nothing will drop out. After pressing, the can drops out so quickly that it is impossible to track from which slot it fell. The contents of the slots are hidden from your view, so you cannot see how many cans are left in each slot. The only thing you know is the initial number of cans in the slots: $$$a_1, a_2, \ldots, a_n$$$.Determine the minimum number of button presses needed to guarantee that you receive at least $$$k$$$ cans of lemonade.Note that you can adapt your strategy during the button presses based on whether you received a can or not. It is guaranteed that there are at least $$$k$$$ cans of lemonade in total in the machine. In other words, $$$k \leq a_1 + a_2 + \ldots + a_n$$$.InputEach test consists of multiple test cases. The first line contains a single integer $$$t$$$ ($$$1 \le t \le 10^4$$$) — the number of test cases. The description of the test cases follows.The first line of each test case contains two integers $$$n$$$ and $$$k$$$ ($$$1 \le n \le 2 \cdot 10^5$$$, $$$1 \leq k \leq 10^9$$$) — the number of slots in the machine and the required number of cans of lemonade.The second line of each test case contains $$$n$$$ integers $$$a_1, a_2, \ldots, a_n$$$ ($$$1 \le a_i \le 10^9$$$) — the number of cans in the slots.It is guaranteed that $$$k \leq a_1 + a_2 + \ldots + a_n$$$, meaning there are at least $$$k$$$ cans of lemonade in the machine.It is guaranteed that the sum of $$$n$$$ over all test cases does not exceed $$$2 \cdot 10^5$$$.OutputFor each test case, output a single integer — the minimum number of button presses needed to guarantee that you receive at least $$$k$$$ cans of lemonade.ExampleInput
52 11 12 21 23 42 1 310 501 1 3 8 8 9 12 13 27 272 10000000001000000000 500000000Output
1
2
5
53
1000000000
NoteIn the first test case, we can simply press the first button and receive one can of lemonade.In the second test case, we can press each button once and guarantee that we receive $$$2$$$ cans of lemonade. Note that if we simply press one button twice, we might not be lucky, and that button could correspond to the first slot, in which case we would only receive $$$1$$$ can of lemonade for two presses.In the third test case, one of the optimal strategies is as follows:Press the first button twice. After the first press, a can of lemonade will definitely drop out. Then there are two options: If no can of lemonade drops after the second press, we know that this button must correspond to the second slot, since $$$a_2 = 1$$$ and $$$a_1, a_3 > 1$$$. Then we can press the second button twice and the third button once. Since $$$a_1, a_3 \geq 2$$$, we will definitely receive three cans of lemonade for these three presses. Thus, after $$$5$$$ presses, we will have $$$4$$$ cans of lemonade. If a can of lemonade drops after the second press, we can make one press on the second button and one press on the third button. After each of these presses, we will definitely receive a can of lemonade. Thus, after $$$4$$$ presses, we will have $$$4$$$ cans of lemonade.It can be shown that it is impossible to guarantee receiving $$$4$$$ cans of lemonade with only $$$4$$$ presses, so the answer is $$$5$$$."
2024A,Profitable Interest Rate,"greedy, math",time limit per test,memory limit per test,"A. Profitable Interest Ratetime limit per test1 secondmemory limit per test256 megabytesinputstandard inputoutputstandard outputAlice has $$$a$$$ coins. She can open a bank deposit called ""Profitable"", but the minimum amount required to open this deposit is $$$b$$$ coins.There is also a deposit called ""Unprofitable"", which can be opened with any amount of coins. Alice noticed that if she opens the ""Unprofitable"" deposit with $$$x$$$ coins, the minimum amount required to open the ""Profitable"" deposit decreases by $$$2x$$$ coins. However, these coins cannot later be deposited into the ""Profitable"" deposit.Help Alice determine the maximum number of coins she can deposit into the ""Profitable"" deposit if she first deposits some amount of coins (possibly $$$0$$$) into the ""Unprofitable"" deposit. If Alice can never open the ""Profitable"" deposit, output $$$0$$$.InputEach test consists of multiple test cases. The first line contains a single integer $$$t$$$ ($$$1 \le t \le 10^4$$$) — the number of test cases. The description of the test cases follows.A single line of each test case contains two integers $$$a$$$ and $$$b$$$ ($$$1 \le a, b \le 10^9$$$) — the number of coins Alice has and the initial minimum amount required to open the ""Profitable"" deposit.OutputFor each test case, output a single integer — the maximum number of coins that Alice can deposit into the ""Profitable"" deposit. If Alice can never open the ""Profitable"" deposit, output $$$0$$$.ExampleInput
510 57 95 1001 11 2Output
10
5
0
1
0
NoteIn the first test case, $$$a \ge b$$$, so Alice can immediately open the ""Profitable"" deposit with all $$$10$$$ coins.In the second test case, Alice can open the ""Unprofitable"" deposit with $$$2$$$ coins. Then she will have $$$5$$$ coins left, but the minimum amount required to open the ""Profitable"" deposit will decrease by $$$4$$$ coins, making it equal to $$$5$$$ coins. Thus, Alice will be able to open the ""Profitable"" deposit with $$$5$$$ coins.In the third test case, Alice will not be able to open the ""Profitable"" deposit."
2023F,Hills and Pits,"data structures, greedy, math, matrices",time limit per test,memory limit per test,"F. Hills and Pitstime limit per test3 secondsmemory limit per test512 megabytesinputstandard inputoutputstandard outputIn a desert city with a hilly landscape, the city hall decided to level the road surface by purchasing a dump truck. The road is divided into $$$n$$$ sections, numbered from $$$1$$$ to $$$n$$$ from left to right. The height of the surface in the $$$i$$$-th section is equal to $$$a_i$$$. If the height of the $$$i$$$-th section is greater than $$$0$$$, then the dump truck must take sand from the $$$i$$$-th section of the road, and if the height of the $$$i$$$-th section is less than $$$0$$$, the dump truck must fill the pit in the $$$i$$$-th section of the road with sand. It is guaranteed that the initial heights are not equal to $$$0$$$.When the dump truck is in the $$$i$$$-th section of the road, it can either take away $$$x$$$ units of sand, in which case the height of the surface in the $$$i$$$-th section will decrease by $$$x$$$, or it can fill in $$$x$$$ units of sand (provided that it currently has at least $$$x$$$ units of sand in its bed), in which case the height of the surface in the $$$i$$$-th section of the road will increase by $$$x$$$.The dump truck can start its journey from any section of the road. Moving to an adjacent section on the left or right takes $$$1$$$ minute, and the time for loading and unloading sand can be neglected. The dump truck has an infinite capacity and is initially empty.You need to find the minimum time required for the dump truck to level the sand so that the height in each section becomes equal to $$$0$$$. Note that after all movements, the dump truck may still have sand left in its bed. You need to solve this problem independently for the segments numbered from $$$l_i$$$ to $$$r_i$$$. Sand outside the segment cannot be used.InputEach test consists of multiple test cases. The first line contains a single integer $$$t$$$ ($$$1 \le t \le 10^4$$$) — the number of test cases. The description of the test cases follows.The first line of each test case contains two integers $$$n$$$ and $$$q$$$ ($$$1 \le n, q \le 3 \cdot 10^5$$$) — the number of sections and the number of queries.The second line of each test case contains $$$n$$$ integers $$$a_1, a_2, \ldots, a_n$$$ ($$$-10^9 \le a_i \le 10^9$$$, $$$a_i \neq 0$$$) — the initial height in each section.The $$$i$$$-th of the following $$$q$$$ lines contains two integers $$$l_i$$$ and $$$r_i$$$ ($$$1 \le l_i \le r_i \le n$$$) — the boundaries of the segment of sections for which the minimum time needs to be determined.It is guaranteed that the sum of $$$n$$$ over all test cases and the sum of $$$q$$$ over all test cases do not exceed $$$3 \cdot 10^5$$$.OutputFor each query, output the minimum time required to level the sand in the segment $$$[l_i, r_i]$$$, or $$$-1$$$ if it is impossible.ExampleInput
51 1-1791 15 3-2 2 -1 3 -12 41 51 37 11 1 1 -4 1 1 11 77 22 -2 2 -2 1 2 -11 72 74 41000000000 1000000000 999999999 -10000000002 43 42 31 3Output
-1
2
5
-1
8
6
6
2
-1
1
2
NoteIn the first test case, $$$179$$$ units of sand need to be added to the only section. However, there is nowhere to take it from, so this is impossible.In the second test case:  In the first query, the dump truck can start its journey at the second section. It can take $$$2$$$ units of sand, after which the height in the second section will become $$$0$$$. Then the dump truck can move to the third section. It can pour $$$1$$$ unit of sand there, after which the height in the third section will become $$$0$$$. Then the dump truck can move to the fourth section. There it can take $$$3$$$ units of sand, after which the height in the fourth section will become $$$0$$$. In total, the dump truck will spend $$$2$$$ minutes on movements. In the second query, the dump truck can start its journey at the fourth section. It can take $$$3$$$ units of sand, after which the height in the fourth section will become $$$0$$$. Then the dump truck can move to the fifth section. It can pour $$$1$$$ unit of sand there, after which the height in the fifth section will become $$$0$$$. Then the dump truck can move back to the fourth section and then to the third. It can pour $$$1$$$ unit of sand there, after which the height in the third section will become $$$0$$$. Then the dump truck can move to the second section. It can take $$$2$$$ units of sand. Then it can move to the first section. It can pour $$$2$$$ units of sand there, after which the height in the first section will become $$$0$$$. In total, the dump truck will spend $$$5$$$ minutes on movements. In the third query, the dump truck will not be able to make the height in each section equal to $$$0$$$."
2023E,Tree of Life,"dp, greedy, trees",time limit per test,memory limit per test,"E. Tree of Lifetime limit per test2 secondsmemory limit per test512 megabytesinputstandard inputoutputstandard outputIn the heart of an ancient kingdom grows the legendary Tree of Life — the only one of its kind and the source of magical power for the entire world. The tree consists of $$$n$$$ nodes. Each node of this tree is a magical source, connected to other such sources through magical channels (edges). In total, there are $$$n-1$$$ channels in the tree, with the $$$i$$$-th channel connecting nodes $$$v_i$$$ and $$$u_i$$$. Moreover, there exists a unique simple path through the channels between any two nodes in the tree.However, the magical energy flowing through these channels must be balanced; otherwise, the power of the Tree of Life may disrupt the natural order and cause catastrophic consequences. The sages of the kingdom discovered that when two magical channels converge at a single node, a dangerous ""magical resonance vibration"" occurs between them. To protect the Tree of Life and maintain its balance, it is necessary to select several paths and perform special rituals along them. A path is a sequence of distinct nodes $$$v_1, v_2, \ldots, v_k$$$, where each pair of adjacent nodes $$$v_i$$$ and $$$v_{i+1}$$$ is connected by a channel. When the sages perform a ritual along such a path, the resonance vibration between the channels $$$(v_i, v_{i+1})$$$ and $$$(v_{i+1}, v_{i+2})$$$ is blocked for each $$$1 \leq i \leq k - 2$$$.The sages' task is to select the minimum number of paths and perform rituals along them to block all resonance vibrations. This means that for every pair of channels emanating from a single node, there must exist at least one selected path that contains both of these channels.Help the sages find the minimum number of such paths so that the magical balance of the Tree of Life is preserved, and its power continues to nourish the entire world!InputEach test consists of multiple test cases. The first line contains a single integer $$$t$$$ ($$$1 \leq t \leq 4 \cdot 10^4$$$) — the number of test cases. The description of the test cases follows.The first line of each test case contains a single integer $$$n$$$ ($$$2 \leq n \leq 5 \cdot 10^5$$$) — the number of nodes in the Tree of Life.The $$$i$$$-th of the following $$$n - 1$$$ lines of each test case contains two integers $$$v_i$$$ and $$$u_i$$$ ($$$1 \leq v_i < u_i \leq n$$$) — the channel connecting nodes $$$v_i$$$ and $$$u_i$$$.It is guaranteed that there exists a unique simple path through the channels between any two nodes.It is guaranteed that the sum of $$$n$$$ over all test cases does not exceed $$$5 \cdot 10^5$$$.OutputFor each test case, output a single integer — the minimum number of paths that the sages need to select to prevent a catastrophe.ExampleInput
541 22 33 421 241 21 31 483 72 41 22 53 61 33 862 31 23 61 51 4Output
1
0
3
7
3
NoteIn the first test case, there are two pairs of channels emanating from a single node: $$$(1, 2)$$$ and $$$(2, 3)$$$, $$$(2, 3)$$$ and $$$(3, 4)$$$. It is sufficient to perform the ritual along the path $$$1-2-3-4$$$. Thus, the answer is $$$1$$$.In the second test case, there are no pairs of channels emanating from a single node, so the answer is $$$0$$$.In the third test case, rituals can be performed along the paths $$$2-1-3$$$, $$$2-1-4$$$, and $$$3-1-4$$$."
2023D,Many Games,"brute force, dp, greedy, math, probabilities",time limit per test,memory limit per test,"D. Many Gamestime limit per test2 secondsmemory limit per test256 megabytesinputstandard inputoutputstandard outputRecently, you received a rare ticket to the only casino in the world where you can actually earn something, and you want to take full advantage of this opportunity.The conditions in this casino are as follows:   There are a total of $$$n$$$ games in the casino.  You can play each game at most once.  Each game is characterized by two parameters: $$$p_i$$$ ($$$1 \le p_i \le 100$$$) and $$$w_i$$$ — the probability of winning the game in percentage and the winnings for a win.  If you lose in any game you decide to play, you will receive nothing at all (even for the games you won). You need to choose a set of games in advance that you will play in such a way as to maximize the expected value of your winnings.In this case, if you choose to play the games with indices $$$i_1 < i_2 < \ldots < i_k$$$, you will win in all of them with a probability of $$$\prod\limits_{j=1}^k \frac{p_{i_j}}{100}$$$, and in that case, your winnings will be equal to $$$\sum\limits_{j=1}^k w_{i_j}$$$.That is, the expected value of your winnings will be $$$\left(\prod\limits_{j=1}^k \frac{p_{i_j}}{100}\right) \cdot \left(\sum\limits_{j=1}^k w_{i_j}\right)$$$.To avoid going bankrupt, the casino owners have limited the expected value of winnings for each individual game. Thus, for all $$$i$$$ ($$$1 \le i \le n$$$), it holds that $$$w_i \cdot p_i \le 2 \cdot 10^5$$$.Your task is to find the maximum expected value of winnings that can be obtained by choosing some set of games in the casino.InputThe first line contains a single integer $$$n$$$ ($$$1 \le n \le 2 \cdot 10^5$$$) — the number of games offered to play.The $$$i$$$-th of the following $$$n$$$ lines contains two integers $$$p_i$$$ and $$$w_i$$$ ($$$1 \leq p_i \leq 100$$$, $$$1 \leq w_i, p_i \cdot w_i \leq 2 \cdot 10^5$$$) — the probability of winning and the size of the winnings in the $$$i$$$-th game.OutputOutput a single number — the maximum expected value of winnings in the casino that can be obtained by choosing some subset of games.Your answer will be accepted if the relative or absolute error does not exceed $$$10^{-6}$$$. Formally, if $$$a$$$ is your answer and $$$b$$$ is the jury's answer, it will be accepted if $$$\frac{|a-b|}{\max(b, 1)} \le 10^{-6}$$$.ExamplesInput
380 8070 10050 200Output
112.00000000
Input
2100 1100 1Output
2.00000000
Input
41 1002 10002 1003 1Output
20.00000000
Input
534 80478 20999 19161 43990 79Output
395.20423800
NoteIn the first example, you can choose the first and third games. In this case, the expected value of winnings will be $$$\left(\frac{p_1}{100}\cdot \frac{p_3}{100}\right) \cdot (w_1 + w_3) = \left(\frac{80}{100}\cdot \frac{50}{100}\right) \cdot (80 + 200) = 112$$$.In the second example, you can choose the first and second games. In this case, the expected value of winnings will be $$$\left(\frac{p_1}{100}\cdot \frac{p_2}{100}\right) \cdot (w_1 + w_2) = \left(\frac{100}{100}\cdot \frac{100}{100}\right) \cdot (1 + 1) = 2$$$.In the third example, you can choose only the second game. In this case, the expected value of winnings will be $$$\frac{p_2}{100} \cdot w_2 = \frac{2}{100} \cdot 1000 = 20$$$."
2023C,C+K+S,"constructive algorithms, dfs and similar, graphs, greedy, hashing, implementation, strings",time limit per test,memory limit per test,"C. C+K+Stime limit per test3 secondsmemory limit per test256 megabytesinputstandard inputoutputstandard outputYou are given two strongly connected$$$^{\dagger}$$$ directed graphs, each with exactly $$$n$$$ vertices, but possibly different numbers of edges. Upon closer inspection, you noticed an important feature — the length of any cycle in these graphs is divisible by $$$k$$$.Each of the $$$2n$$$ vertices belongs to exactly one of two types: incoming or outgoing. For each vertex, its type is known to you.You need to determine whether it is possible to draw exactly $$$n$$$ directed edges between the source graphs such that the following four conditions are met:   The ends of any added edge lie in different graphs.  From each outgoing vertex, exactly one added edge originates.  Into each incoming vertex, exactly one added edge enters.  In the resulting graph, the length of any cycle is divisible by $$$k$$$. $$$^{\dagger}$$$A strongly connected graph is a graph in which there is a path from every vertex to every other vertex.InputEach test consists of multiple test cases. The first line contains a single integer $$$t$$$ ($$$1 \le t \le 10^4$$$) — the number of test cases. The description of the test cases follows.The first line of each test case contains two integers $$$n$$$ and $$$k$$$ ($$$2 \le k \le n \le 2 \cdot 10^5$$$) — the number of vertices in each graph and the value by which the length of each cycle is divisible.The second line of each test case contains $$$n$$$ integers $$$a_1, a_2, \ldots, a_n$$$ ($$$a_i \in \{0, 1\}$$$). If $$$a_i = 0$$$, then vertex $$$i$$$ of the first graph is incoming. If $$$a_i = 1$$$, then vertex $$$i$$$ of the first graph is outgoing.The third line of each test case contains a single integer $$$m_1$$$ ($$$1 \le m_1 \le 5 \cdot 10^5$$$) — the number of edges in the first graph.The next $$$m_1$$$ lines contain descriptions of the edges of the first graph. The $$$i$$$-th of them contains two integers $$$v_i$$$ and $$$u_i$$$ ($$$1 \le v_i, u_i \le n$$$) — an edge in the first graph leading from vertex $$$v_i$$$ to vertex $$$u_i$$$.Next, in the same format, follows the description of the second graph.The next line contains $$$n$$$ integers $$$b_1, b_2, \ldots, b_n$$$ ($$$b_i \in \{0, 1\}$$$). If $$$b_i = 0$$$, then vertex $$$i$$$ of the second graph is incoming. If $$$b_i = 1$$$, then vertex $$$i$$$ of the second graph is outgoing.The next line contains a single integer $$$m_2$$$ ($$$1 \le m_2 \le 5 \cdot 10^5$$$) — the number of edges in the second graph.The next $$$m_2$$$ lines contain descriptions of the edges of the second graph. The $$$i$$$-th of them contains two integers $$$v_i$$$ and $$$u_i$$$ ($$$1 \le v_i, u_i \le n$$$) — an edge in the second graph leading from vertex $$$v_i$$$ to vertex $$$u_i$$$.It is guaranteed that both graphs are strongly connected, and the lengths of all cycles are divisible by $$$k$$$.It is guaranteed that the sum of $$$n$$$ over all test cases does not exceed $$$2 \cdot 10^5$$$. It is guaranteed that the sum of $$$m_1$$$ and the sum of $$$m_2$$$ over all test cases does not exceed $$$5 \cdot 10^5$$$.OutputFor each test case, output ""YES"" (without quotes) if it is possible to draw $$$n$$$ new edges such that all conditions are met, and ""NO"" (without quotes) otherwise.You may output the answer in any case (for example, the strings ""yEs"", ""yes"", ""Yes"", and ""YES"" will be recognized as a positive answer).ExampleInput
34 21 0 0 141 22 33 44 11 0 0 141 33 22 44 13 30 0 031 22 33 11 1 031 22 33 14 21 1 1 141 22 33 44 10 0 0 061 22 11 33 11 44 1Output
YES
NO
YES
NoteIn the first test case, it is possible to draw edges from the first graph to the second graph as $$$(1, 3)$$$ and $$$(4, 2)$$$ (the first number in the pair is the vertex number in the first graph, and the second number in the pair is the vertex number in the second graph), and from the second graph to the first graph as $$$(1, 2)$$$, $$$(4, 3)$$$ (the first number in the pair is the vertex number in the second graph, and the second number in the pair is the vertex number in the first graph).In the second test case, there are a total of $$$4$$$ incoming vertices and $$$2$$$ outgoing vertices, so it is not possible to draw $$$3$$$ edges."
2023B,Skipping,"binary search, dp, graphs, shortest paths",time limit per test,memory limit per test,"B. Skippingtime limit per test2 secondsmemory limit per test256 megabytesinputstandard inputoutputstandard outputIt is already the year $$$3024$$$, ideas for problems have long run out, and the olympiad now takes place in a modified individual format. The olympiad consists of $$$n$$$ problems, numbered from $$$1$$$ to $$$n$$$. The $$$i$$$-th problem has its own score $$$a_i$$$ and a certain parameter $$$b_i$$$ ($$$1 \le b_i \le n$$$).Initially, the testing system gives the participant the first problem. When the participant is given the $$$i$$$-th problem, they have two options:   They can submit the problem and receive $$$a_i$$$ points;  They can skip the problem, in which case they will never be able to submit it. Then, the testing system selects the next problem for the participant from problems with indices $$$j$$$, such that:   If he submitted the $$$i$$$-th problem, it looks at problems with indices $$$j < i$$$;  If he skipped the $$$i$$$-th problem, it looks at problems with indices $$$j \leq b_i$$$. Among these problems, it selects the problem with the maximum index that it has not previously given to the participant (he has neither submitted nor skipped it before). If there is no such problem, then the competition for the participant ends, and their result is equal to the sum of points for all submitted problems. In particular, if the participant submits the first problem, then the competition for them ends. Note that the participant receives each problem at most once.Prokhor has prepared thoroughly for the olympiad, and now he can submit any problem. Help him determine the maximum number of points he can achieve.InputEach test consists of multiple test cases. The first line contains a single integer $$$t$$$ ($$$1 \leq t \leq 10^5$$$) — the number of test cases. The description of the test cases follows.The first line of each test case contains a single integer $$$n$$$ ($$$1 \leq n \leq 4 \cdot 10^5$$$) — the number of problems in the olympiad.The second line of each test case contains $$$n$$$ integers $$$a_1, a_2, \ldots, a_n$$$ ($$$1 \leq a_i \leq 10^9$$$) — the scores of the problems.The third line of each test case contains $$$n$$$ integers $$$b_1, b_2, \ldots, b_n$$$ ($$$1 \leq b_i \leq n$$$) — the parameters of the problems.It is guaranteed that the sum of $$$n$$$ over all test cases does not exceed $$$4 \cdot 10^5$$$.OutputFor each test case, output a single integer — the maximum number of points that Prokhor can achieve.ExampleInput
4215 162 1510 10 100 100 10003 4 1 1 13100 49 503 2 24100 200 300 10002 3 4 1Output
16
200
100
1000
NoteIn the first test case, Prokhor can skip the first problem; then he will receive the problem with index $$$b_1 = 2$$$. Prokhor can submit it and receive $$$a_2 = 16$$$ points. After that, the competition will end because Prokhor has already received all problems. Note that if Prokhor submits the first problem, he will receive $$$a_1 = 15$$$ points, but the competition will end immediately.In the second test case, Prokhor can skip the first problem; then he will receive the problem with index $$$b_1 = 3$$$. Prokhor can submit it and receive $$$a_3 = 100$$$ points. After that, Prokhor will receive the second problem, which he can skip to receive the problem with index $$$b_2 = 4$$$. Prokhor can submit the fourth problem and receive another $$$a_4 = 100$$$ points. After that, the competition ends because Prokhor has already received all problems with indices not exceeding $$$4$$$. Thus, Prokhor will receive a total of $$$200$$$ points.In the third test case, Prokhor can submit the first problem and receive $$$100$$$ points, after which the competition will end immediately."
2023A,Concatenation of Arrays,"constructive algorithms, greedy, math, sortings",time limit per test,memory limit per test,"A. Concatenation of Arraystime limit per test2 secondsmemory limit per test256 megabytesinputstandard inputoutputstandard outputYou are given $$$n$$$ arrays $$$a_1$$$, $$$\ldots$$$, $$$a_n$$$. The length of each array is two. Thus, $$$a_i = [a_{i, 1}, a_{i, 2}]$$$. You need to concatenate the arrays into a single array of length $$$2n$$$ such that the number of inversions$$$^{\dagger}$$$ in the resulting array is minimized. Note that you do not need to count the actual number of inversions.More formally, you need to choose a permutation$$$^{\ddagger}$$$ $$$p$$$ of length $$$n$$$, so that the array $$$b = [a_{p_1,1}, a_{p_1,2}, a_{p_2, 1}, a_{p_2, 2}, \ldots, a_{p_n,1}, a_{p_n,2}]$$$ contains as few inversions as possible.$$$^{\dagger}$$$The number of inversions in an array $$$c$$$ is the number of pairs of indices $$$i$$$ and $$$j$$$ such that $$$i < j$$$ and $$$c_i > c_j$$$.$$$^{\ddagger}$$$A permutation of length $$$n$$$ is an array consisting of $$$n$$$ distinct integers from $$$1$$$ to $$$n$$$ in arbitrary order. For example, $$$[2,3,1,5,4]$$$ is a permutation, but $$$[1,2,2]$$$ is not a permutation ($$$2$$$ appears twice in the array), and $$$[1,3,4]$$$ is also not a permutation ($$$n=3$$$ but there is $$$4$$$ in the array).InputEach test consists of multiple test cases. The first line contains a single integer $$$t$$$ ($$$1 \le t \le 10^4$$$) — the number of test cases. The description of the test cases follows.The first line of each test case contains a single integer $$$n$$$ ($$$1 \le n \le 10^5$$$) — the number of arrays.Each of the following $$$n$$$ lines contains two integers $$$a_{i,1}$$$ and $$$a_{i,2}$$$ ($$$1 \le a_{i,j} \le 10^9$$$) — the elements of the $$$i$$$-th array.It is guaranteed that the sum of $$$n$$$ over all test cases does not exceed $$$10^5$$$.OutputFor each test case, output $$$2n$$$ integers — the elements of the array you obtained. If there are multiple solutions, output any of them.ExampleInput
421 42 333 24 32 155 102 39 64 18 7110 20Output
2 3 1 4
2 1 3 2 4 3
4 1 2 3 5 10 8 7 9 6
10 20
NoteIn the first test case, we concatenated the arrays in the order $$$2, 1$$$. Let's consider the inversions in the resulting array $$$b = [2, 3, 1, 4]$$$:  $$$i = 1$$$, $$$j = 3$$$, since $$$b_1 = 2 > 1 = b_3$$$; $$$i = 2$$$, $$$j = 3$$$, since $$$b_2 = 3 > 1 = b_3$$$. Thus, the number of inversions is $$$2$$$. It can be proven that this is the minimum possible number of inversions.In the second test case, we concatenated the arrays in the order $$$3, 1, 2$$$. Let's consider the inversions in the resulting array $$$b = [2, 1, 3, 2, 4, 3]$$$:  $$$i = 1$$$, $$$j = 2$$$, since $$$b_1 = 2 > 1 = b_2$$$; $$$i = 3$$$, $$$j = 4$$$, since $$$b_3 = 3 > 2 = b_4$$$; $$$i = 5$$$, $$$j = 6$$$, since $$$b_5 = 4 > 3 = b_6$$$. Thus, the number of inversions is $$$3$$$. It can be proven that this is the minimum possible number of inversions.In the third test case, we concatenated the arrays in the order $$$4, 2, 1, 5, 3$$$."
2022E2,Billetes MX (Hard Version),"binary search, combinatorics, data structures, dsu, graphs",time limit per test,memory limit per test,"E2. Billetes MX (Hard Version)time limit per test2 secondsmemory limit per test512 megabytesinputstandard inputoutputstandard outputThis is the hard version of the problem. In this version, it is guaranteed that $$$q \leq 10^5$$$. You can make hacks only if both versions of the problem are solved.An integer grid $$$A$$$ with $$$p$$$ rows and $$$q$$$ columns is called beautiful if:   All elements of the grid are integers between $$$0$$$ and $$$2^{30}-1$$$, and  For any subgrid, the XOR of the values at the corners is equal to $$$0$$$. Formally, for any four integers $$$i_1$$$, $$$i_2$$$, $$$j_1$$$, $$$j_2$$$ ($$$1 \le i_1 < i_2 \le p$$$; $$$1 \le j_1 < j_2 \le q$$$), $$$A_{i_1, j_1} \oplus A_{i_1, j_2} \oplus A_{i_2, j_1} \oplus A_{i_2, j_2} = 0$$$, where $$$\oplus$$$ denotes the bitwise XOR operation. There is a partially filled integer grid $$$G$$$ with $$$n$$$ rows and $$$m$$$ columns where only $$$k$$$ cells are filled. Polycarp wants to know how many ways he can assign integers to the unfilled cells so that the grid is beautiful.However, Monocarp thinks that this problem is too easy. Therefore, he will perform $$$q$$$ updates on the grid. In each update, he will choose an unfilled cell and assign an integer to it. Note that these updates are persistent. That is, changes made to the grid will apply when processing future updates.For each of the $$$q + 1$$$ states of the grid, the initial state and after each of the $$$q$$$ queries, determine the number of ways Polycarp can assign integers to the unfilled cells so that the grid is beautiful. Since this number can be very large, you are only required to output their values modulo $$$10^9+7$$$.InputThe first line contains $$$t$$$ ($$$1 \le t \le 10^4$$$) — the number of test cases.The first line of each test case contains four integers $$$n$$$, $$$m$$$, $$$k$$$ and $$$q$$$ ($$$2 \le n, m \le 10^5$$$; $$$0 \le k, q \leq 10^5$$$) — the number of rows, the number of columns, the number of fixed cells, and the number of updates.The following $$$k$$$ lines contain three integers $$$r$$$, $$$c$$$ and $$$v$$$ ($$$1 \le r \le n, 1 \le c \le m$$$; $$$0 \le v < 2^{30}$$$) indicating that $$$G_{r, c}$$$ is assigned the integer $$$v$$$.The following $$$q$$$ lines contain three integers $$$r$$$, $$$c$$$ and $$$v$$$ ($$$1 \le r \le n, 1 \le c \le m$$$; $$$0 \le v < 2^{30}$$$) indicating that $$$G_{r, c}$$$ is assigned the integer $$$v$$$.It is guaranteed that the pairs $$$(r,c)$$$ over all assignments are distinct.It is guaranteed that the sum of $$$n$$$, $$$m$$$, $$$k$$$ and $$$q$$$ over all test cases does not exceed $$$10^5$$$ respectively.OutputFor each test case, output $$$q + 1$$$ lines. The $$$i$$$-th line of output should contain the answer of the $$$i$$$-th state of the grid modulo $$$10^9 + 7$$$.ExampleInput
33 3 8 12 1 63 2 121 2 62 2 01 3 101 1 02 3 123 1 103 3 12 5 2 01 1 101 2 302 5 0 21 1 101 2 30Output
1
0
489373567
651321892
769740174
489373567
NoteIn the first test case of the example, we initially have the following grid: $$$0$$$$$$6$$$$$$10$$$$$$6$$$$$$0$$$$$$12$$$$$$10$$$$$$12$$$$$$?$$$ It can be proven that the only valid value for tile $$$(3, 3)$$$ is $$$0$$$, so the first answer is $$$1$$$. For the second query, the grid does not satisfy the condition, and thus the answer is $$$0$$$."
2022E1,Billetes MX (Easy Version),"2-sat, binary search, combinatorics, constructive algorithms, dfs and similar, dsu, graphs",time limit per test,memory limit per test,"E1. Billetes MX (Easy Version)time limit per test2 secondsmemory limit per test512 megabytesinputstandard inputoutputstandard outputThis is the easy version of the problem. In this version, it is guaranteed that $$$q = 0$$$. You can make hacks only if both versions of the problem are solved.An integer grid $$$A$$$ with $$$p$$$ rows and $$$q$$$ columns is called beautiful if:   All elements of the grid are integers between $$$0$$$ and $$$2^{30}-1$$$, and  For any subgrid, the XOR of the values at the corners is equal to $$$0$$$. Formally, for any four integers $$$i_1$$$, $$$i_2$$$, $$$j_1$$$, $$$j_2$$$ ($$$1 \le i_1 < i_2 \le p$$$; $$$1 \le j_1 < j_2 \le q$$$), $$$A_{i_1, j_1} \oplus A_{i_1, j_2} \oplus A_{i_2, j_1} \oplus A_{i_2, j_2} = 0$$$, where $$$\oplus$$$ denotes the bitwise XOR operation. There is a partially filled integer grid $$$G$$$ with $$$n$$$ rows and $$$m$$$ columns where only $$$k$$$ cells are filled. Polycarp wants to know how many ways he can assign integers to the unfilled cells so that the grid is beautiful.However, Monocarp thinks that this problem is too easy. Therefore, he will perform $$$q$$$ updates on the grid. In each update, he will choose an unfilled cell and assign an integer to it. Note that these updates are persistent. That is, changes made to the grid will apply when processing future updates.For each of the $$$q + 1$$$ states of the grid, the initial state and after each of the $$$q$$$ queries, determine the number of ways Polycarp can assign integers to the unfilled cells so that the grid is beautiful. Since this number can be very large, you are only required to output their values modulo $$$10^9+7$$$.InputThe first line contains $$$t$$$ ($$$1 \le t \le 10^4$$$) — the number of test cases.The first line of each test case contains four integers $$$n$$$, $$$m$$$, $$$k$$$ and $$$q$$$ ($$$2 \le n, m \le 10^5$$$; $$$0 \le k \le 10^5$$$; $$$q = 0$$$) — the number of rows, the number of columns, the number of fixed cells, and the number of updates.The following $$$k$$$ lines contain three integers $$$r$$$, $$$c$$$ and $$$v$$$ ($$$1 \le r \le n, 1 \le c \le m$$$; $$$0 \le v < 2^{30}$$$) — indicating that $$$G_{r, c}$$$ is assigned the integer $$$v$$$.The following $$$q$$$ lines contain three integers $$$r$$$, $$$c$$$ and $$$v$$$ ($$$1 \le r \le n, 1 \le c \le m$$$; $$$0 \le v < 2^{30}$$$) — indicating that $$$G_{r, c}$$$ is assigned the integer $$$v$$$.It is guaranteed that the pairs $$$(r,c)$$$ over all assignments are distinct.It is guaranteed that the sum of $$$n$$$, $$$m$$$, $$$k$$$ and $$$q$$$ over all test cases does not exceed $$$10^5$$$ respectively.OutputFor each test case, output $$$q + 1$$$ lines. The $$$i$$$-th line of output should contain the answer of the $$$i$$$-th state of the grid modulo $$$10^9 + 7$$$.ExampleInput
23 3 8 02 1 63 2 121 2 62 2 01 3 101 1 02 3 123 1 102 5 2 01 1 101 2 30Output
1
489373567
NoteIn the first test case of the example, we have the following grid: $$$0$$$$$$6$$$$$$10$$$$$$6$$$$$$0$$$$$$12$$$$$$10$$$$$$12$$$$$$?$$$ It can be proven that the only valid value for tile $$$(3, 3)$$$ is $$$0$$$."
2022D2,Asesino (Hard Version),"constructive algorithms, dp, interactive",time limit per test,memory limit per test,"D2. Asesino (Hard Version)time limit per test2.5 secondsmemory limit per test256 megabytesinputstandard inputoutputstandard outputThis is the hard version of the problem. In this version, you must use the minimum number of queries possible. You can make hacks only if both versions of the problem are solved.This is an interactive problem.It is a tradition in Mexico's national IOI trainings to play the game ""Asesino"", which is similar to ""Among Us"" or ""Mafia"".Today, $$$n$$$ players, numbered from $$$1$$$ to $$$n$$$, will play ""Asesino"" with the following three roles:  Knight: a Knight is someone who always tells the truth.  Knave: a Knave is someone who always lies.  Impostor: an Impostor is someone everybody thinks is a Knight, but is secretly a Knave. Each player will be assigned a role in the game. There will be exactly one Impostor but there can be any (possible zero) number of Knights and Knaves.As the game moderator, you have accidentally forgotten the roles of everyone, but you need to determine the player who is the Impostor.To determine the Impostor, you will ask some questions. In each question, you will pick two players $$$i$$$ and $$$j$$$ ($$$1 \leq i, j \leq n$$$; $$$i \neq j$$$) and ask if player $$$i$$$ thinks that player $$$j$$$ is a Knight. The results of the question is shown in the table below. KnightKnaveImpostorKnightYesNoYesKnaveNoYesNoImpostorNoYes— The response of the cell in row $$$a$$$ and column $$$b$$$ is the result of asking a question when $$$i$$$ has role $$$a$$$ and $$$j$$$ has row $$$b$$$. For example, the ""Yes"" in the top right cell belongs to row ""Knight"" and column ""Impostor"", so it is the response when $$$i$$$ is a Knight and $$$j$$$ is an Impostor. Find the Impostor in the minimum number of queries possible. That is, let $$$f(n)$$$ be the minimum integer such that for $$$n$$$ players, there exists a strategy that can determine the Impostor using at most $$$f(n)$$$ questions. Then, you should use at most $$$f(n)$$$ questions to determine the Impostor.Note: the grader is adaptive: the roles of the players are not fixed in the beginning and may change depending on your questions. However, it is guaranteed that there exists an assignment of roles that is consistent with all previously asked questions under the constraints of this problem.InputThe first line of input contains a single integer $$$t$$$ ($$$1 \leq t \leq 10^3$$$) — the number of test cases. The description of the test cases follows.The first line of each test case contains a single integer $$$n$$$ ($$$3 \le n \le 10^5$$$) — the number of people playing the game.It is guaranteed that the sum of $$$n$$$ over all test cases does not exceed $$$10^5$$$.InteractionTo ask a question, output a line in the following format:  ""? i j"" ($$$1 \leq i,j \leq n$$$; $$$i \neq j$$$) — to ask player $$$i$$$ if they think player $$$j$$$ is a Knight. The jury will output a ""1"" if player $$$i$$$ thinks player $$$j$$$ is a Knight, and ""0"" otherwise.When you have determined which player the Impostor is, output a line in the following format:  ""! i"" ($$$1 \leq i \leq n$$$) — the Impostor is player $$$i$$$. Note that answering does not count to your limit of $$$f(n)$$$ questions.If you have made an invalid output, used more than $$$f(n)$$$ questions or wrongly determined the Impostor, the jury will respond with ""-1"" and you will receive a Wrong Answer verdict. Upon receiving ""-1"", your program must terminate immediately. Otherwise, you may receive an arbitrary verdict because your solution might be reading from a closed stream.After printing a query do not forget to output the end of the line and flush the output. Otherwise, you will get Idleness limit exceeded. To do this, use:  fflush(stdout) or cout.flush() in C++;  System.out.flush() in Java;  sys.stdout.flush() in Python;  std::io::stdout().flush() in Rust;  see the documentation for other languages. Hack formatFor hacks, use the following format.The first line should contain a single integer $$$t$$$ — the number of test cases.The first line of each test case should contain the integer $$$n$$$ followed by the string ""manual"".The second line contains $$$n$$$ integers $$$a_1, a_2, \ldots, a_n$$$ ($$$-1 \le a_i \le 1$$$) — the roles of each player. $$$1$$$ denotes a Knight, $$$0$$$ denotes a Knave, and $$$-1$$$ dentoes an Impostor. There must be exactly one Impostor, that is there must be exactly one index $$$i$$$ such that $$$a_i=-1$$$.As an example, the hack format for the example input is: 27 manual0 1 0 -1 0 1 04 manual0 1 -1 0ExampleInput
2
7

1

0

0

1

1

0

0

4

0

1

1

1
Output


? 1 3

? 7 6

? 2 5

? 6 2

? 4 5

? 4 6

? 1 4

! 4

? 1 2

? 2 3

? 3 4

? 4 1

! 3
NoteNote that the example test cases do not represent an optimal strategy for asking questions and are only shown for the sake of demonstrating the interaction format. Specifically, we cannot determine which player is the Impostor from the questions asked in the examples.In the first test case of the example, players at indices $$$2$$$ and $$$6$$$ are Knights, players at indices $$$1$$$, $$$3$$$, $$$5$$$, and $$$7$$$ are Knaves, and the Impostor is at index $$$4$$$. The following is an explanation of the questions asked: In the first query, player $$$i$$$ is a Knave and player $$$j$$$ is a Knave. The answer is ""yes"" since Knaves always lie. In the second query, player $$$i$$$ is a Knave and player $$$j$$$ is a Knight. The answer is ""no"" since Knaves always lie. In the third query, player $$$i$$$ is a Knight and player $$$j$$$ is a Knave. The answer is ""no"" since Knights always tell the truth. In the fourth query, player $$$i$$$ is a Knight and player $$$j$$$ is a Knight. The answer is ""yes"" since Knights always tell the truth. In the fifth query, player $$$i$$$ is a Impostor and player $$$j$$$ is a Knave. The answer is ""yes"" since the Impostor always lies. In the sixth query, player $$$i$$$ is a Impostor and player $$$j$$$ is a Knight. The answer is ""no"" since the Impostor always lies. In the seventh query, player $$$i$$$ is a Knave and player $$$j$$$ is a Impostor. The answer is ""no"" since Knaves always lie and Knaves thinks that the Impostor is a Knight."
2022D1,Asesino (Easy Version),"binary search, brute force, constructive algorithms, implementation, interactive",time limit per test,memory limit per test,"D1. Asesino (Easy Version)time limit per test2.5 secondsmemory limit per test256 megabytesinputstandard inputoutputstandard outputThis is the easy version of the problem. In this version, you can ask at most $$$n+69$$$ questions. You can make hacks only if both versions of the problem are solved.This is an interactive problem.It is a tradition in Mexico's national IOI trainings to play the game ""Asesino"", which is similar to ""Among Us"" or ""Mafia"".Today, $$$n$$$ players, numbered from $$$1$$$ to $$$n$$$, will play ""Asesino"" with the following three roles:  Knight: a Knight is someone who always tells the truth.  Knave: a Knave is someone who always lies.  Impostor: an Impostor is someone everybody thinks is a Knight, but is secretly a Knave. Each player will be assigned a role in the game. There will be exactly one Impostor but there can be any (possible zero) number of Knights and Knaves.As the game moderator, you have accidentally forgotten the roles of everyone, but you need to determine the player who is the Impostor.To determine the Impostor, you will ask some questions. In each question, you will pick two players $$$i$$$ and $$$j$$$ ($$$1 \leq i, j \leq n$$$; $$$i \neq j$$$) and ask if player $$$i$$$ thinks that player $$$j$$$ is a Knight. The results of the question is shown in the table below. KnightKnaveImpostorKnightYesNoYesKnaveNoYesNoImpostorNoYes— The response of the cell in row $$$a$$$ and column $$$b$$$ is the result of asking a question when $$$i$$$ has role $$$a$$$ and $$$j$$$ has row $$$b$$$. For example, the ""Yes"" in the top right cell belongs to row ""Knight"" and column ""Impostor"", so it is the response when $$$i$$$ is a Knight and $$$j$$$ is an Impostor. Find the Impostor in at most $$$n + 69$$$ questions.Note: the grader is adaptive: the roles of the players are not fixed in the beginning and may change depending on your questions. However, it is guaranteed that there exists an assignment of roles that is consistent with all previously asked questions under the constraints of this problem.InputThe first line of input contains a single integer $$$t$$$ ($$$1 \leq t \leq 10^3$$$) — the number of test cases. The description of the test cases follows.The first line of each test case contains a single integer $$$n$$$ ($$$3 \le n \le 10^5$$$) — the number of people playing the game.It is guaranteed that the sum of $$$n$$$ over all test cases does not exceed $$$10^5$$$.InteractionTo ask a question, output a line in the following format:  ""? i j"" ($$$1 \leq i,j \leq n$$$; $$$i \neq j$$$) — to ask player $$$i$$$ if they think player $$$j$$$ is a Knight. The jury will output a ""1"" if player $$$i$$$ thinks player $$$j$$$ is a Knight, and ""0"" otherwise.When you have determined which player the Impostor is, output a line in the following format:  ""! i"" ($$$1 \leq i \leq n$$$) — the Impostor is player $$$i$$$. Note that answering does not count to your limit of $$$n+69$$$ questions.If you have made an invalid output, used more than $$$n+69$$$ questions or wrongly determined the Impostor, the jury will respond with ""-1"" and you will receive a Wrong Answer verdict. Upon receiving ""-1"", your program must terminate immediately. Otherwise, you may receive an arbitrary verdict because your solution might be reading from a closed stream.After printing a query do not forget to output the end of the line and flush the output. Otherwise, you will get Idleness limit exceeded. To do this, use:  fflush(stdout) or cout.flush() in C++;  System.out.flush() in Java;  sys.stdout.flush() in Python;  std::io::stdout().flush() in Rust;  see the documentation for other languages. Hack formatFor hacks, use the following format.The first line should contain a single integer $$$t$$$ — the number of test cases.The first line of each test case should contain the integer $$$n$$$ followed by the string ""manual"".The second line contains $$$n$$$ integers $$$a_1, a_2, \ldots, a_n$$$ ($$$-1 \le a_i \le 1$$$) — the roles of each player. $$$1$$$ denotes a Knight, $$$0$$$ denotes a Knave, and $$$-1$$$ dentoes an Impostor. There must be exactly one Impostor, that is there must be exactly one index $$$i$$$ such that $$$a_i=-1$$$.As an example, the hack format for the example input is: 27 manual0 1 0 -1 0 1 04 manual0 1 -1 0ExampleInput
2
7

1

0

0

1

1

0

0

1

4

0

1

1

1
Output


? 1 3

? 7 6

? 2 5

? 6 2

? 4 5

? 4 6

? 1 4

? 2 4

! 4

? 1 2

? 2 3

? 3 4

? 4 1

! 3
NoteNote that the example test cases do not represent an optimal strategy for asking questions and are only shown for the sake of demonstrating the interaction format. Specifically, we cannot determine which player is the Impostor from the questions asked in the examples.In the first test case of the example, players at indices $$$2$$$ and $$$6$$$ are Knights, players at indices $$$1$$$, $$$3$$$, $$$5$$$, and $$$7$$$ are Knaves, and the Impostor is at index $$$4$$$. The following is an explanation of the questions asked: In the first query, player $$$i$$$ is a Knave and player $$$j$$$ is a Knave. The answer is ""yes"" since Knaves always lie. In the second query, player $$$i$$$ is a Knave and player $$$j$$$ is a Knight. The answer is ""no"" since Knaves always lie. In the third query, player $$$i$$$ is a Knight and player $$$j$$$ is a Knave. The answer is ""no"" since Knights always tell the truth. In the fourth query, player $$$i$$$ is a Knight and player $$$j$$$ is a Knight. The answer is ""yes"" since Knights always tell the truth. In the fifth query, player $$$i$$$ is a Impostor and player $$$j$$$ is a Knave. The answer is ""yes"" since the Impostor always lies. In the sixth query, player $$$i$$$ is a Impostor and player $$$j$$$ is a Knight. The answer is ""no"" since the Impostor always lies. In the seventh query, player $$$i$$$ is a Knave and player $$$j$$$ is a Impostor. The answer is ""no"" since Knaves always lie and Knaves thinks that the Impostor is a Knight. In the eighth query, player $$$i$$$ is a Knight and player $$$j$$$ is a Impostor. The answer is ""yes"" since Knights always tell the truth and Knights think that the Impostor is a Knight."
2022C,Gerrymandering,"dp, implementation",time limit per test,memory limit per test,"C. Gerrymanderingtime limit per test2 secondsmemory limit per test256 megabytesinputstandard inputoutputstandard outputWe all steal a little bit. But I have only one hand, while my adversaries have two.Álvaro ObregónÁlvaro and José are the only candidates running for the presidency of Tepito, a rectangular grid of $$$2$$$ rows and $$$n$$$ columns, where each cell represents a house. It is guaranteed that $$$n$$$ is a multiple of $$$3$$$.Under the voting system of Tepito, the grid will be split into districts, which consist of any $$$3$$$ houses that are connected$$$^{\text{∗}}$$$. Each house will belong to exactly one district.Each district will cast a single vote. The district will vote for Álvaro or José respectively if at least $$$2$$$ houses in that district select them. Therefore, a total of $$$\frac{2n}{3}$$$ votes will be cast.As Álvaro is the current president, he knows exactly which candidate each house will select. If Álvaro divides the houses into districts optimally, determine the maximum number of votes he can get.$$$^{\text{∗}}$$$A set of cells is connected if there is a path between any $$$2$$$ cells that requires moving only up, down, left and right through cells in the set.InputEach test contains multiple test cases. The first line contains the number of test cases $$$t$$$ ($$$1 \le t \le 10^4$$$). The description of the test cases follows.The first line of each test case contains one integer $$$n$$$ ($$$3 \le n \le 10^5$$$; $$$n$$$ is a multiple of $$$3$$$) — the number of columns of Tepito.The following two lines each contain a string of length $$$n$$$. The $$$i$$$-th line contains the string $$$s_i$$$, consisting of the characters $$$\texttt{A}$$$ and $$$\texttt{J}$$$. If $$$s_{i,j}=\texttt{A}$$$, the house in the $$$i$$$-th row and $$$j$$$-th column will select Álvaro. Otherwise if $$$s_{i,j}=\texttt{J}$$$, the house will select José.It is guaranteed that the sum of $$$n$$$ over all test cases does not exceed $$$10^5$$$.OutputFor each test case, output a single integer — the maximum number of districts Álvaro can win by optimally dividing the houses into districts.ExampleInput
43AAAAJJ6JAJAJJJJAJAJ6AJJJAJAJJAAA9AJJJJAJAJJAAJJJJJAOutput
2
2
3
2
NoteThe image below showcases the optimal arrangement of districts Álvaro can use for each test case in the example."
2022B,Kar Salesman,"binary search, greedy, math",time limit per test,memory limit per test,"B. Kar Salesmantime limit per test1 secondmemory limit per test256 megabytesinputstandard inputoutputstandard outputKarel is a salesman in a car dealership. The dealership has $$$n$$$ different models of cars. There are $$$a_i$$$ cars of the $$$i$$$-th model. Karel is an excellent salesperson and can convince customers to buy up to $$$x$$$ cars (of Karel's choice), as long as the cars are from different models.Determine the minimum number of customers Karel has to bring in to sell all the cars.InputEach test contains multiple test cases. The first line contains the number of test cases $$$t$$$ ($$$1 \le t \le 10^4$$$). The description of the test cases follows.The first line of each test case contains two integers $$$n$$$ and $$$x$$$ ($$$1 \le n \le 5 \cdot 10^5$$$; $$$1 \le x \le 10$$$) — the number of different models of cars and the maximum number of cars Karel can convince a customer to buy.The second line contains $$$n$$$ integers $$$a_1, a_2, \ldots, a_n$$$ ($$$1 \le a_i \le 10^9$$$) — the number of cars of each model.It is guaranteed that the sum of $$$n$$$ over all test cases does not exceed $$$5 \cdot 10^5$$$.OutputFor each test case, output the minimum possible number of customers needed to sell all the cars.ExampleInput
43 23 1 23 32 1 35 32 2 1 9 27 42 5 3 3 5 2 5Output
3
3
9
7
NoteFor the first case, Karel only needs to lure in $$$3$$$ customers. He will convince the customers to buy the following models of cars:   Customer $$$1$$$ buys $$$2$$$ cars with model $$$1$$$ and $$$3$$$.  Customer $$$2$$$ buys $$$2$$$ cars with model $$$1$$$ and $$$2$$$.  Customer $$$3$$$ buys $$$2$$$ cars with model $$$1$$$ and $$$3$$$. For the second case, Karel only needs to lure in $$$3$$$ customers. He will convince the customers to buy the following models of cars:   Customer $$$1$$$ buys $$$2$$$ cars with model $$$1$$$ and $$$3$$$.  Customer $$$2$$$ buys $$$3$$$ cars with model $$$1$$$, $$$2$$$ and $$$3$$$.  Customer $$$3$$$ buys $$$1$$$ car with model $$$3$$$."
2022A,Bus to Pénjamo,"constructive algorithms, greedy, implementation, math",time limit per test,memory limit per test,"A. Bus to Pénjamotime limit per test1 secondmemory limit per test256 megabytesinputstandard inputoutputstandard outputYa vamos llegando a Péeeenjamoo ♫♫♫  There are $$$n$$$ families travelling to Pénjamo to witness Mexico's largest-ever ""walking a chicken on a leash"" marathon. The $$$i$$$-th family has $$$a_i$$$ family members. All families will travel using a single bus consisting of $$$r$$$ rows with $$$2$$$ seats each.A person is considered happy if:   Another family member is seated in the same row as them, or  They are sitting alone in their row (with an empty seat next to them). Determine the maximum number of happy people in an optimal seating arrangement. Note that everyone must be seated in the bus.It is guaranteed that all family members will fit on the bus. Formally, it is guaranteed that $$$\displaystyle\sum_{i=1}^{n}a_i \le 2r$$$.InputEach test contains multiple test cases. The first line contains the number of test cases $$$t$$$ ($$$1 \le t \le 1000$$$). The description of the test cases follows.The first line of each test case contains two integers $$$n$$$ and $$$r$$$ ($$$1 \le n \le 100$$$; $$$1 \le r \le 500$$$) — the number of families and the number of rows in the bus.The second line contains $$$n$$$ integers $$$a_1, a_2, \ldots, a_n$$$ ($$$1 \le a_i \le 10$$$) — the number of family members in each family.OutputFor each test case, output the maximum number of happy people in an optimal seating arrangement.ExampleInput
43 32 3 13 32 2 24 51 1 2 24 53 1 1 3Output
4
6
6
6
NoteIn the first test case, the two members of the first family can sit together in the first row, while the two members of the second family can sit together in the second row. The remaining member of the second family can sit in the third row along with a member of the third family. This seating arrangement is shown below, where the $$$4$$$ happy people are colored green. $$$\color{green}{1}$$$$$$\color{green}{1}$$$$$$\color{green}{2}$$$$$$\color{green}{2}$$$$$$2$$$$$$3$$$ In the second test case, a possible seating arrangement with $$$6$$$ happy people is shown below. $$$\color{green}{3}$$$$$$\color{green}{3}$$$$$$\color{green}{1}$$$$$$\color{green}{1}$$$$$$\color{green}{2}$$$$$$\color{green}{2}$$$ In the third test case, a possible seating arrangement with $$$6$$$ happy people is shown below. $$$\color{green}{4}$$$$$$\color{green}{4}$$$$$$\color{green}{}$$$$$$\color{green}{2}$$$$$$\color{green}{3}$$$$$$\color{green}{3}$$$$$$\color{green}{1}$$$$$$\color{green}{}$$$$$$\color{green}{}$$$$$$\color{green}{}$$$"
2021E3,Digital Village (Extreme Version),"data structures, dfs and similar, dp, dsu, graphs, greedy, math, trees",time limit per test,memory limit per test,"E3. Digital Village (Extreme Version)time limit per test2 secondsmemory limit per test256 megabytesinputstandard inputoutputstandard outputThis is the extreme version of the problem. In the three versions, the constraints on $$$n$$$ and $$$m$$$ are different. You can make hacks only if all the versions of the problem are solved.Pak Chanek is setting up internet connections for the village of Khuntien. The village can be represented as a connected simple graph with $$$n$$$ houses and $$$m$$$ internet cables connecting house $$$u_i$$$ and house $$$v_i$$$, each with a latency of $$$w_i$$$.There are $$$p$$$ houses that require internet. Pak Chanek can install servers in at most $$$k$$$ of the houses. The houses that need internet will then be connected to one of the servers. However, since each cable has its latency, the latency experienced by house $$$s_i$$$ requiring internet will be the maximum latency of the cables between that house and the server it is connected to.For each $$$k = 1,2,\ldots,n$$$, help Pak Chanek determine the minimum total latency that can be achieved for all the houses requiring internet.InputEach test contains multiple test cases. The first line contains the number of test cases $$$t$$$ ($$$1 \le t \le 10^4$$$). The description of the test cases follows.The first line of each test case contains 3 integers $$$n$$$, $$$m$$$, $$$p$$$ ($$$2 \le n \le 2 \cdot 10^5$$$; $$$n-1 \le m \le 2 \cdot 10^5$$$; $$$1 \le p \le n$$$) — the number of houses, the number of cables, and the number of houses that need internet.The second line of each test case contains $$$p$$$ integers $$$s_1, s_2, \ldots, s_p$$$ ($$$1 \le s_i \le n$$$) — the houses that need internet. It is guaranteed that all elements of $$$s$$$ are distinct. The $$$i$$$-th of the next $$$m$$$ lines of each test case contains three integers $$$u_i$$$, $$$v_i$$$, and $$$w_i$$$ ($$$1 \le u_i < v_i \le n$$$; $$$1 \le w_i \le 10^9$$$) — the internet cable connecting house $$$u_i$$$ and house $$$v_i$$$ with latency of $$$w_i$$$. It is guaranteed that the given edges form a connected simple graph.It is guaranteed that the sum of $$$n$$$ and the sum of $$$m$$$ do not exceed $$$2 \cdot 10^5$$$.OutputFor each test case, output $$$n$$$ integers: the minimum total latency that can be achieved for all the houses requiring internet for each $$$k = 1,2,\ldots,n$$$.ExampleInput
29 8 52 5 6 8 91 2 11 3 23 4 104 5 34 6 51 7 107 8 47 9 23 3 23 11 2 12 3 31 3 2Output
34 19 9 4 0 0 0 0 0
2 0 0
NoteIn the first test case for $$$k=3$$$, a possible optimal solution is to install servers at vertices $$$2$$$, $$$6$$$ and $$$8$$$ and obtain the following latency:  $$$\text{latency}(2) = 0$$$  $$$\text{latency}(5) = \max(3, 5) = 5$$$  $$$\text{latency}(6) = 0$$$  $$$\text{latency}(8) = 0$$$  $$$\text{latency}(9) = \max(2, 4) = 4$$$ So the total latency is $$$9$$$."
2021E2,Digital Village (Hard Version),"data structures, dp, dsu, graphs, math, trees",time limit per test,memory limit per test,"E2. Digital Village (Hard Version)time limit per test2 secondsmemory limit per test256 megabytesinputstandard inputoutputstandard outputThis is the hard version of the problem. In the three versions, the constraints on $$$n$$$ and $$$m$$$ are different. You can make hacks only if all the versions of the problem are solved.Pak Chanek is setting up internet connections for the village of Khuntien. The village can be represented as a connected simple graph with $$$n$$$ houses and $$$m$$$ internet cables connecting house $$$u_i$$$ and house $$$v_i$$$, each with a latency of $$$w_i$$$.There are $$$p$$$ houses that require internet. Pak Chanek can install servers in at most $$$k$$$ of the houses. The houses that need internet will then be connected to one of the servers. However, since each cable has its latency, the latency experienced by house $$$s_i$$$ requiring internet will be the maximum latency of the cables between that house and the server it is connected to.For each $$$k = 1,2,\ldots,n$$$, help Pak Chanek determine the minimum total latency that can be achieved for all the houses requiring internet.InputEach test contains multiple test cases. The first line contains the number of test cases $$$t$$$ ($$$1 \le t \le 2000$$$). The description of the test cases follows.The first line of each test case contains three integers $$$n$$$, $$$m$$$, $$$p$$$ ($$$2 \le n \le 5000$$$; $$$n-1 \le m \le 5000$$$; $$$1 \le p \le n$$$) — the number of houses, the number of cables, and the number of houses that need internet.The second line of each test case contains $$$p$$$ integers $$$s_1, s_2, \ldots, s_p$$$ ($$$1 \le s_i \le n$$$) — the houses that need internet. It is guaranteed that all elements of $$$s$$$ are distinct. The $$$i$$$-th of the next $$$m$$$ lines of each test case contains three integers $$$u_i$$$, $$$v_i$$$, and $$$w_i$$$ ($$$1 \le u_i < v_i \le n$$$; $$$1 \le w_i \le 10^9$$$) — the internet cable connecting house $$$u_i$$$ and house $$$v_i$$$ with latency of $$$w_i$$$. It is guaranteed that the given edges form a connected simple graph.It is guaranteed that the sum of $$$n$$$ and the sum of $$$m$$$ do not exceed $$$5000$$$.OutputFor each test case, output $$$n$$$ integers: the minimum total latency that can be achieved for all the houses requiring internet for each $$$k = 1,2,\ldots,n$$$.ExampleInput
29 8 52 5 6 8 91 2 11 3 23 4 104 5 34 6 51 7 107 8 47 9 23 3 23 11 2 12 3 31 3 2Output
34 19 9 4 0 0 0 0 0
2 0 0
NoteIn the first test case for $$$k=3$$$, a possible optimal solution is to install servers at vertices $$$2$$$, $$$6$$$ and $$$8$$$ and obtain the following latency:  $$$\text{latency}(2) = 0$$$  $$$\text{latency}(5) = \max(3, 5) = 5$$$  $$$\text{latency}(6) = 0$$$  $$$\text{latency}(8) = 0$$$  $$$\text{latency}(9) = \max(2, 4) = 4$$$ So the total latency is $$$9$$$."
2021E1,Digital Village (Easy Version),"brute force, data structures, dfs and similar, dp, dsu, fft, graphs, greedy, implementation, math, trees",time limit per test,memory limit per test,"E1. Digital Village (Easy Version)time limit per test2 secondsmemory limit per test256 megabytesinputstandard inputoutputstandard outputThis is the easy version of the problem. In the three versions, the constraints on $$$n$$$ and $$$m$$$ are different. You can make hacks only if all the versions of the problem are solved.Pak Chanek is setting up internet connections for the village of Khuntien. The village can be represented as a connected simple graph with $$$n$$$ houses and $$$m$$$ internet cables connecting house $$$u_i$$$ and house $$$v_i$$$, each with a latency of $$$w_i$$$.There are $$$p$$$ houses that require internet. Pak Chanek can install servers in at most $$$k$$$ of the houses. The houses that need internet will then be connected to one of the servers. However, since each cable has its latency, the latency experienced by house $$$s_i$$$ requiring internet will be the maximum latency of the cables between that house and the server it is connected to.For each $$$k = 1,2,\ldots,n$$$, help Pak Chanek determine the minimum total latency that can be achieved for all the houses requiring internet.InputEach test contains multiple test cases. The first line contains the number of test cases $$$t$$$ ($$$1 \le t \le 100$$$). The description of the test cases follows.The first line of each test case contains three integers $$$n$$$, $$$m$$$, $$$p$$$ ($$$2 \le n \le 400$$$; $$$n-1 \le m \le 400$$$; $$$1 \le p \le n$$$) — the number of houses, the number of cables and the number of houses that need internet.The second line of each test case contains $$$p$$$ integers $$$s_1, s_2, \ldots, s_p$$$ ($$$1 \le s_i \le n$$$) — the houses that need internet. It is guaranteed that all elements of $$$s$$$ are distinct. The $$$i$$$-th of the next $$$m$$$ lines of each test case contains three integers $$$u_i$$$, $$$v_i$$$, and $$$w_i$$$ ($$$1 \le u_i < v_i \le n$$$; $$$1 \le w_i \le 10^9$$$) — the internet cable connecting house $$$u_i$$$ and house $$$v_i$$$ with latency of $$$w_i$$$. It is guaranteed that the given edges form a connected simple graph.It is guaranteed that the sum of $$$n^3$$$ and the sum of $$$m^3$$$ do not exceed $$$10^8$$$.OutputFor each test case, output $$$n$$$ integers: the minimum total latency that can be achieved for all the houses requiring internet for each $$$k = 1,2,\ldots,n$$$.ExampleInput
29 8 52 5 6 8 91 2 11 3 23 4 104 5 34 6 51 7 107 8 47 9 23 3 23 11 2 12 3 31 3 2Output
34 19 9 4 0 0 0 0 0
2 0 0
NoteIn the first test case for $$$k=3$$$, a possible optimal solution is to install servers at vertices $$$2$$$, $$$6$$$ and $$$8$$$ and obtain the following latency:  $$$\text{latency}(2) = 0$$$  $$$\text{latency}(5) = \max(3, 5) = 5$$$  $$$\text{latency}(6) = 0$$$  $$$\text{latency}(8) = 0$$$  $$$\text{latency}(9) = \max(2, 4) = 4$$$ So the total latency is $$$9$$$."
2021D,"Boss, Thirsty","dp, greedy, implementation",time limit per test,memory limit per test,"D. Boss, Thirstytime limit per test2 secondsmemory limit per test256 megabytesinputstandard inputoutputstandard outputPak Chanek has a friend who runs a drink stall in a canteen. His friend will sell drinks for $$$n$$$ days, numbered from day $$$1$$$ to day $$$n$$$. There are also $$$m$$$ types of drinks, numbered from $$$1$$$ to $$$m$$$.The profit gained from selling a drink on a particular day can vary. On day $$$i$$$, the projected profit from selling drink of type $$$j$$$ is $$$A_{i, j}$$$. Note that $$$A_{i, j}$$$ can be negative, meaning that selling the drink would actually incur a loss.Pak Chanek wants to help his friend plan the sales over the $$$n$$$ days. On day $$$i$$$, Pak Chanek must choose to sell at least one type of drink. Furthermore, the types of drinks sold on a single day must form a subarray. In other words, in each day, Pak Chanek will select $$$i$$$ and $$$j$$$ such that $$$1 \leq i \leq j \leq m$$$. Then all types of drinks between $$$i$$$ and $$$j$$$ (inclusive) will be sold.However, to ensure that customers from the previous day keep returning, the selection of drink types sold on day $$$i$$$ ($$$i>1$$$) must meet the following conditions:  At least one drink type sold on day $$$i$$$ must also have been sold on day $$$i-1$$$.  At least one drink type sold on day $$$i$$$ must not have been sold on day $$$i-1$$$. The daily profit is the sum of the profits from all drink types sold on that day. The total profit from the sales plan is the sum of the profits over $$$n$$$ days. What is the maximum total profit that can be achieved if Pak Chanek plans the sales optimally?InputEach test contains multiple test cases. The first line contains the number of test cases $$$t$$$ ($$$1 \le t \le 1000$$$). The description of the test cases follows.The first line of each test case contains two integers $$$n$$$ and $$$m$$$ ($$$1 \leq n \leq 2 \cdot 10^5$$$; $$$3 \leq m \leq 2 \cdot 10^5$$$; $$$n \cdot m \leq 2 \cdot 10^5$$$) — the number of rows and columns in a grid.The next $$$n$$$ lines of each test case contain $$$m$$$ integers each, where the $$$i$$$-th line contains the integers $$$A_{i,1} A_{i,2}, \ldots, A_{i,m}$$$ ($$$-10^9 \leq A_{i,j} \leq 10^9$$$) — project profits of each drink type on the $$$i$$$-th day.It is guaranteed that the sum of $$$n \cdot m$$$ over all test cases does not exceed $$$2 \cdot 10^5$$$.OutputFor each test case, output a single integer: the maximum profit that Pak Chanek can achieve.ExampleInput
13 679 20 49 5 -1000 500-105 9 109 24 -98 -49914 47 12 39 23 50Output
475
NoteHere is Pak Chanek's optimal plan:    On day $$$1$$$, Pak Chanek sells drink types $$$1$$$ to $$$3$$$. Generating a profit of $$$79+20+49 = 148$$$.  On day $$$2$$$, Pak Chanek sells drink types $$$2$$$ to $$$4$$$. Generating a profit of $$$9+109+24 = 142$$$  On day $$$3$$$, Pak Chanek sells drink types $$$1$$$ to $$$6$$$. Generating a profit of $$$185$$$. So, the total profit of Pak Chanek's plan is $$$148 + 142 + 185 = 475$$$."
2021C2,Adjust The Presentation (Hard Version),"constructive algorithms, data structures, greedy, implementation, sortings",time limit per test,memory limit per test,"C2. Adjust The Presentation (Hard Version)time limit per test5 secondsmemory limit per test256 megabytesinputstandard inputoutputstandard outputThis is the hard version of the problem. In the two versions, the constraints on $$$q$$$ and the time limit are different. In this version, $$$0 \leq q \leq 2 \cdot 10^5$$$. You can make hacks only if all the versions of the problem are solved.A team consisting of $$$n$$$ members, numbered from $$$1$$$ to $$$n$$$, is set to present a slide show at a large meeting. The slide show contains $$$m$$$ slides.There is an array $$$a$$$ of length $$$n$$$. Initially, the members are standing in a line in the order of $$$a_1, a_2, \ldots, a_n$$$ from front to back. The slide show will be presented in order from slide $$$1$$$ to slide $$$m$$$. Each section will be presented by the member at the front of the line. After each slide is presented, you can move the member at the front of the line to any position in the lineup (without changing the order of the rest of the members). For example, suppose the line of members is $$$[\color{red}{3},1,2,4]$$$. After member $$$3$$$ presents the current slide, you can change the line of members into either $$$[\color{red}{3},1,2,4]$$$, $$$[1,\color{red}{3},2,4]$$$, $$$[1,2,\color{red}{3},4]$$$ or $$$[1,2,4,\color{red}{3}]$$$.There is also an array $$$b$$$ of length $$$m$$$. The slide show is considered good if it is possible to make member $$$b_i$$$ present slide $$$i$$$ for all $$$i$$$ from $$$1$$$ to $$$m$$$ under these constraints.However, your annoying boss wants to make $$$q$$$ updates to the array $$$b$$$. In the $$$i$$$-th update, he will choose a slide $$$s_i$$$ and a member $$$t_i$$$ and set $$$b_{s_i} := t_i$$$. Note that these updates are persistent, that is changes made to the array $$$b$$$ will apply when processing future updates.For each of the $$$q+1$$$ states of array $$$b$$$, the initial state and after each of the $$$q$$$ updates, determine if the slideshow is good.InputEach test contains multiple test cases. The first line contains the number of test cases $$$t$$$ ($$$1 \le t \le 10^4$$$). The description of the test cases follows.The first line of each test case contains three integers $$$n$$$, $$$m$$$ and $$$q$$$ ($$$1 \le n, m \le 2 \cdot 10^5$$$; $$$0 \leq q \leq 2 \cdot 10^5$$$) — the number of members and the number of sections.The second line of each test case contains $$$n$$$ integers $$$a_1,a_2,\ldots,a_n$$$ ($$$1 \le a_i \le n$$$) — the initial order of the members from front to back. It is guaranteed that each integer from $$$1$$$ to $$$n$$$ appears exactly once in $$$a$$$.The third line of each test case contains $$$m$$$ integers $$$b_1, b_2, \ldots, b_m$$$ ($$$1 \le b_i \le n$$$) — the members who should present each section.Each of the next $$$q$$$ lines contains two integers $$$s_i$$$ and $$$t_i$$$ ($$$1 \le s_i \le m$$$, $$$1 \le t_i \le n$$$) — parameters of an update.It is guaranteed that the sum of $$$n$$$, the sum of $$$m$$$ and the sum of $$$q$$$ over all test cases do not exceed $$$2 \cdot 10^5$$$ respectively.OutputFor each test case, output $$$q+1$$$ lines corresponding to the $$$q+1$$$ states of the array $$$b$$$. Output ""YA"" if the slide show is good, and ""TIDAK"" otherwise.You can output the answer in any case (upper or lower). For example, the strings ""yA"", ""Ya"", ""ya"", and ""YA"" will be recognized as positive responses.ExampleInput
34 2 21 2 3 41 11 21 13 6 21 2 31 1 2 3 3 23 32 24 6 23 1 4 23 1 1 2 3 43 44 2Output
YA
TIDAK
YA
YA
TIDAK
YA
TIDAK
YA
YA
NoteFor the first test case, you do not need to move the members as both slides are presented by member $$$1$$$, who is already at the front of the line. After that, set $$$b_1 := 2$$$, now slide $$$1$$$ must be presented by member $$$2$$$ which is impossible as member $$$1$$$ will present slide $$$1$$$ first. Then, set $$$b_1 = 1$$$, the $$$b$$$ is the same as the initial $$$b$$$, making a good presentation possible."
2021C1,Adjust The Presentation (Easy Version),"constructive algorithms, greedy",time limit per test,memory limit per test,"C1. Adjust The Presentation (Easy Version)time limit per test2 secondsmemory limit per test256 megabytesinputstandard inputoutputstandard outputThis is the easy version of the problem. In the two versions, the constraints on $$$q$$$ and the time limit are different. In this version, $$$q=0$$$. You can make hacks only if all the versions of the problem are solved.A team consisting of $$$n$$$ members, numbered from $$$1$$$ to $$$n$$$, is set to present a slide show at a large meeting. The slide show contains $$$m$$$ slides.There is an array $$$a$$$ of length $$$n$$$. Initially, the members are standing in a line in the order of $$$a_1, a_2, \ldots, a_n$$$ from front to back. The slide show will be presented in order from slide $$$1$$$ to slide $$$m$$$. Each section will be presented by the member at the front of the line. After each slide is presented, you can move the member at the front of the line to any position in the lineup (without changing the order of the rest of the members). For example, suppose the line of members is $$$[\color{red}{3},1,2,4]$$$. After member $$$3$$$ presents the current slide, you can change the line of members into either $$$[\color{red}{3},1,2,4]$$$, $$$[1,\color{red}{3},2,4]$$$, $$$[1,2,\color{red}{3},4]$$$ or $$$[1,2,4,\color{red}{3}]$$$.There is also an array $$$b$$$ of length $$$m$$$. The slide show is considered good if it is possible to make member $$$b_i$$$ present slide $$$i$$$ for all $$$i$$$ from $$$1$$$ to $$$m$$$ under these constraints.However, your annoying boss wants to make $$$q$$$ updates to the array $$$b$$$. In the $$$i$$$-th update, he will choose a slide $$$s_i$$$ and a member $$$t_i$$$ and set $$$b_{s_i} := t_i$$$. Note that these updates are persistent, that is changes made to the array $$$b$$$ will apply when processing future updates.For each of the $$$q+1$$$ states of array $$$b$$$, the initial state and after each of the $$$q$$$ updates, determine if the slideshow is good.InputEach test contains multiple test cases. The first line contains the number of test cases $$$t$$$ ($$$1 \le t \le 10^4$$$). The description of the test cases follows.The first line of each test case contains three integers $$$n$$$, $$$m$$$ and $$$q$$$ ($$$1 \le n, m \le 2 \cdot 10^5$$$; $$$q=0$$$) — the number of members, the number of sections and the number of updates.The second line of each test case contains $$$n$$$ integers $$$a_1,a_2,\ldots,a_n$$$ ($$$1 \le a_i \le n$$$) — the initial order of the members from front to back. It is guaranteed that each integer from $$$1$$$ to $$$n$$$ appears exactly once in $$$a$$$.The third line of each test case contains $$$m$$$ integers $$$b_1, b_2, \ldots, b_m$$$ ($$$1 \le b_i \le n$$$) — the members who should present each section.It is guaranteed that the sum of $$$n$$$ and the sum of $$$m$$$ over all test cases do not exceed $$$2 \cdot 10^5$$$ respectively.OutputFor each test case, output $$$q+1$$$ lines corresponding to the $$$q+1$$$ states of the array $$$b$$$. Output ""YA"" if the slide show is good, and ""TIDAK"" otherwise.You can output the answer in any case (upper or lower). For example, the strings ""yA"", ""Ya"", ""ya"", and ""YA"" will be recognized as positive responses.ExampleInput
34 2 01 2 3 41 13 6 01 2 31 1 2 3 3 24 6 03 1 4 23 1 1 2 3 4Output
YA
YA
TIDAK
NoteFor the first test case, you do not need to move the members as both slides are presented by member $$$1$$$, who is already at the front of the line.For the second test case, the following is a possible way to move members so that the presentation is good:   $$$[1,2,3]$$$, do not move member $$$1$$$.  $$$[1,2,3]$$$, move member $$$1$$$ after member $$$3$$$.  $$$[2,3,1]$$$, move member $$$2$$$ after member $$$3$$$.  $$$[3,2,1]$$$, do not move member $$$3$$$.  $$$[3,2,1]$$$, move member $$$3$$$ after member $$$1$$$.  $$$[2,1,3]$$$, do not move member $$$2$$$."
2021B,Maximize Mex,"brute force, greedy, math, number theory",time limit per test,memory limit per test,"B. Maximize Mextime limit per test1 secondmemory limit per test256 megabytesinputstandard inputoutputstandard outputYou are given an array $$$a$$$ of $$$n$$$ positive integers and an integer $$$x$$$. You can do the following two-step operation any (possibly zero) number of times:   Choose an index $$$i$$$ ($$$1 \leq i \leq n$$$).  Increase $$$a_i$$$ by $$$x$$$, in other words $$$a_i := a_i + x$$$. Find the maximum value of the $$$\operatorname{MEX}$$$ of $$$a$$$ if you perform the operations optimally.The $$$\operatorname{MEX}$$$ (minimum excluded value) of an array is the smallest non-negative integer that is not in the array. For example:   The $$$\operatorname{MEX}$$$ of $$$[2,2,1]$$$ is $$$0$$$ because $$$0$$$ is not in the array.  The $$$\operatorname{MEX}$$$ of $$$[3,1,0,1]$$$ is $$$2$$$ because $$$0$$$ and $$$1$$$ are in the array but $$$2$$$ is not.  The $$$\operatorname{MEX}$$$ of $$$[0,3,1,2]$$$ is $$$4$$$ because $$$0$$$, $$$1$$$, $$$2$$$ and $$$3$$$ are in the array but $$$4$$$ is not.  InputEach test contains multiple test cases. The first line contains the number of test cases $$$t$$$ ($$$1 \le t \le 5000$$$). The description of the test cases follows.The first line of each test case contains two integers $$$n$$$ and $$$x$$$ ($$$1 \le n \le 2 \cdot 10^5$$$; $$$1 \le x \le 10^9$$$) — the length of the array and the integer to be used in the operation.The second line of each test case contains $$$n$$$ integers $$$a_1, a_2, \ldots, a_n$$$ ($$$0 \le a_i \le 10^9$$$) — the given array.It is guaranteed that the sum of $$$n$$$ over all test cases does not exceed $$$2 \cdot 10^5$$$.OutputFor each test case, output a single integer: the maximum $$$\operatorname{MEX}$$$ of $$$a$$$ if you perform the operations optimally.ExampleInput
36 30 3 2 1 5 26 21 3 4 1 0 24 52 5 10 3Output
4
6
0
NoteIn the first test case, the $$$\operatorname{MEX}$$$ of $$$a$$$ is $$$4$$$ without performing any operations, which is the maximum.In the second test case, the $$$\operatorname{MEX}$$$ of $$$a$$$ is $$$5$$$ without performing any operations. If we perform two operations both with $$$i=1$$$, we will have the array $$$a=[5,3,4,1,0,2]$$$. Then, the $$$\operatorname{MEX}$$$ of $$$a$$$ will become $$$6$$$, which is the maximum.In the third test case, the $$$\operatorname{MEX}$$$ of $$$a$$$ is $$$0$$$ without performing any operations, which is the maximum."
2021A,Meaning Mean,"data structures, greedy, math, sortings",time limit per test,memory limit per test,"A. Meaning Meantime limit per test1 secondmemory limit per test256 megabytesinputstandard inputoutputstandard outputPak Chanek has an array $$$a$$$ of $$$n$$$ positive integers. Since he is currently learning how to calculate the floored average of two numbers, he wants to practice it on his array $$$a$$$.While the array $$$a$$$ has at least two elements, Pak Chanek will perform the following three-step operation:   Pick two different indices $$$i$$$ and $$$j$$$ ($$$1 \leq i, j \leq |a|$$$; $$$i \neq j$$$), note that $$$|a|$$$ denotes the current size of the array $$$a$$$.  Append $$$\lfloor \frac{a_i+a_j}{2} \rfloor$$$$$$^{\text{∗}}$$$ to the end of the array.  Remove elements $$$a_i$$$ and $$$a_j$$$ from the array and concatenate the remaining parts of the array. For example, suppose that $$$a=[5,4,3,2,1,1]$$$. If we choose $$$i=1$$$ and $$$j=5$$$, the resulting array will be $$$a=[4,3,2,1,3]$$$. If we choose $$$i=4$$$ and $$$j=3$$$, the resulting array will be $$$a=[5,4,1,1,2]$$$.After all operations, the array will consist of a single element $$$x$$$. Find the maximum possible value of $$$x$$$ if Pak Chanek performs the operations optimally.$$$^{\text{∗}}$$$$$$\lfloor x \rfloor$$$ denotes the floor function of $$$x$$$, which is the greatest integer that is less than or equal to $$$x$$$. For example, $$$\lfloor 6 \rfloor = 6$$$, $$$\lfloor 2.5 \rfloor=2$$$, $$$\lfloor -3.6 \rfloor=-4$$$ and $$$\lfloor \pi \rfloor=3$$$InputEach test contains multiple test cases. The first line contains the number of test cases $$$t$$$ ($$$1 \le t \le 5000$$$). The description of the test cases follows.The first line of each test case contains a single integer $$$n$$$ ($$$2 \le n \le 50$$$) — the length of the array $$$a$$$.The second line of each test case contains $$$n$$$ integers $$$a_1, a_2, \ldots, a_n$$$ ($$$1 \le a_i \le 10^9$$$) — the elements of the array $$$a$$$.Do note that the sum of $$$n$$$ over all test cases is not bounded.OutputFor each test case, output a single integer: the maximum possible value of $$$x$$$ after all numbers have been picked.ExampleInput
351 7 8 4 532 6 555 5 5 5 5Output
6
4
5
NoteIn the first test case, the array is initially $$$a=[1,7,8,4,5]$$$. Pak Chanek will perform the following operations:   Pick $$$i=1$$$ and $$$j=2$$$, then $$$a=[8,4,5,4]$$$.  Pick $$$i=3$$$ and $$$j=2$$$, then $$$a=[8,4,4]$$$.  Pick $$$i=2$$$ and $$$j=3$$$, then $$$a=[8,4]$$$.  Pick $$$i=1$$$ and $$$j=2$$$, then $$$a=[6]$$$. After all the operations, the array consists of a single element $$$x=6$$$. It can be proven that there is no series of operations that results in $$$x$$$ greater than $$$6$$$ in the end."
2020F,Count Leaves,"dp, math, number theory",time limit per test,memory limit per test,"F. Count Leavestime limit per test4 secondsmemory limit per test256 megabytesinputstandard inputoutputstandard outputLet $$$n$$$ and $$$d$$$ be positive integers. We build the the divisor tree $$$T_{n,d}$$$ as follows:  The root of the tree is a node marked with number $$$n$$$. This is the $$$0$$$-th layer of the tree.  For each $$$i$$$ from $$$0$$$ to $$$d - 1$$$, for each vertex of the $$$i$$$-th layer, do the following. If the current vertex is marked with $$$x$$$, create its children and mark them with all possible distinct divisors$$$^\dagger$$$ of $$$x$$$. These children will be in the $$$(i+1)$$$-st layer.  The vertices on the $$$d$$$-th layer are the leaves of the tree. For example, $$$T_{6,2}$$$ (the divisor tree for $$$n = 6$$$ and $$$d = 2$$$) looks like this:  Define $$$f(n,d)$$$ as the number of leaves in $$$T_{n,d}$$$.Given integers $$$n$$$, $$$k$$$, and $$$d$$$, please compute $$$\sum\limits_{i=1}^{n} f(i^k,d)$$$, modulo $$$10^9+7$$$.$$$^\dagger$$$ In this problem, we say that an integer $$$y$$$ is a divisor of $$$x$$$ if $$$y \ge 1$$$ and there exists an integer $$$z$$$ such that $$$x = y \cdot z$$$.InputEach test contains multiple test cases. The first line contains the number of test cases $$$t$$$ ($$$1 \le t \le 10^4$$$). The description of the test cases follows.The only line of each test case contains three integers $$$n$$$, $$$k$$$, and $$$d$$$ ($$$1 \le n \le 10^9$$$, $$$1 \le k,d \le 10^5$$$).It is guaranteed that the sum of $$$n$$$ over all test cases does not exceed $$$10^9$$$.OutputFor each test case, output $$$\sum\limits_{i=1}^{n} f(i^k,d)$$$, modulo $$$10^9+7$$$.ExampleInput
36 1 11 3 310 1 2Output
14
1
53
NoteIn the first test case, $$$n = 6$$$, $$$k = 1$$$, and $$$d = 1$$$. Thus, we need to find the total number of leaves in the divisor trees $$$T_{1,1}$$$, $$$T_{2,1}$$$, $$$T_{3,1}$$$, $$$T_{4,1}$$$, $$$T_{5,1}$$$, $$$T_{6,1}$$$.  $$$T_{1,1}$$$ has only one leaf, which is marked with $$$1$$$.  $$$T_{2,1}$$$ has two leaves, marked with $$$1$$$ and $$$2$$$.  $$$T_{3,1}$$$ has two leaves, marked with $$$1$$$ and $$$3$$$.  $$$T_{4,1}$$$ has three leaves, marked with $$$1$$$, $$$2$$$, and $$$4$$$.  $$$T_{5,1}$$$ has two leaves, marked with $$$1$$$ and $$$5$$$.  $$$T_{6,1}$$$ has four leaves, marked with $$$1$$$, $$$2$$$, $$$3$$$, and $$$6$$$. The total number of leaves is $$$1 + 2 + 2 + 3 + 2 + 4 = 14$$$.In the second test case, $$$n = 1$$$, $$$k = 3$$$, $$$d = 3$$$. Thus, we need to find the number of leaves in $$$T_{1,3}$$$, because $$$1^3 = 1$$$. This tree has only one leaf, so the answer is $$$1$$$."
2020E,Expected Power,"bitmasks, dp, math, probabilities",time limit per test,memory limit per test,"E. Expected Powertime limit per test4 secondsmemory limit per test256 megabytesinputstandard inputoutputstandard outputYou are given an array of $$$n$$$ integers $$$a_1,a_2,\ldots,a_n$$$. You are also given an array $$$p_1, p_2, \ldots, p_n$$$.Let $$$S$$$ denote the random multiset (i. e., it may contain equal elements) constructed as follows:  Initially, $$$S$$$ is empty.  For each $$$i$$$ from $$$1$$$ to $$$n$$$, insert $$$a_i$$$ into $$$S$$$ with probability $$$\frac{p_i}{10^4}$$$. Note that each element is inserted independently. Denote $$$f(S)$$$ as the bitwise XOR of all elements of $$$S$$$. Please calculate the expected value of $$$(f(S))^2$$$. Output the answer modulo $$$10^9 + 7$$$.Formally, let $$$M = 10^9 + 7$$$. It can be shown that the answer can be expressed as an irreducible fraction $$$\frac{p}{q}$$$, where $$$p$$$ and $$$q$$$ are integers and $$$q \not \equiv 0 \pmod{M}$$$. Output the integer equal to $$$p \cdot q^{-1} \bmod M$$$. In other words, output such an integer $$$x$$$ that $$$0 \le x < M$$$ and $$$x \cdot q \equiv p \pmod{M}$$$.InputEach test contains multiple test cases. The first line contains the number of test cases $$$t$$$ ($$$1 \le t \le 10^4$$$). The description of the test cases follows.The first line of each test case contains a single integer $$$n$$$ ($$$1 \le n \le 2 \cdot 10^5$$$).The second line of each test case contains $$$n$$$ integers $$$a_1,a_2,\ldots,a_n$$$ ($$$1 \le a_i \le 1023$$$).The third line of each test case contains $$$n$$$ integers $$$p_1,p_2,\ldots,p_n$$$ ($$$1 \le p_i \le 10^4$$$).It is guaranteed that the sum of $$$n$$$ over all test cases does not exceed $$$2 \cdot 10^5$$$.OutputFor each test case, output the expected value of $$$(f(S))^2$$$, modulo $$$10^9 + 7$$$.ExampleInput
421 25000 500021 11000 20006343 624 675 451 902 8206536 5326 7648 2165 9430 54281110000Output
500000007
820000006
280120536
1
NoteIn the first test case, $$$a = [1, 2]$$$ and each element is inserted into $$$S$$$ with probability $$$\frac{1}{2}$$$, since $$$p_1 = p_2 = 5000$$$ and $$$\frac{p_i}{10^4} = \frac{1}{2}$$$. Thus, there are $$$4$$$ outcomes for $$$S$$$, each happening with the same probability of $$$\frac{1}{4}$$$:  $$$S = \varnothing$$$. In this case, $$$f(S) = 0$$$, $$$(f(S))^2 = 0$$$.  $$$S = \{1\}$$$. In this case, $$$f(S) = 1$$$, $$$(f(S))^2 = 1$$$.  $$$S = \{2\}$$$. In this case, $$$f(S) = 2$$$, $$$(f(S))^2 = 4$$$.  $$$S = \{1,2\}$$$. In this case, $$$f(S) = 1 \oplus 2 = 3$$$, $$$(f(S))^2 = 9$$$. Hence, the answer is $$$0 \cdot \frac{1}{4} + 1 \cdot \frac{1}{4} + 4\cdot \frac{1}{4} + 9 \cdot \frac{1}{4} = \frac{14}{4} = \frac{7}{2} \equiv 500\,000\,007 \pmod{10^9 + 7}$$$.In the second test case, $$$a = [1, 1]$$$, $$$a_1$$$ is inserted into $$$S$$$ with probability $$$0.1$$$, while $$$a_2$$$ is inserted into $$$S$$$ with probability $$$0.2$$$. There are $$$3$$$ outcomes for $$$S$$$:  $$$S = \varnothing$$$. In this case, $$$f(S) = 0$$$, $$$(f(S))^2 = 0$$$. This happens with probability $$$(1-0.1) \cdot (1-0.2) = 0.72$$$.  $$$S = \{1\}$$$. In this case, $$$f(S) = 1$$$, $$$(f(S))^2 = 1$$$. This happens with probability $$$(1-0.1) \cdot 0.2 + 0.1 \cdot (1-0.2) = 0.26$$$.  $$$S = \{1, 1\}$$$. In this case, $$$f(S) = 0$$$, $$$(f(S))^2 = 0$$$. This happens with probability $$$0.1 \cdot 0.2 = 0.02$$$. Hence, the answer is $$$0 \cdot 0.72 + 1 \cdot 0.26 + 0 \cdot 0.02 = 0.26 = \frac{26}{100} \equiv 820\,000\,006 \pmod{10^9 + 7}$$$."
2020D,Connect the Dots,"brute force, dp, dsu, graphs, math, trees",time limit per test,memory limit per test,"D. Connect the Dotstime limit per test2 secondsmemory limit per test512 megabytesinputstandard inputoutputstandard outputOne fine evening, Alice sat down to play the classic game ""Connect the Dots"", but with a twist.To play the game, Alice draws a straight line and marks $$$n$$$ points on it, indexed from $$$1$$$ to $$$n$$$. Initially, there are no arcs between the points, so they are all disjoint. After that, Alice performs $$$m$$$ operations of the following type:  She picks three integers $$$a_i$$$, $$$d_i$$$ ($$$1 \le d_i \le 10$$$), and $$$k_i$$$.  She selects points $$$a_i, a_i+d_i, a_i+2d_i, a_i+3d_i, \ldots, a_i+k_i\cdot d_i$$$ and connects each pair of these points with arcs. After performing all $$$m$$$ operations, she wants to know the number of connected components$$$^\dagger$$$ these points form. Please help her find this number.$$$^\dagger$$$ Two points are said to be in one connected component if there is a path between them via several (possibly zero) arcs and other points.InputEach test contains multiple test cases. The first line contains the number of test cases $$$t$$$ ($$$1 \le t \le 10^5$$$). The description of the test cases follows.The first line of each test case contains two integers $$$n$$$ and $$$m$$$ ($$$1 \le n \le 2 \cdot 10^5$$$, $$$1 \le m \le 2 \cdot 10^5$$$).The $$$i$$$-th of the following $$$m$$$ lines contains three integers $$$a_i$$$, $$$d_i$$$, and $$$k_i$$$ ($$$1 \le a_i \le a_i + k_i\cdot d_i \le n$$$, $$$1 \le d_i \le 10$$$, $$$0 \le k_i \le n$$$).It is guaranteed that both the sum of $$$n$$$ and the sum of $$$m$$$ over all test cases do not exceed $$$2 \cdot 10^5$$$.OutputFor each test case, output the number of connected components.ExampleInput
310 21 2 42 2 4100 119 2 4100 31 2 57 2 617 2 31Output
2
96
61
NoteIn the first test case, there are $$$n = 10$$$ points. The first operation joins the points $$$1$$$, $$$3$$$, $$$5$$$, $$$7$$$, and $$$9$$$. The second operation joins the points $$$2$$$, $$$4$$$, $$$6$$$, $$$8$$$, and $$$10$$$. There are thus two connected components: $$$\{1, 3, 5, 7, 9\}$$$ and $$$\{2, 4, 6, 8, 10\}$$$.In the second test case, there are $$$n = 100$$$ points. The only operation joins the points $$$19$$$, $$$21$$$, $$$23$$$, $$$25$$$, and $$$27$$$. Now all of them form a single connected component of size $$$5$$$. The other $$$95$$$ points form single-point connected components. Thus, the answer is $$$1 + 95 = 96$$$.In the third test case, there are $$$n = 100$$$ points. After the operations, all odd points from $$$1$$$ to $$$79$$$ will be in one connected component of size $$$40$$$. The other $$$60$$$ points form single-point connected components. Thus, the answer is $$$1 + 60 = 61$$$."
2020C,Bitwise Balancing,"bitmasks, hashing, implementation, math, schedules, ternary search",time limit per test,memory limit per test,"C. Bitwise Balancingtime limit per test2 secondsmemory limit per test256 megabytesinputstandard inputoutputstandard outputYou are given three non-negative integers $$$b$$$, $$$c$$$, and $$$d$$$.Please find a non-negative integer $$$a \in [0, 2^{61}]$$$ such that $$$(a\, |\, b)-(a\, \&\, c)=d$$$, where $$$|$$$ and $$$\&$$$ denote the bitwise OR operation and the bitwise AND operation, respectively.If such an $$$a$$$ exists, print its value. If there is no solution, print a single integer $$$-1$$$. If there are multiple solutions, print any of them.InputEach test contains multiple test cases. The first line contains the number of test cases $$$t$$$ ($$$1 \le t \le 10^5$$$). The description of the test cases follows.The only line of each test case contains three positive integers $$$b$$$, $$$c$$$, and $$$d$$$ ($$$0 \le b, c, d \le 10^{18}$$$).OutputFor each test case, output the value of $$$a$$$, or $$$-1$$$ if there is no solution. Please note that $$$a$$$ must be non-negative and cannot exceed $$$2^{61}$$$.ExampleInput
32 2 24 2 610 2 14Output
0
-1
12
NoteIn the first test case, $$$(0\,|\,2)-(0\,\&\,2)=2-0=2$$$. So, $$$a = 0$$$ is a correct answer.In the second test case, no value of $$$a$$$ satisfies the equation.In the third test case, $$$(12\,|\,10)-(12\,\&\,2)=14-0=14$$$. So, $$$a = 12$$$ is a correct answer."
2020B,Brightness Begins,"binary search, math",time limit per test,memory limit per test,"B. Brightness Beginstime limit per test1 secondmemory limit per test256 megabytesinputstandard inputoutputstandard outputImagine you have $$$n$$$ light bulbs numbered $$$1, 2, \ldots, n$$$. Initially, all bulbs are on. To flip the state of a bulb means to turn it off if it used to be on, and to turn it on otherwise.Next, you do the following:  for each $$$i = 1, 2, \ldots, n$$$, flip the state of all bulbs $$$j$$$ such that $$$j$$$ is divisible by $$$i^\dagger$$$. After performing all operations, there will be several bulbs that are still on. Your goal is to make this number exactly $$$k$$$.Find the smallest suitable $$$n$$$ such that after performing the operations there will be exactly $$$k$$$ bulbs on. We can show that an answer always exists.$$$^\dagger$$$ An integer $$$x$$$ is divisible by $$$y$$$ if there exists an integer $$$z$$$ such that $$$x = y\cdot z$$$.InputEach test contains multiple test cases. The first line contains the number of test cases $$$t$$$ ($$$1 \le t \le 10^4$$$). The description of the test cases follows.The only line of each test case contains a single integer $$$k$$$ ($$$1 \le k \le 10^{18}$$$).OutputFor each test case, output $$$n$$$ — the minimum number of bulbs.ExampleInput
3138Output
2
5
11
NoteIn the first test case, the minimum number of bulbs is $$$2$$$. Let's denote the state of all bulbs with an array, where $$$1$$$ corresponds to a turned on bulb, and $$$0$$$ corresponds to a turned off bulb. Initially, the array is $$$[1, 1]$$$.  After performing the operation with $$$i = 1$$$, the array becomes $$$[\underline{0}, \underline{0}]$$$.  After performing the operation with $$$i = 2$$$, the array becomes $$$[0, \underline{1}]$$$. In the end, there are $$$k = 1$$$ bulbs on. We can also show that the answer cannot be less than $$$2$$$.In the second test case, the minimum number of bulbs is $$$5$$$. Initially, the array is $$$[1, 1, 1, 1, 1]$$$.   After performing the operation with $$$i = 1$$$, the array becomes $$$[\underline{0}, \underline{0}, \underline{0}, \underline{0}, \underline{0}]$$$.  After performing the operation with $$$i = 2$$$, the array becomes $$$[0, \underline{1}, 0, \underline{1}, 0]$$$.  After performing the operation with $$$i = 3$$$, the array becomes $$$[0, 1, \underline{1}, 1, 0]$$$.  After performing the operation with $$$i = 4$$$, the array becomes $$$[0, 1, 1, \underline{0}, 0]$$$.  After performing the operation with $$$i = 5$$$, the array becomes $$$[0, 1, 1, 0, \underline{1}]$$$. In the end, there are $$$k = 3$$$ bulbs on. We can also show that the answer cannot be smaller than $$$5$$$."
2020A,Find Minimum Operations,"bitmasks, brute force, greedy, math, number theory",time limit per test,memory limit per test,"A. Find Minimum Operationstime limit per test1 secondmemory limit per test256 megabytesinputstandard inputoutputstandard outputYou are given two integers $$$n$$$ and $$$k$$$.In one operation, you can subtract any power of $$$k$$$ from $$$n$$$. Formally, in one operation, you can replace $$$n$$$ by $$$(n-k^x)$$$ for any non-negative integer $$$x$$$.Find the minimum number of operations required to make $$$n$$$ equal to $$$0$$$.InputEach test contains multiple test cases. The first line contains the number of test cases $$$t$$$ ($$$1 \le t \le 10^4$$$). The description of the test cases follows.The only line of each test case contains two integers $$$n$$$ and $$$k$$$ ($$$1 \le n, k \le 10^9$$$).OutputFor each test case, output the minimum number of operations on a new line.ExampleInput
65 23 516 4100 36492 1010 1Output
2
3
1
4
21
10
NoteIn the first test case, $$$n = 5$$$ and $$$k = 2$$$. We can perform the following sequence of operations:  Subtract $$$2^0 = 1$$$ from $$$5$$$. The current value of $$$n$$$ becomes $$$5 - 1 = 4$$$.  Subtract $$$2^2 = 4$$$ from $$$4$$$. The current value of $$$n$$$ becomes $$$4 - 4 = 0$$$. It can be shown that there is no way to make $$$n$$$ equal to $$$0$$$ in less than $$$2$$$ operations. Thus, $$$2$$$ is the answer.In the second test case, $$$n = 3$$$ and $$$k = 5$$$. We can perform the following sequence of operations:  Subtract $$$5^0 = 1$$$ from $$$3$$$. The current value of $$$n$$$ becomes $$$3 - 1 = 2$$$.  Subtract $$$5^0 = 1$$$ from $$$2$$$. The current value of $$$n$$$ becomes $$$2 - 1 = 1$$$.  Subtract $$$5^0 = 1$$$ from $$$1$$$. The current value of $$$n$$$ becomes $$$1 - 1 = 0$$$. It can be shown that there is no way to make $$$n$$$ equal to $$$0$$$ in less than $$$3$$$ operations. Thus, $$$3$$$ is the answer."
2019B,All Pairs Segments,"implementation, math",time limit per test,memory limit per test,"B. All Pairs Segmentstime limit per test1.5 secondsmemory limit per test256 megabytesinputstandard inputoutputstandard outputShirobon - FOX⠀You are given $$$n$$$ points on the $$$x$$$ axis, at increasing positive integer coordinates $$$x_1 < x_2 < \ldots < x_n$$$.For each pair $$$(i, j)$$$ with $$$1 \leq i < j \leq n$$$, you draw the segment $$$[x_i, x_j]$$$. The segments are closed, i.e., a segment $$$[a, b]$$$ contains the points $$$a, a+1, \ldots, b$$$.You are given $$$q$$$ queries. In the $$$i$$$-th query, you are given a positive integer $$$k_i$$$, and you have to determine how many points with integer coordinates are contained in exactly $$$k_i$$$ segments.InputEach test contains multiple test cases. The first line contains the number of test cases $$$t$$$ ($$$1 \le t \le 10^4$$$). The description of the test cases follows.The first line of each test case contains two integers $$$n$$$, $$$q$$$ ($$$2 \le n \le 10^5$$$, $$$1 \le q \le 10^5$$$) — the number of points and the number of queries.The second line of each test case contains $$$n$$$ integers $$$x_1, x_2, \ldots, x_n$$$ ($$$1 \leq x_1 < x_2 < \ldots < x_n \leq 10^9$$$) — the coordinates of the $$$n$$$ points.The third line of each test case contains $$$q$$$ integers $$$k_1, k_2, \ldots, k_q$$$ ($$$1 \leq k_i \leq 10^{18}$$$) — the parameters of the $$$q$$$ queries.It is guaranteed that the sum of $$$n$$$ over all test cases does not exceed $$$10^5$$$, and the sum of $$$q$$$ over all test cases does not exceed $$$10^5$$$.OutputFor each test case, output a single line with $$$q$$$ integers: the $$$i$$$-th integer is the answer to the $$$i$$$-th query.ExampleInput
32 2101 2002 16 151 2 3 5 6 71 2 3 4 5 6 7 8 9 10 11 12 13 14 155 8254618033 265675151 461318786 557391198 8480837786 9 15 10 6 9 4 4294967300Output
0 100 
0 0 0 0 2 0 0 0 3 0 2 0 0 0 0 
291716045 0 0 0 291716045 0 301749698 0 
NoteIn the first example, you only draw the segment $$$[101, 200]$$$. No point is contained in exactly $$$2$$$ segments, and the $$$100$$$ points $$$101, 102, \ldots, 200$$$ are contained in exactly $$$1$$$ segment.In the second example, you draw $$$15$$$ segments: $$$[1, 2], [1, 3], [1, 5], [1, 6], [1, 7], [2, 3], [2, 5], [2, 6], [2, 7], [3, 5], [3, 6], [3, 7], [5, 6], [5, 7], [6, 7]$$$. Points $$$1, 7$$$ are contained in exactly $$$5$$$ segments; points $$$2, 4, 6$$$ are contained in exactly $$$9$$$ segments; points $$$3, 5$$$ are contained in exactly $$$11$$$ segments."
2019A,Max Plus Size,"brute force, dp, greedy",time limit per test,memory limit per test,"A. Max Plus Sizetime limit per test1 secondmemory limit per test256 megabytesinputstandard inputoutputstandard outputEnV - Dynasty⠀You are given an array $$$a_1, a_2, \ldots, a_n$$$ of positive integers.You can color some elements of the array red, but there cannot be two adjacent red elements (i.e., for $$$1 \leq i \leq n-1$$$, at least one of $$$a_i$$$ and $$$a_{i+1}$$$ must not be red).Your score is the maximum value of a red element plus the number of red elements. Find the maximum score you can get.InputEach test contains multiple test cases. The first line contains the number of test cases $$$t$$$ ($$$1 \le t \le 500$$$). The description of the test cases follows.The first line of each test case contains a single integer $$$n$$$ ($$$1 \le n \le 100$$$) — the length of the array.The second line of each test case contains $$$n$$$ integers $$$a_1, a_2, \ldots, a_n$$$ ($$$1 \le a_i \le 1000$$$) — the given array.OutputFor each test case, output a single integer: the maximum possible score you can get after coloring some elements red according to the statement.ExampleInput
435 4 534 5 4103 3 3 3 4 1 2 3 4 5917 89 92 42 29 92 14 70 45Output
7
6
10
97
NoteIn the first test case, you can color the array as follows: $$$[\color{red}{5}, 4, \color{red}{5}]$$$. Your score is $$$\max([5, 5]) + \text{size}([5, 5]) = 5+2 = 7$$$. This is the maximum score you can get.In the second test case, you can color the array as follows: $$$[\color{red}{4}, 5, \color{red}{4}]$$$. Your score is $$$\max([4, 4]) + \text{size}([4, 4]) = 4+2 = 6$$$. This is the maximum score you can get.In the third test case, you can color the array as follows: $$$[\color{red}{3}, 3, \color{red}{3}, 3, \color{red}{4}, 1, 2, \color{red}{3}, 4, \color{red}{5}]$$$. Your score is $$$\max([3, 3, 4, 3, 5]) + \text{size}([3, 3, 4, 3, 5]) = 5+5 = 10$$$. This is the maximum score you can get."
2018F3,Speedbreaker Counting (Hard Version),"dp, greedy, math",time limit per test,memory limit per test,"F3. Speedbreaker Counting (Hard Version)time limit per test10 secondsmemory limit per test1024 megabytesinputstandard inputoutputstandard outputNightHawk22 - Isolation⠀This is the hard version of the problem. In the three versions, the constraints on $$$n$$$ and the time limit are different. You can make hacks only if all the versions of the problem are solved.This is the statement of Problem D1B:  There are $$$n$$$ cities in a row, numbered $$$1, 2, \ldots, n$$$ left to right.  At time $$$1$$$, you conquer exactly one city, called the starting city.  At time $$$2, 3, \ldots, n$$$, you can choose a city adjacent to the ones conquered so far and conquer it. You win if, for each $$$i$$$, you conquer city $$$i$$$ at a time no later than $$$a_i$$$. A winning strategy may or may not exist, also depending on the starting city. How many starting cities allow you to win? For each $$$0 \leq k \leq n$$$, count the number of arrays of positive integers $$$a_1, a_2, \ldots, a_n$$$ such that  $$$1 \leq a_i \leq n$$$ for each $$$1 \leq i \leq n$$$;  the answer to Problem D1B is $$$k$$$. The answer can be very large, so you have to calculate it modulo a given prime $$$p$$$.InputEach test contains multiple test cases. The first line contains the number of test cases $$$t$$$ ($$$1 \le t \le 3000$$$). The description of the test cases follows.The only line of each test case contains two integers $$$n$$$, $$$p$$$ ($$$1 \le n \le 3000$$$, $$$10^8 \leq p \leq 10^9$$$, $$$p$$$ is prime) — the number of cities and the modulo.It is guaranteed that the sum of $$$n$$$ over all test cases does not exceed $$$3000$$$.OutputFor each test case, output $$$n+1$$$ integers: the $$$i$$$-th integer should be the number of arrays that satisfy the conditions for $$$k = i-1$$$.ExampleInput
111 9982443532 9982443533 9982443534 9982443535 9982443536 9982443537 9982443538 9982443539 99824435310 10227585710 999662017Output
0 1 
1 2 1 
14 7 4 2 
183 34 19 16 4 
2624 209 112 120 48 12 
42605 1546 793 992 468 216 36 
785910 13327 6556 9190 4672 2880 864 144 
16382863 130922 61939 94992 50100 36960 14256 4608 576 
382823936 1441729 657784 1086596 583344 488700 216000 96480 23040 2880 
20300780 17572114 7751377 13641280 7376068 6810552 3269700 1785600 576000 144000 14400 
944100756 17572114 7751377 13641280 7376068 6810552 3269700 1785600 576000 144000 14400 
NoteIn the first test case,  arrays with $$$1$$$ good starting city: $$$[1]$$$. In the second test case,  arrays with $$$0$$$ good starting cities: $$$[1, 1]$$$;  arrays with $$$1$$$ good starting city: $$$[1, 2]$$$, $$$[2, 1]$$$;  arrays with $$$2$$$ good starting cities: $$$[2, 2]$$$. In the third test case,  arrays with $$$0$$$ good starting cities: $$$[1, 1, 1]$$$, $$$[1, 1, 2]$$$, $$$[1, 1, 3]$$$, $$$[1, 2, 1]$$$, $$$[1, 2, 2]$$$, $$$[1, 3, 1]$$$, $$$[1, 3, 2]$$$, $$$[2, 1, 1]$$$, $$$[2, 1, 2]$$$, $$$[2, 2, 1]$$$, $$$[2, 2, 2]$$$, $$$[2, 3, 1]$$$, $$$[2, 3, 2]$$$, $$$[3, 1, 1]$$$;  arrays with $$$1$$$ good starting city: $$$[1, 2, 3]$$$, $$$[1, 3, 3]$$$, $$$[2, 1, 3]$$$, $$$[3, 1, 2]$$$, $$$[3, 1, 3]$$$, $$$[3, 2, 1]$$$, $$$[3, 3, 1]$$$;  arrays with $$$2$$$ good starting cities: $$$[2, 2, 3]$$$, $$$[2, 3, 3]$$$, $$$[3, 2, 2]$$$, $$$[3, 3, 2]$$$;  arrays with $$$3$$$ good starting cities: $$$[3, 2, 3]$$$, $$$[3, 3, 3]$$$."
2018F2,Speedbreaker Counting (Medium Version),"dp, greedy, math",time limit per test,memory limit per test,"F2. Speedbreaker Counting (Medium Version)time limit per test10 secondsmemory limit per test1024 megabytesinputstandard inputoutputstandard outputNightHawk22 - Isolation⠀This is the medium version of the problem. In the three versions, the constraints on $$$n$$$ and the time limit are different. You can make hacks only if all the versions of the problem are solved.This is the statement of Problem D1B:  There are $$$n$$$ cities in a row, numbered $$$1, 2, \ldots, n$$$ left to right.  At time $$$1$$$, you conquer exactly one city, called the starting city.  At time $$$2, 3, \ldots, n$$$, you can choose a city adjacent to the ones conquered so far and conquer it. You win if, for each $$$i$$$, you conquer city $$$i$$$ at a time no later than $$$a_i$$$. A winning strategy may or may not exist, also depending on the starting city. How many starting cities allow you to win? For each $$$0 \leq k \leq n$$$, count the number of arrays of positive integers $$$a_1, a_2, \ldots, a_n$$$ such that  $$$1 \leq a_i \leq n$$$ for each $$$1 \leq i \leq n$$$;  the answer to Problem D1B is $$$k$$$. The answer can be very large, so you have to calculate it modulo a given prime $$$p$$$.InputEach test contains multiple test cases. The first line contains the number of test cases $$$t$$$ ($$$1 \le t \le 500$$$). The description of the test cases follows.The only line of each test case contains two integers $$$n$$$, $$$p$$$ ($$$1 \le n \le 500$$$, $$$10^8 \leq p \leq 10^9$$$, $$$p$$$ is prime) — the number of cities and the modulo.It is guaranteed that the sum of $$$n$$$ over all test cases does not exceed $$$500$$$.OutputFor each test case, output $$$n+1$$$ integers: the $$$i$$$-th integer should be the number of arrays that satisfy the conditions for $$$k = i-1$$$.ExampleInput
111 9982443532 9982443533 9982443534 9982443535 9982443536 9982443537 9982443538 9982443539 99824435310 10227585710 999662017Output
0 1 
1 2 1 
14 7 4 2 
183 34 19 16 4 
2624 209 112 120 48 12 
42605 1546 793 992 468 216 36 
785910 13327 6556 9190 4672 2880 864 144 
16382863 130922 61939 94992 50100 36960 14256 4608 576 
382823936 1441729 657784 1086596 583344 488700 216000 96480 23040 2880 
20300780 17572114 7751377 13641280 7376068 6810552 3269700 1785600 576000 144000 14400 
944100756 17572114 7751377 13641280 7376068 6810552 3269700 1785600 576000 144000 14400 
NoteIn the first test case,  arrays with $$$1$$$ good starting city: $$$[1]$$$. In the second test case,  arrays with $$$0$$$ good starting cities: $$$[1, 1]$$$;  arrays with $$$1$$$ good starting city: $$$[1, 2]$$$, $$$[2, 1]$$$;  arrays with $$$2$$$ good starting cities: $$$[2, 2]$$$. In the third test case,  arrays with $$$0$$$ good starting cities: $$$[1, 1, 1]$$$, $$$[1, 1, 2]$$$, $$$[1, 1, 3]$$$, $$$[1, 2, 1]$$$, $$$[1, 2, 2]$$$, $$$[1, 3, 1]$$$, $$$[1, 3, 2]$$$, $$$[2, 1, 1]$$$, $$$[2, 1, 2]$$$, $$$[2, 2, 1]$$$, $$$[2, 2, 2]$$$, $$$[2, 3, 1]$$$, $$$[2, 3, 2]$$$, $$$[3, 1, 1]$$$;  arrays with $$$1$$$ good starting city: $$$[1, 2, 3]$$$, $$$[1, 3, 3]$$$, $$$[2, 1, 3]$$$, $$$[3, 1, 2]$$$, $$$[3, 1, 3]$$$, $$$[3, 2, 1]$$$, $$$[3, 3, 1]$$$;  arrays with $$$2$$$ good starting cities: $$$[2, 2, 3]$$$, $$$[2, 3, 3]$$$, $$$[3, 2, 2]$$$, $$$[3, 3, 2]$$$;  arrays with $$$3$$$ good starting cities: $$$[3, 2, 3]$$$, $$$[3, 3, 3]$$$."
2018F1,Speedbreaker Counting (Easy Version),"combinatorics, dp, greedy, math",time limit per test,memory limit per test,"F1. Speedbreaker Counting (Easy Version)time limit per test2 secondsmemory limit per test1024 megabytesinputstandard inputoutputstandard outputNightHawk22 - Isolation⠀This is the easy version of the problem. In the three versions, the constraints on $$$n$$$ and the time limit are different. You can make hacks only if all the versions of the problem are solved.This is the statement of Problem D1B:  There are $$$n$$$ cities in a row, numbered $$$1, 2, \ldots, n$$$ left to right.  At time $$$1$$$, you conquer exactly one city, called the starting city.  At time $$$2, 3, \ldots, n$$$, you can choose a city adjacent to the ones conquered so far and conquer it. You win if, for each $$$i$$$, you conquer city $$$i$$$ at a time no later than $$$a_i$$$. A winning strategy may or may not exist, also depending on the starting city. How many starting cities allow you to win? For each $$$0 \leq k \leq n$$$, count the number of arrays of positive integers $$$a_1, a_2, \ldots, a_n$$$ such that  $$$1 \leq a_i \leq n$$$ for each $$$1 \leq i \leq n$$$;  the answer to Problem D1B is $$$k$$$. The answer can be very large, so you have to calculate it modulo a given prime $$$p$$$.InputEach test contains multiple test cases. The first line contains the number of test cases $$$t$$$ ($$$1 \le t \le 80$$$). The description of the test cases follows.The only line of each test case contains two integers $$$n$$$, $$$p$$$ ($$$1 \le n \le 80$$$, $$$10^8 \leq p \leq 10^9$$$, $$$p$$$ is prime) — the number of cities and the modulo.It is guaranteed that the sum of $$$n$$$ over all test cases does not exceed $$$80$$$.OutputFor each test case, output $$$n+1$$$ integers: the $$$i$$$-th integer should be the number of arrays that satisfy the conditions for $$$k = i-1$$$.ExampleInput
111 9982443532 9982443533 9982443534 9982443535 9982443536 9982443537 9982443538 9982443539 99824435310 10227585710 999662017Output
0 1 
1 2 1 
14 7 4 2 
183 34 19 16 4 
2624 209 112 120 48 12 
42605 1546 793 992 468 216 36 
785910 13327 6556 9190 4672 2880 864 144 
16382863 130922 61939 94992 50100 36960 14256 4608 576 
382823936 1441729 657784 1086596 583344 488700 216000 96480 23040 2880 
20300780 17572114 7751377 13641280 7376068 6810552 3269700 1785600 576000 144000 14400 
944100756 17572114 7751377 13641280 7376068 6810552 3269700 1785600 576000 144000 14400 
NoteIn the first test case,  arrays with $$$1$$$ good starting city: $$$[1]$$$. In the second test case,  arrays with $$$0$$$ good starting cities: $$$[1, 1]$$$;  arrays with $$$1$$$ good starting city: $$$[1, 2]$$$, $$$[2, 1]$$$;  arrays with $$$2$$$ good starting cities: $$$[2, 2]$$$. In the third test case,  arrays with $$$0$$$ good starting cities: $$$[1, 1, 1]$$$, $$$[1, 1, 2]$$$, $$$[1, 1, 3]$$$, $$$[1, 2, 1]$$$, $$$[1, 2, 2]$$$, $$$[1, 3, 1]$$$, $$$[1, 3, 2]$$$, $$$[2, 1, 1]$$$, $$$[2, 1, 2]$$$, $$$[2, 2, 1]$$$, $$$[2, 2, 2]$$$, $$$[2, 3, 1]$$$, $$$[2, 3, 2]$$$, $$$[3, 1, 1]$$$;  arrays with $$$1$$$ good starting city: $$$[1, 2, 3]$$$, $$$[1, 3, 3]$$$, $$$[2, 1, 3]$$$, $$$[3, 1, 2]$$$, $$$[3, 1, 3]$$$, $$$[3, 2, 1]$$$, $$$[3, 3, 1]$$$;  arrays with $$$2$$$ good starting cities: $$$[2, 2, 3]$$$, $$$[2, 3, 3]$$$, $$$[3, 2, 2]$$$, $$$[3, 3, 2]$$$;  arrays with $$$3$$$ good starting cities: $$$[3, 2, 3]$$$, $$$[3, 3, 3]$$$."
2018E2,Complex Segments (Hard Version),"binary search, data structures, divide and conquer, dsu, greedy, math, sortings",time limit per test,memory limit per test,"E2. Complex Segments (Hard Version)time limit per test13 secondsmemory limit per test256 megabytesinputstandard inputoutputstandard outputKen Arai - COMPLEX⠀This is the hard version of the problem. In this version, the constraints on $$$n$$$ and the time limit are higher. You can make hacks only if both versions of the problem are solved.A set of (closed) segments is complex if it can be partitioned into some subsets such that   all the subsets have the same size; and  a pair of segments intersects if and only if the two segments are in the same subset. You are given $$$n$$$ segments $$$[l_1, r_1], [l_2, r_2], \ldots, [l_n, r_n]$$$. Find the maximum size of a complex subset of these segments.InputEach test contains multiple test cases. The first line contains the number of test cases $$$t$$$ ($$$1 \le t \le 10^3$$$). The description of the test cases follows.The first line of each test case contains a single integer $$$n$$$ ($$$1 \le n \le 3 \cdot 10^5$$$) — the number of segments.The second line of each test case contains $$$n$$$ integers $$$l_1, l_2, \ldots, l_n$$$ ($$$1 \le l_i \le 2n$$$) — the left endpoints of the segments.The third line of each test case contains $$$n$$$ integers $$$r_1, r_2, \ldots, r_n$$$ ($$$l_i \leq r_i \le 2n$$$) — the right endpoints of the segments.It is guaranteed that the sum of $$$n$$$ over all test cases does not exceed $$$3 \cdot 10^5$$$.OutputFor each test case, output a single integer: the maximum size of a complex subset of the given segments.ExampleInput
331 2 35 4 651 2 3 6 85 4 7 9 1053 1 4 1 57 2 6 5 10Output
3
4
4
NoteIn the first test case, all pairs of segments intersect, therefore it is optimal to form a single group containing all of the three segments.In the second test case, there is no valid partition for all of the five segments. A valid partition with four segments is the following: $$$\{\{ [1, 5], [2, 4] \}, \{ [6, 9], [8, 10] \}\}$$$.In the third test case, it is optimal to make a single group containing all the segments except the second."
2018E1,Complex Segments (Easy Version),"binary search, data structures, divide and conquer, dsu, greedy, math, sortings",time limit per test,memory limit per test,"E1. Complex Segments (Easy Version)time limit per test6 secondsmemory limit per test256 megabytesinputstandard inputoutputstandard outputKen Arai - COMPLEX⠀This is the easy version of the problem. In this version, the constraints on $$$n$$$ and the time limit are lower. You can make hacks only if both versions of the problem are solved.A set of (closed) segments is complex if it can be partitioned into some subsets such that   all the subsets have the same size; and  a pair of segments intersects if and only if the two segments are in the same subset. You are given $$$n$$$ segments $$$[l_1, r_1], [l_2, r_2], \ldots, [l_n, r_n]$$$. Find the maximum size of a complex subset of these segments.InputEach test contains multiple test cases. The first line contains the number of test cases $$$t$$$ ($$$1 \le t \le 10^3$$$). The description of the test cases follows.The first line of each test case contains a single integer $$$n$$$ ($$$1 \le n \le 2 \cdot 10^4$$$) — the number of segments.The second line of each test case contains $$$n$$$ integers $$$l_1, l_2, \ldots, l_n$$$ ($$$1 \le l_i \le 2n$$$) — the left endpoints of the segments.The third line of each test case contains $$$n$$$ integers $$$r_1, r_2, \ldots, r_n$$$ ($$$l_i \leq r_i \le 2n$$$) — the right endpoints of the segments.It is guaranteed that the sum of $$$n$$$ over all test cases does not exceed $$$2 \cdot 10^4$$$.OutputFor each test case, output a single integer: the maximum size of a complex subset of the given segments.ExampleInput
331 2 35 4 651 2 3 6 85 4 7 9 1053 1 4 1 57 2 6 5 10Output
3
4
4
NoteIn the first test case, all pairs of segments intersect, therefore it is optimal to form a single group containing all of the three segments.In the second test case, there is no valid partition for all of the five segments. A valid partition with four segments is the following: $$$\{\{ [1, 5], [2, 4] \}, \{ [6, 9], [8, 10] \}\}$$$.In the third test case, it is optimal to make a single group containing all the segments except the second."
2018D,Max Plus Min Plus Size,"data structures, dp, dsu, greedy, implementation, matrices, sortings",time limit per test,memory limit per test,"D. Max Plus Min Plus Sizetime limit per test2 secondsmemory limit per test256 megabytesinputstandard inputoutputstandard outputEnV - The Dusty Dragon Tavern⠀You are given an array $$$a_1, a_2, \ldots, a_n$$$ of positive integers.You can color some elements of the array red, but there cannot be two adjacent red elements (i.e., for $$$1 \leq i \leq n-1$$$, at least one of $$$a_i$$$ and $$$a_{i+1}$$$ must not be red).Your score is the maximum value of a red element, plus the minimum value of a red element, plus the number of red elements. Find the maximum score you can get.InputEach test contains multiple test cases. The first line contains the number of test cases $$$t$$$ ($$$1 \le t \le 10^4$$$). The description of the test cases follows.The first line of each test case contains a single integer $$$n$$$ ($$$1 \le n \le 2 \cdot 10^5$$$) — the length of the array.The second line of each test case contains $$$n$$$ integers $$$a_1, a_2, \ldots, a_n$$$ ($$$1 \le a_i \le 10^9$$$) — the given array.It is guaranteed that the sum of $$$n$$$ over all test cases does not exceed $$$2 \cdot 10^5$$$.OutputFor each test case, output a single integer: the maximum possible score you can get after coloring some elements red according to the statement.ExampleInput
435 4 534 5 4103 3 3 3 4 1 2 3 5 41017 89 92 42 29 41 92 14 70 45Output
12
11
12
186
NoteIn the first test case, you can color the array as follows: $$$[\color{red}{5}, 4, \color{red}{5}]$$$. Your score is $$$\max([5, 5]) + \min([5, 5]) + \text{size}([5, 5]) = 5+5+2 = 12$$$. This is the maximum score you can get.In the second test case, you can color the array as follows: $$$[4, \color{red}{5}, 4]$$$. Your score is $$$\max([5]) + \min([5]) + \text{size}([5]) = 5+5+1 = 11$$$. This is the maximum score you can get.In the third test case, you can color the array as follows: $$$[\color{red}{3}, 3, \color{red}{3}, 3, \color{red}{4}, 1, 2, \color{red}{3}, 5, \color{red}{4}]$$$. Your score is $$$\max([3, 3, 4, 3, 4]) + \min([3, 3, 4, 3, 4]) + \text{size}([3, 3, 4, 3, 4]) = 4+3+5 = 12$$$. This is the maximum score you can get."
2018C,Tree Pruning,"brute force, dfs and similar, greedy, sortings, trees",time limit per test,memory limit per test,"C. Tree Pruningtime limit per test3 secondsmemory limit per test256 megabytesinputstandard inputoutputstandard outputt+pazolite, ginkiha, Hommarju - Paved Garden⠀You are given a tree with $$$n$$$ nodes, rooted at node $$$1$$$. In this problem, a leaf is a non-root node with degree $$$1$$$.In one operation, you can remove a leaf and the edge adjacent to it (possibly, new leaves appear). What is the minimum number of operations that you have to perform to get a tree, also rooted at node $$$1$$$, where all the leaves are at the same distance from the root?InputEach test contains multiple test cases. The first line contains the number of test cases $$$t$$$ ($$$1 \le t \le 10^4$$$). The description of the test cases follows.The first line of each test case contains a single integer $$$n$$$ ($$$3 \leq n \leq 5 \cdot 10^5$$$) — the number of nodes.Each of the next $$$n-1$$$ lines contains two integers $$$u$$$, $$$v$$$ ($$$1 \leq u, v \leq n$$$, $$$u \neq v$$$), describing an edge that connects $$$u$$$ and $$$v$$$. It is guaranteed that the given edges form a tree.It is guaranteed that the sum of $$$n$$$ over all test cases does not exceed $$$5 \cdot 10^5$$$.OutputFor each test case, output a single integer: the minimum number of operations needed to achieve your goal.ExampleInput
371 21 32 42 54 64 771 21 31 42 53 65 71512 91 66 149 118 73 513 56 1013 1513 614 127 28 11 4Output
2
2
5
NoteIn the first two examples, the tree is as follows:  In the first example, by removing edges $$$(1, 3)$$$ and $$$(2, 5)$$$, the resulting tree has all leaves (nodes $$$6$$$ and $$$7$$$) at the same distance from the root (node $$$1$$$), which is $$$3$$$. The answer is $$$2$$$, as it is the minimum number of edges that need to be removed to achieve the goal.In the second example, removing edges $$$(1, 4)$$$ and $$$(5, 7)$$$ results in a tree where all leaves (nodes $$$4$$$ and $$$5$$$) are at the same distance from the root (node $$$1$$$), which is $$$2$$$."
2018B,Speedbreaker,"binary search, data structures, dp, greedy, implementation, two pointers",time limit per test,memory limit per test,"B. Speedbreakertime limit per test2 secondsmemory limit per test256 megabytesinputstandard inputoutputstandard outputDjjaner - Speedbreaker⠀There are $$$n$$$ cities in a row, numbered $$$1, 2, \ldots, n$$$ left to right.  At time $$$1$$$, you conquer exactly one city, called the starting city.  At time $$$2, 3, \ldots, n$$$, you can choose a city adjacent to the ones conquered so far and conquer it. You win if, for each $$$i$$$, you conquer city $$$i$$$ at a time no later than $$$a_i$$$. A winning strategy may or may not exist, also depending on the starting city. How many starting cities allow you to win?InputEach test contains multiple test cases. The first line contains the number of test cases $$$t$$$ ($$$1 \le t \le 10^4$$$). The description of the test cases follows.The first line of each test case contains a single integer $$$n$$$ ($$$1 \le n \le 2 \cdot 10^5$$$) — the number of cities.The second line of each test case contains $$$n$$$ integers $$$a_1, a_2, \ldots, a_n$$$ ($$$1 \le a_i \le n$$$) — the deadlines for conquering the cities.It is guaranteed that the sum of $$$n$$$ over all test cases does not exceed $$$2 \cdot 10^5$$$.OutputFor each test case, output a single integer: the number of starting cities that allow you to win.ExampleInput
366 3 3 3 5 565 6 4 1 4 598 6 4 2 1 3 5 7 9Output
3
0
1
NoteIn the first test case, cities $$$2$$$, $$$3$$$, and $$$4$$$ are good starting cities.In the second test case, there are no good starting cities.In the third test case, the only good starting city is city $$$5$$$."
2018A,Cards Partition,"2-sat, brute force, greedy, implementation, math",time limit per test,memory limit per test,"A. Cards Partitiontime limit per test2 secondsmemory limit per test256 megabytesinputstandard inputoutputstandard outputDJ Genki vs Gram - Einherjar Joker⠀You have some cards. An integer between $$$1$$$ and $$$n$$$ is written on each card: specifically, for each $$$i$$$ from $$$1$$$ to $$$n$$$, you have $$$a_i$$$ cards which have the number $$$i$$$ written on them.There is also a shop which contains unlimited cards of each type. You have $$$k$$$ coins, so you can buy at most $$$k$$$ new cards in total, and the cards you buy can contain any integer between $$$\mathbf{1}$$$ and $$$\mathbf{n}$$$, inclusive.After buying the new cards, you must partition all your cards into decks, according to the following rules:   all the decks must have the same size;  there are no pairs of cards with the same value in the same deck. Find the maximum possible size of a deck after buying cards and partitioning them optimally.InputEach test contains multiple test cases. The first line contains the number of test cases $$$t$$$ ($$$1 \le t \le 10^4$$$). The description of the test cases follows.The first line of each test case contains two integers $$$n$$$, $$$k$$$ ($$$1 \leq n \leq 2 \cdot 10^5$$$, $$$0 \leq k \leq 10^{16}$$$) — the number of distinct types of cards and the number of coins.The second line of each test case contains $$$n$$$ integers $$$a_1, a_2, \ldots, a_n$$$ ($$$0 \leq a_i \leq 10^{10}$$$, $$$\sum a_i \geq 1$$$) — the number of cards of type $$$i$$$ you have at the beginning, for each $$$1 \leq i \leq n$$$.It is guaranteed that the sum of $$$n$$$ over all test cases does not exceed $$$2 \cdot 10^5$$$.OutputFor each test case, output a single integer: the maximum possible size of a deck if you operate optimally.ExampleInput
93 13 2 25 42 6 1 2 42 1001410065408 1000000000010 87 4 6 6 9 3 10 2 8 72 122 22 700 11 013 02 1 23 10 3 3Output
2
3
1
7
2
2
1
1
2
NoteIn the first test case, you can buy one card with the number $$$1$$$, and your cards become $$$[1, 1, 1, 1, 2, 2, 3, 3]$$$. You can partition them into the decks $$$[1, 2], [1, 2], [1, 3], [1, 3]$$$: they all have size $$$2$$$, and they all contain distinct values. You can show that you cannot get a partition with decks of size greater than $$$2$$$, so the answer is $$$2$$$.In the second test case, you can buy two cards with the number $$$1$$$ and one card with the number $$$3$$$, and your cards become $$$[1, 1, 1, 1, 2, 2, 2, 2, 2, 2, 3, 3, 4, 4, 5, 5, 5, 5]$$$, which can be partitioned into $$$[1, 2, 3], [1, 2, 4], [1, 2, 5], [1, 2, 5], [2, 3, 5], [2, 4, 5]$$$. You can show that you cannot get a partition with decks of size greater than $$$3$$$, so the answer is $$$3$$$."
2014H,Robin Hood Archery,"data structures, divide and conquer, greedy, hashing",time limit per test,memory limit per test,"H. Robin Hood Archerytime limit per test3 secondsmemory limit per test256 megabytesinputstandard inputoutputstandard outputAt such times archery was always the main sport of the day, for the Nottinghamshire yeomen were the best hand at the longbow in all merry England, but this year the Sheriff hesitated...Sheriff of Nottingham has organized a tournament in archery. It's the final round and Robin Hood is playing against Sheriff!There are $$$n$$$ targets in a row numbered from $$$1$$$ to $$$n$$$. When a player shoots target $$$i$$$, their score increases by $$$a_i$$$ and the target $$$i$$$ is destroyed. The game consists of turns and players alternate between whose turn it is. Robin Hood always starts the game, then Sheriff and so on. The game continues until all targets are destroyed. Both players start with score $$$0$$$.At the end of the game, the player with most score wins and the other player loses. If both players have the same score, it's a tie and no one wins or loses. In each turn, the player can shoot any target that wasn't shot before. Both play optimally to get the most score possible.Sheriff of Nottingham has a suspicion that he might lose the game! This cannot happen, you must help Sheriff. Sheriff will pose $$$q$$$ queries, each specifying $$$l$$$ and $$$r$$$. This means that the game would be played only with targets $$$l, l+1, \dots, r$$$, as others would be removed by Sheriff before the game starts.For each query $$$l$$$, $$$r$$$, determine whether the Sheriff can not lose the game when only considering the targets $$$l, l+1, \dots, r$$$.InputThe first line of input contains one integer $$$t$$$ ($$$1 \le t \le 10^4$$$) — the number of test cases.The first line of each test case contains two integers $$$n$$$, $$$q$$$ ($$$1 \le n,q \le 2\cdot10^5$$$) — the number of targets and the queries Sheriff will pose.The second line of each test case contains $$$n$$$ integers $$$a_1, a_2, \ldots, a_n$$$ ($$$1 \le a_i \le 10^6$$$) — the points for hitting each target.Then follow $$$q$$$ lines, each with two integers $$$l$$$ and $$$r$$$ ($$$1 \le l \le r \le n$$$) — the range of the targets that is considered for each query.It is guaranteed that the sum of both $$$n$$$ and $$$q$$$ across all test cases does not exceed $$$2 \cdot 10^5$$$.OutputFor each query, output ""YES"", if the Sheriff does not lose the game when only considering the targets $$$l, l+1, \dots, r$$$, and ""NO"" otherwise.You can output the answer in any case (upper or lower). For example, the strings ""yEs"", ""yes"", ""Yes"", and ""YES"" will be recognized as positive responses.ExampleInput
23 31 2 21 21 32 35 32 1 2 1 11 21 34 5Output
NO
NO
YES
NO
NO
YES"
2014G,Milky Days,"brute force, data structures, greedy, implementation",time limit per test,memory limit per test,"G. Milky Daystime limit per test2 secondsmemory limit per test256 megabytesinputstandard inputoutputstandard outputWhat is done is done, and the spoilt milk cannot be helped.Little John is as little as night is day — he was known to be a giant, at possibly $$$2.1$$$ metres tall. It has everything to do with his love for milk.His dairy diary has $$$n$$$ entries, showing that he acquired $$$a_i$$$ pints of fresh milk on day $$$d_i$$$. Milk declines in freshness with time and stays drinkable for a maximum of $$$k$$$ days. In other words, fresh milk acquired on day $$$d_i$$$ will be drinkable between days $$$d_i$$$ and $$$d_i+k-1$$$ inclusive.Every day, Little John drinks drinkable milk, up to a maximum of $$$m$$$ pints. In other words, if there are less than $$$m$$$ pints of milk, he will drink them all and not be satisfied; if there are at least $$$m$$$ pints of milk, he will drink exactly $$$m$$$ pints and be satisfied, and it's a milk satisfaction day.Little John always drinks the freshest drinkable milk first.Determine the number of milk satisfaction days for Little John.InputThe first line of the input contains a single integer $$$t$$$ ($$$1\leq t \leq 10^4$$$), the number of test cases.The first line of each test case consists of three integers $$$n$$$, $$$m$$$, $$$k$$$ ($$$1\le n$$$, $$$m$$$, $$$k \le 10^5$$$), the number of diary entries, the maximum pints needed for a milk satisfaction day, and the duration of milk's freshness.Then follow $$$n$$$ lines of each test case, each with two integers $$$d_i$$$ and $$$a_i$$$ ($$$1\le d_i$$$, $$$a_i \le 10^6$$$), the day on which the milk was acquired and the number of pints acquired. They are sorted in increasing values of $$$d_i$$$, and all values of $$$d_i$$$ are distinct.It is guaranteed that the sum of $$$n$$$ over all test cases does not exceed $$$2 \cdot 10^5$$$.OutputFor each test case, output a single integer, the number of milk satisfaction days.ExampleInput
61 1 31 52 3 31 52 74 5 21 92 64 95 65 2 44 75 37 111 212 14 1 35 109 414 815 35 5 58 910 716 1021 528 9Output
3
3
4
5
10
6
NoteIn the first test case, $$$5$$$ pints of milk are good for $$$3$$$ days before spoiling.In the second test case, the following will happen:   On day $$$1$$$, he will receive $$$5$$$ pints of milk and drink $$$3$$$ of them (leaving $$$2$$$ pints from day $$$1$$$);  On day $$$2$$$, he will receive $$$7$$$ pints of milk and drink $$$3$$$ of them (leaving $$$2$$$ pints from day $$$1$$$ and $$$4$$$ pints from day $$$2$$$);  On day $$$3$$$, he will drink $$$3$$$ pints from day $$$2$$$ (leaving $$$2$$$ pints from day $$$1$$$ and $$$1$$$ pint from day $$$2$$$);  On day $$$4$$$, the milk acquired on day $$$1$$$ will spoil, and he will drink $$$1$$$ pint from day $$$2$$$ (no more milk is left)."
2014F,Sheriff's Defense,"dfs and similar, dp, greedy, trees",time limit per test,memory limit per test,"F. Sheriff's Defensetime limit per test2 secondsmemory limit per test256 megabytesinputstandard inputoutputstandard output""Why, master,"" quoth Little John, taking the bags and weighing them in his hand, ""here is the chink of gold.""The folk hero Robin Hood has been troubling Sheriff of Nottingham greatly. Sheriff knows that Robin Hood is about to attack his camps and he wants to be prepared.Sheriff of Nottingham built the camps with strategy in mind and thus there are exactly $$$n$$$ camps numbered from $$$1$$$ to $$$n$$$ and $$$n-1$$$ trails, each connecting two camps. Any camp can be reached from any other camp. Each camp $$$i$$$ has initially $$$a_i$$$ gold. As it is now, all camps would be destroyed by Robin. Sheriff can strengthen a camp by subtracting exactly $$$c$$$ gold from each of its neighboring camps and use it to build better defenses for that camp. Strengthening a camp doesn't change its gold, only its neighbors' gold. A camp can have negative gold. After Robin Hood's attack, all camps that have been strengthened survive the attack, all others are destroyed.What's the maximum gold Sheriff can keep in his surviving camps after Robin Hood's attack if he strengthens his camps optimally? Camp $$$a$$$ is neighboring camp $$$b$$$ if and only if there exists a trail connecting $$$a$$$ and $$$b$$$. Only strengthened camps count towards the answer, as others are destroyed.InputThe first line contains a single integer $$$t$$$ ($$$1 \le t \le 10^4$$$) — the number of test cases.Each test case begins with two integers $$$n$$$, $$$c$$$ ($$$1 \le n \le 2\cdot10^5, 1 \le c \le 10^9$$$) — the number of camps and the gold taken from each neighboring camp for strengthening.The second line of each test case contains $$$n$$$ integers $$$a_1,a_2,\dots,a_n$$$ ($$$-10^9 \le a_i \le 10^9$$$) — the initial gold of each camp.Then follow $$$n-1$$$ lines, each with integers $$$u$$$, $$$v$$$ ($$$1 \le u, v \le n$$$, $$$u \ne v$$$) — meaning that there is a trail between $$$u$$$ and $$$v$$$.The sum of $$$n$$$ over all test cases doesn't exceed $$$2\cdot10^5$$$.It is guaranteed that any camp is reachable from any other camp.OutputOutput a single integer, the maximum gold Sheriff of Nottingham can keep in his surviving camps after Robin Hood's attack.ExampleInput
53 12 3 11 22 33 13 6 31 22 33 1-2 -3 -11 22 36 15 -4 3 6 7 34 15 13 53 61 28 13 5 2 7 8 5 -3 -47 31 84 33 57 68 72 1Output
3
8
0
17
26
NoteIn the first test case, it is optimal to strengthen the second base. The final gold at each base is $$$[1,3,0]$$$.In the second test case, it is optimal to strengthen all bases. The final gold at each base is $$$[2,4,2]$$$.In the third test case, it is optimal to not strengthen any base."
2014E,Rendez-vous de Marian et Robin,"dfs and similar, graphs, shortest paths",time limit per test,memory limit per test,"E. Rendez-vous de Marian et Robintime limit per test5 secondsmemory limit per test256 megabytesinputstandard inputoutputstandard outputIn the humble act of meeting, joy doth unfold like a flower in bloom.Absence makes the heart grow fonder. Marian sold her last ware at the Market at the same time Robin finished training at the Major Oak. They couldn't wait to meet, so they both start without delay.The travel network is represented as $$$n$$$ vertices numbered from $$$1$$$ to $$$n$$$ and $$$m$$$ edges. The $$$i$$$-th edge connects vertices $$$u_i$$$ and $$$v_i$$$, and takes $$$w_i$$$ seconds to travel (all $$$w_i$$$ are even). Marian starts at vertex $$$1$$$ (Market) and Robin starts at vertex $$$n$$$ (Major Oak).In addition, $$$h$$$ of the $$$n$$$ vertices each has a single horse available. Both Marian and Robin are capable riders, and could mount horses in no time (i.e. in $$$0$$$ seconds). Travel times are halved when riding. Once mounted, a horse lasts the remainder of the travel. Meeting must take place on a vertex (i.e. not on an edge). Either could choose to wait on any vertex.Output the earliest time Robin and Marian can meet. If vertices $$$1$$$ and $$$n$$$ are disconnected, output $$$-1$$$ as the meeting is cancelled.InputThe first line of the input contains a single integer $$$t$$$ ($$$1\leq t \leq 10^4$$$) — the number of test cases.The first line of each test case consists of three integers $$$n$$$, $$$m$$$, $$$h$$$ ($$$2 \le n \le 2 \cdot 10^5, \;1 \le m \le 2 \cdot 10^5, \; 1 \le h \le n$$$) — the number of vertices, the number of edges and the number of vertices that have a single horse.The second line of each test case contains $$$h$$$ distinct integers $$$a_1, a_2, \ldots, a_h$$$ ($$$1 \le a_i \le n$$$) — the vertices that have a single horse available.Then follow $$$m$$$ lines of each test case, each with three integers $$$u_i$$$, $$$v_i$$$, $$$w_i$$$ ($$$1\le u_i,v_i \le n, \; 2\le w_i \le 10^6$$$) — meaning that there is an edge between vertices $$$u_i$$$ and $$$v_i$$$ with travel cost $$$w_i$$$ seconds without a horse.There are no self loops or multiple edges. By good fortune, all $$$w_i$$$ are even integers.It is guaranteed that the sums of both $$$n$$$ and $$$m$$$ over all test cases do not exceed $$$2 \cdot 10^5$$$.OutputFor each test case, output a single integer, the earliest time Robin and Marian can meet. If it is impossible for them to meet, output $$$-1$$$.ExampleInput
62 1 111 2 103 1 22 31 2 103 3 121 2 41 3 102 3 64 3 22 31 2 102 3 183 4 163 2 121 2 41 3 167 7 131 5 22 6 121 2 126 4 87 3 46 3 47 6 4Output
5
-1
6
19
14
12
NoteIn the first test case, Marian rides from vertex $$$1$$$ to vertex $$$2$$$, Robin waits.In the second test case, vertices $$$1$$$ and $$$3$$$ are not connected.In the third test case, both Marian and Robin travel to vertex $$$2$$$ to meet.In the fourth test case, Marian travels to vertex $$$2$$$ without a horse, mounts the horse at vertex $$$2$$$ and rides to vertex $$$3$$$ to meet Robin.In the fifth test case, Marian travels to vertex $$$2$$$ without a horse, mounts the horse at vertex $$$2$$$ and rides back to vertex $$$1$$$ and then to vertex $$$3$$$. Robin waits."
2014D,Robert Hood and Mrs Hood,"brute force, data structures, greedy, sortings",time limit per test,memory limit per test,"D. Robert Hood and Mrs Hoodtime limit per test2 secondsmemory limit per test256 megabytesinputstandard inputoutputstandard outputImpress thy brother, yet fret not thy mother.Robin's brother and mother are visiting, and Robin gets to choose the start day for each visitor.All days are numbered from $$$1$$$ to $$$n$$$. Visitors stay for $$$d$$$ continuous days, all of those $$$d$$$ days must be between day $$$1$$$ and $$$n$$$ inclusive.Robin has a total of $$$k$$$ risky 'jobs' planned. The $$$i$$$-th job takes place between days $$$l_i$$$ and $$$r_i$$$ inclusive, for $$$1 \le i \le k$$$. If a job takes place on any of the $$$d$$$ days, the visit overlaps with this job (the length of overlap is unimportant).Robin wants his brother's visit to overlap with the maximum number of distinct jobs, and his mother's the minimum.Find suitable start days for the visits of Robin's brother and mother. If there are multiple suitable days, choose the earliest one.InputThe first line of the input contains a single integer $$$t$$$ ($$$1\leq t \leq 10^4$$$) — the number of test cases.The first line of each test case consists of three integers $$$n$$$, $$$d$$$, $$$k$$$ ($$$1 \le n \le 10^5, 1 \le d, k \le n$$$) — the number of total days, duration of the visits, and the number of jobs. Then follow $$$k$$$ lines of each test case, each with two integers $$$l_i$$$ and $$$r_i$$$ ($$$1 \le l_i \le r_i \le n$$$) — the start and end day of each job.It is guaranteed that the sum of $$$n$$$ over all test cases does not exceed $$$2 \cdot 10^5$$$.OutputFor each test case, output two integers, the best starting days of Robin's brother and mother respectively. Both visits must fit between day $$$1$$$ and $$$n$$$ inclusive.ExampleInput
62 1 11 24 1 21 22 47 2 31 21 36 75 1 21 23 59 2 12 89 2 47 94 81 32 3Output
1 1
2 1
1 4
1 1
1 1
3 4
NoteIn the first test case, the only job fills all $$$2$$$ days, both should visit on day $$$1$$$.In the second test case, day $$$2$$$ overlaps with $$$2$$$ jobs and day $$$1$$$ overlaps with only $$$1$$$.In the third test case, Robert visits for days $$$[1,2]$$$, Mrs. Hood visits for days $$$[4,5]$$$."
2014C,Robin Hood in Town,"binary search, greedy, math",time limit per test,memory limit per test,"C. Robin Hood in Towntime limit per test2 secondsmemory limit per test256 megabytesinputstandard inputoutputstandard outputIn Sherwood, we judge a man not by his wealth, but by his merit.Look around, the rich are getting richer, and the poor are getting poorer. We need to take from the rich and give to the poor. We need Robin Hood!There are $$$n$$$ people living in the town. Just now, the wealth of the $$$i$$$-th person was $$$a_i$$$ gold. But guess what? The richest person has found an extra pot of gold! More formally, find an $$$a_j=max(a_1, a_2, \dots, a_n)$$$, change $$$a_j$$$ to $$$a_j+x$$$, where $$$x$$$ is a non-negative integer number of gold found in the pot. If there are multiple maxima, it can be any one of them.A person is unhappy if their wealth is strictly less than half of the average wealth$$$^{\text{∗}}$$$. If strictly more than half of the total population $$$n$$$ are unhappy, Robin Hood will appear by popular demand.Determine the minimum value of $$$x$$$ for Robin Hood to appear, or output $$$-1$$$ if it is impossible.$$$^{\text{∗}}$$$The average wealth is defined as the total wealth divided by the total population $$$n$$$, that is, $$$\frac{\sum a_i}{n}$$$, the result is a real number.InputThe first line of input contains one integer $$$t$$$ ($$$1 \le t \le 10^4$$$) — the number of test cases.The first line of each test case contains an integer $$$n$$$ ($$$1 \le n \le 2\cdot10^5$$$) — the total population.The second line of each test case contains $$$n$$$ integers $$$a_1, a_2, \ldots, a_n$$$ ($$$1 \le a_i \le 10^6$$$) — the wealth of each person.It is guaranteed that the sum of $$$n$$$ across all test cases does not exceed $$$2 \cdot 10^5$$$.OutputFor each test case, output one integer — the minimum number of gold that the richest person must find for Robin Hood to appear. If it is impossible, output $$$-1$$$ instead.ExampleInput
61222 1931 3 2041 2 3 451 2 3 4 561 2 1 1 1 25Output
-1
-1
0
15
16
0
NoteIn the first test case, it is impossible for a single person to be unhappy.In the second test case, there is always $$$1$$$ happy person (the richest).In the third test case, no additional gold are required, so the answer is $$$0$$$.In the fourth test case, after adding $$$15$$$ gold, the average wealth becomes $$$\frac{25}{4}$$$, and half of this average is $$$\frac{25}{8}$$$, resulting in $$$3$$$ people being unhappy.In the fifth test case, after adding $$$16$$$ gold, the average wealth becomes $$$\frac{31}{5}$$$, resulting in $$$3$$$ people being unhappy."
2014B,Robin Hood and the Major Oak,math,time limit per test,memory limit per test,"B. Robin Hood and the Major Oaktime limit per test1 secondmemory limit per test256 megabytesinputstandard inputoutputstandard outputIn Sherwood, the trees are our shelter, and we are all children of the forest.The Major Oak in Sherwood is known for its majestic foliage, which provided shelter to Robin Hood and his band of merry men and women.The Major Oak grows $$$i^i$$$ new leaves in the $$$i$$$-th year. It starts with $$$1$$$ leaf in year $$$1$$$.Leaves last for $$$k$$$ years on the tree. In other words, leaves grown in year $$$i$$$ last between years $$$i$$$ and $$$i+k-1$$$ inclusive.Robin considers even numbers lucky. Help Robin determine whether the Major Oak will have an even number of leaves in year $$$n$$$.InputThe first line of the input contains a single integer $$$t$$$ ($$$1 \le t \le 10^4$$$) — the number of test cases.Each test case consists of two integers $$$n$$$, $$$k$$$ ($$$1 \le n \le 10^9$$$, $$$1 \le k \le n$$$) — the requested year and the number of years during which the leaves remain.OutputFor each test case, output one line, ""YES"" if in year $$$n$$$ the Major Oak will have an even number of leaves and ""NO"" otherwise.You can output the answer in any case (upper or lower). For example, the strings ""yEs"", ""yes"", ""Yes"", and ""YES"" will be recognized as positive responses.ExampleInput
51 12 12 23 24 4Output
NO
YES
NO
NO
YES
NoteIn the first test case, there is only $$$1$$$ leaf.In the second test case, $$$k=1$$$, so in the $$$2$$$-nd year there will be $$$2^2=4$$$ leaves.In the third test case, $$$k=2$$$, so in the $$$2$$$-nd year there will be $$$1+2^2=5$$$ leaves.In the fourth test case, $$$k=2$$$, so in the $$$3$$$-rd year there will be $$$2^2 + 3^3 = 4 + 27 = 31$$$ leaves."
2014A,Robin Helps,"greedy, implementation",time limit per test,memory limit per test,"A. Robin Helpstime limit per test1 secondmemory limit per test256 megabytesinputstandard inputoutputstandard outputThere is a little bit of the outlaw in everyone, and a little bit of the hero too.The heroic outlaw Robin Hood is famous for taking from the rich and giving to the poor.Robin encounters $$$n$$$ people starting from the $$$1$$$-st and ending with the $$$n$$$-th. The $$$i$$$-th person has $$$a_i$$$ gold. If $$$a_i \ge k$$$, Robin will take all $$$a_i$$$ gold, and if $$$a_i=0$$$, Robin will give $$$1$$$ gold if he has any. Robin starts with $$$0$$$ gold.Find out how many people Robin gives gold to.InputThe first line of the input contains a single integer $$$t$$$ ($$$1\leq t \leq 10^4$$$) — the number of test cases.The first line of each test case contains two integers $$$n$$$, $$$k$$$ ($$$1 \le n \le 50, 1 \le k \le 100$$$) — the number of people and the threshold at which Robin Hood takes the gold.The second line of each test case contains $$$n$$$ integers $$$a_1, a_2, \ldots, a_n$$$ ($$$0 \le a_i \le 100$$$) — the gold of each person.OutputFor each test case, output a single integer, the number of people that will get gold from Robin Hood.ExampleInput
42 22 03 23 0 06 20 3 0 0 0 02 55 4Output
1
2
3
0
NoteIn the first test case, Robin takes $$$2$$$ gold from the first person and gives a gold to the second person.In the second test case, Robin takes $$$3$$$ gold and gives $$$1$$$ gold to each of the next $$$2$$$ people.In the third test case, Robin takes $$$3$$$ gold and so only gives gold to $$$3$$$ other people."
2013F2,Game in Tree (Hard Version),"binary search, data structures, trees",time limit per test,memory limit per test,"F2. Game in Tree (Hard Version)time limit per test4 secondsmemory limit per test256 megabytesinputstandard inputoutputstandard outputThis is the hard version of the problem. In this version, it is not guaranteed that $$$u = v$$$. You can make hacks only if both versions of the problem are solved.Alice and Bob are playing a fun game on a tree. This game is played on a tree with $$$n$$$ vertices, numbered from $$$1$$$ to $$$n$$$. Recall that a tree with $$$n$$$ vertices is an undirected connected graph with $$$n - 1$$$ edges.Alice and Bob take turns, with Alice going first. Each player starts at some vertex.On their turn, a player must move from the current vertex to a neighboring vertex that has not yet been visited by anyone. The first player who cannot make a move loses.You are given two vertices $$$u$$$ and $$$v$$$. Represent the simple path from vertex $$$u$$$ to $$$v$$$ as an array $$$p_1, p_2, p_3, \ldots, p_m$$$, where $$$p_1 = u$$$, $$$p_m = v$$$, and there is an edge between $$$p_i$$$ and $$$p_{i + 1}$$$ for all $$$i$$$ ($$$1 \le i < m$$$).You need to determine the winner of the game if Alice starts at vertex $$$1$$$ and Bob starts at vertex $$$p_j$$$ for each $$$j$$$ (where $$$1 \le j \le m$$$).InputEach test contains multiple test cases. The first line contains the number of test cases $$$t$$$ ($$$1 \le t \le 10^4$$$). The description of the test cases follows.The first line of each test case contains a single integer $$$n$$$ ($$$2 \le n \le 2 \cdot 10^5$$$) — the number of vertices in the tree.Each of the following $$$n - 1$$$ lines contains two integers $$$a$$$ and $$$b$$$ ($$$1 \le a, b \le n$$$), denoting an undirected edge between vertices $$$a$$$ and $$$b$$$. It is guaranteed that these edges form a tree.The last line of each test case contains two integers $$$u$$$ and $$$v$$$ ($$$2 \le u, v \le n$$$).It is guaranteed that the path from $$$u$$$ to $$$v$$$ does not pass through vertex $$$1$$$.It is guaranteed that the sum of $$$n$$$ over all test cases does not exceed $$$2 \cdot 10^5$$$.OutputFor each test case, output $$$m$$$ lines.In the $$$i$$$-th line, print the winner of the game if Alice starts at vertex $$$1$$$ and Bob starts at vertex $$$p_i$$$. Print ""Alice"" (without quotes) if Alice wins, or ""Bob"" (without quotes) otherwise.ExampleInput
331 22 32 361 21 32 42 51 64 541 21 32 42 4Output
Bob
Alice
Alice
Bob
Alice
Bob
Alice
Note  Tree from the first example. In the first test case, the path will be ($$$2,3$$$). If Bob starts at vertex $$$2$$$, Alice will not be able to move anywhere on her first turn and will lose.However, if Bob starts at vertex $$$3$$$, Alice will move to vertex $$$2$$$, and Bob will have no remaining vertices to visit and will lose."
2013F1,Game in Tree (Easy Version),"binary search, brute force, data structures, dp, games, greedy, implementation, trees",time limit per test,memory limit per test,"F1. Game in Tree (Easy Version)time limit per test4 secondsmemory limit per test256 megabytesinputstandard inputoutputstandard outputThis is the easy version of the problem. In this version, $$$\mathbf{u = v}$$$. You can make hacks only if both versions of the problem are solved.Alice and Bob are playing a fun game on a tree. This game is played on a tree with $$$n$$$ vertices, numbered from $$$1$$$ to $$$n$$$. Recall that a tree with $$$n$$$ vertices is an undirected connected graph with $$$n - 1$$$ edges.Alice and Bob take turns, with Alice going first. Each player starts at some vertex.On their turn, a player must move from the current vertex to a neighboring vertex that has not yet been visited by anyone. The first player who cannot make a move loses.You are given two vertices $$$u$$$ and $$$v$$$. Represent the simple path from vertex $$$u$$$ to $$$v$$$ as an array $$$p_1, p_2, p_3, \ldots, p_m$$$, where $$$p_1 = u$$$, $$$p_m = v$$$, and there is an edge between $$$p_i$$$ and $$$p_{i + 1}$$$ for all $$$i$$$ ($$$1 \le i < m$$$).You need to determine the winner of the game if Alice starts at vertex $$$1$$$ and Bob starts at vertex $$$p_j$$$ for each $$$j$$$ (where $$$1 \le j \le m$$$).InputEach test contains multiple test cases. The first line contains the number of test cases $$$t$$$ ($$$1 \le t \le 10^4$$$). The description of the test cases follows.The first line of each test case contains a single integer $$$n$$$ ($$$2 \le n \le 2 \cdot 10^5$$$) — the number of vertices in the tree.Each of the following $$$n - 1$$$ lines contains two integers $$$a$$$ and $$$b$$$ ($$$1 \le a, b \le n$$$), denoting an undirected edge between vertices $$$a$$$ and $$$b$$$. It is guaranteed that these edges form a tree.The last line of each test case contains two integers $$$u$$$ and $$$v$$$ ($$$2 \le u, v \le n$$$, $$$\mathbf{u = v}$$$).It is guaranteed that the path from $$$u$$$ to $$$v$$$ does not pass through vertex $$$1$$$.It is guaranteed that the sum of $$$n$$$ over all test cases does not exceed $$$2 \cdot 10^5$$$.OutputFor each test case, output $$$m$$$ lines.In the $$$i$$$-th line, print the winner of the game if Alice starts at vertex $$$1$$$ and Bob starts at vertex $$$p_i$$$. Print ""Alice"" (without quotes) if Alice wins, or ""Bob"" (without quotes) otherwise.ExampleInput
331 22 32 231 22 33 361 21 32 42 51 64 4Output
Bob
Alice
Alice
Note  Tree from the first and second examples. In the first test case, the path will be ($$$2,2$$$). Bob starts at vertex $$$2$$$, Alice will not be able to move anywhere on her first turn and will lose.In the second test case, the path will be ($$$3,3$$$). Bob starts at vertex $$$3$$$, Alice will move to vertex $$$2$$$, and Bob will have no remaining vertices to visit and will lose."
2013E,Prefix GCD,"brute force, dp, greedy, math, number theory",time limit per test,memory limit per test,"E. Prefix GCDtime limit per test2 secondsmemory limit per test256 megabytesinputstandard inputoutputstandard outputSince Mansur is tired of making legends, there will be no legends for this task.You are given an array of positive integer numbers $$$a_1, a_2, \ldots, a_n$$$. The elements of the array can be rearranged in any order. You need to find the smallest possible value of the expression $$$$$$\gcd(a_1) + \gcd(a_1, a_2) + \ldots + \gcd(a_1, a_2, \ldots, a_n),$$$$$$ where $$$\gcd(a_1, a_2, \ldots, a_n)$$$ denotes the greatest common divisor (GCD) of $$$a_1, a_2, \ldots, a_n$$$.InputEach test contains multiple test cases. The first line contains the number of test cases $$$t$$$ ($$$1 \le t \le 10^4$$$). The description of the test cases follows.The first line of each test case contains a single number $$$n$$$ ($$$1 \le n \le 10^5$$$) — the size of the array.The second line of each test case contains $$$n$$$ numbers $$$a_1, a_2, \ldots, a_n$$$ ($$$1 \le a_i \le 10^5$$$) — the initial array.The sum of $$$n$$$ over all test cases does not exceed $$$10^5$$$.The sum of $$$\max(a_1, a_2, \ldots, a_n)$$$ over all test cases does not exceed $$$10^5$$$.OutputFor each test case, output a single number on a separate line — the answer to the problem.ExampleInput
534 2 226 3310 15 656 42 12 52 20442 154 231 66Output
6
6
9
14
51
NoteIn the first test case, the elements can be rearranged as follows: $$$[2, 4, 2]$$$. Then the answer will be $$$\gcd(2) + \gcd(2, 4) + \gcd(2, 4, 2) = 2 + 2 + 2 = 6$$$.In the third test case, the elements can be rearranged as follows: $$$[6, 10, 15]$$$. Then the answer will be $$$\gcd(6) + \gcd(6, 10) + \gcd(6, 10, 15) = 6 + 2 + 1 = 9$$$."
2013D,Minimize the Difference,"binary search, greedy",time limit per test,memory limit per test,"D. Minimize the Differencetime limit per test2 secondsmemory limit per test256 megabytesinputstandard inputoutputstandard outputZhan, tired after the contest, gave the only task that he did not solve during the contest to his friend, Sungat. However, he could not solve it either, so we ask you to try to solve this problem.You are given an array $$$a_1, a_2, \ldots, a_n$$$ of length $$$n$$$. We can perform any number (possibly, zero) of operations on the array.In one operation, we choose a position $$$i$$$ ($$$1 \leq i \leq n - 1$$$) and perform the following action:   $$$a_i := a_i - 1$$$, and $$$a_{i+1} := a_{i+1} + 1$$$. Find the minimum possible value of $$$\max(a_1, a_2, \ldots, a_n) - \min(a_1, a_2, \ldots, a_n)$$$.InputEach test contains multiple test cases. The first line contains the number of test cases $$$t$$$ ($$$1 \le t \le 10^5$$$). The description of the test cases follows.The first line of each test case contains an integer $$$n$$$ ($$$1 \leq n \leq 2 \cdot 10^5$$$).The second line of each test case contains $$$n$$$ integers $$$a_1, a_2, \ldots, a_n$$$ ($$$1 \leq a_i \leq 10^{12}$$$).The sum of $$$n$$$ over all test cases does not exceed $$$2 \cdot 10^5$$$.OutputFor each test case, output a single integer: the minimum possible value of $$$\max(a_1, a_2, \ldots, a_n) - \min(a_1, a_2, \ldots, a_n)$$$.ExampleInput
51131 2 344 1 2 344 2 3 155 14 4 10 2Output
0
2
1
1
3
NoteIn the third testcase, you can perform the operation twice with $$$i = 1$$$.After that, the array is $$$a = [2, 3, 2, 3]$$$, and $$$\max(2, 3, 2, 3) - \min(2, 3, 2, 3) = 3 - 2 = 1$$$."
2013C,Password Cracking,"constructive algorithms, interactive, strings",time limit per test,memory limit per test,"C. Password Crackingtime limit per test2 secondsmemory limit per test256 megabytesinputstandard inputoutputstandard outputDimash learned that Mansur wrote something very unpleasant about him to a friend, so he decided to find out his password at all costs and discover what exactly he wrote.Believing in the strength of his password, Mansur stated that his password — is a binary string of length $$$n$$$. He is also ready to answer Dimash's questions of the following type:Dimash says a binary string $$$t$$$, and Mansur replies whether it is true that $$$t$$$ is a substring of his password.Help Dimash find out the password in no more than $$$2n$$$ operations; otherwise, Mansur will understand the trick and stop communicating with him.InputEach test contains multiple test cases. The first line contains the number of test cases $$$t$$$ ($$$1 \le t \le 100$$$). The description of the test cases follows.InteractionAt the beginning of each test case, first read $$$n$$$ ($$$1 \le n \le 100$$$) — the size of the binary string. Then proceed to guessing it.To guess each string $$$s$$$, you can make no more than $$$2n$$$ queries of the following type:  ""? t"", where $$$t$$$ is a binary string such that ($$$1 \le |t| \le n$$$). In response to this query, you will receive $$$1$$$ if $$$t$$$ is a substring of $$$s$$$, and $$$0$$$ otherwise.Once you receive the answer, output a single string in the following format:  ""! s"", where $$$s$$$ is a binary string of size $$$n$$$. After that, proceed to solve the next test case.If you make an incorrect attempt or exceed the limit of $$$2n$$$ attempts, you will receive $$$-1$$$ instead of an answer and get the verdict Wrong answer. In this case, your program should terminate immediately to avoid undefined verdicts.After outputting the queries, do not forget to output a newline character and flush the output buffer. Otherwise, you will receive the verdict Solution ""hung"". To flush the buffer, use:   fflush(stdout) or cout.flush() in C++;  System.out.flush() in Java;  flush(output) in Pascal;  stdout.flush() in Python;  refer to the documentation for other languages. Hacks:To use hacks, use the following format of tests:The first line should contain a single integer $$$t$$$ ($$$1\le t\le 100$$$) — the number of test cases.The first line of each test case should contain a single number $$$n$$$ ($$$1 \le n \le 100$$$) — the length of the string. The second line should contain a binary string of size $$$n$$$.ExampleInput
4
3

0

0

1

4

4

2Output


? 00

? 000

? 010

! 010

! 1100

! 0110

! 10NoteIn the first example, the string $$$010$$$ is given. Therefore, the answers to the queries are as follows:""? 00"" $$$00$$$ is not a substring of $$$010$$$, so the answer is $$$0$$$.""? 000"" $$$000$$$ is not a substring, so the answer is $$$0$$$.""? 010"" $$$010$$$ is a substring, so the answer is $$$1$$$.In the second example, the string is $$$1100$$$, in the third $$$0110$$$, and in the fourth $$$10$$$."
2013B,Battle for Survive,"constructive algorithms, greedy, math",time limit per test,memory limit per test,"B. Battle for Survivetime limit per test1 secondmemory limit per test256 megabytesinputstandard inputoutputstandard outputEralim, being the mafia boss, manages a group of $$$n$$$ fighters. Fighter $$$i$$$ has a rating of $$$a_i$$$.Eralim arranges a tournament of $$$n - 1$$$ battles, in each of which two not yet eliminated fighters $$$i$$$ and $$$j$$$ ($$$1 \le i < j \le n$$$) are chosen, and as a result of the battle, fighter $$$i$$$ is eliminated from the tournament, and the rating of fighter $$$j$$$ is reduced by the rating of fighter $$$i$$$. That is, $$$a_j$$$ is decreased by $$$a_i$$$. Note that fighter $$$j$$$'s rating can become negative. The fighters indexes do not change.Eralim wants to know what maximum rating the last remaining fighter can preserve if he chooses the battles optimally.InputEach test contains multiple test cases. The first line contains the number of test cases $$$t$$$ ($$$1 \le t \le 10^4$$$). The description of the test cases follows.The first line of each test case contains a single integer $$$n$$$ ($$$2 \le n \le 2 \cdot 10^5$$$) — the number of fighters.The second line of each test case contains $$$n$$$ integers $$$a_1, a_2, \ldots a_n$$$ ($$$1 \le a_i \le 10^9$$$) — the ratings of the fighters.The sum of $$$n$$$ over all testcases does not exceed $$$2 \cdot 10^5$$$.OutputFor each testcase, output a single integer — the maximum rating that the last remaining fighter can preserve.ExampleInput
522 132 2 841 2 4 351 2 3 4 553 2 4 5 4Output
-1
8
2
7
8
NoteIn the first example, you can arrange a fight between fighters with indices $$$1$$$ and $$$2$$$, where the fighter with index $$$2$$$ will win. The rating of the last fighter, that is, the fighter with index $$$2$$$, will be $$$1 - 2 = -1$$$.In the second example, you can first conduct a fight between fighters with indices $$$1$$$ and $$$2$$$, where the fighter with index $$$2$$$ will win, and then conduct a fight between fighters with indices $$$2$$$ and $$$3$$$, where the fighter with index $$$3$$$ will win.The rating of the fighter with index $$$2$$$ after the first fight will be $$$2 - 2 = 0$$$. The rating of the fighter with index $$$3$$$ after the second fight will be $$$8 - 0 = 8$$$."
2013A,Zhan's Blender,"constructive algorithms, math",time limit per test,memory limit per test,"A. Zhan's Blendertime limit per test1 secondmemory limit per test256 megabytesinputstandard inputoutputstandard outputToday, a club fair was held at ""NSPhM"". In order to advertise his pastry club, Zhan decided to demonstrate the power of his blender.To demonstrate the power of his blender, Zhan has $$$n$$$ fruits.The blender can mix up to $$$x$$$ fruits per second.In each second, Zhan can put up to $$$y$$$ fruits into the blender. After that, the blender will blend $$$\min(x, c)$$$ fruits, where $$$c$$$ is the number of fruits inside the blender. After blending, blended fruits are removed from the blender.Help Zhan determine the minimum amount of time required for Zhan to blend all fruits.InputEach test contains multiple test cases. The first line contains the number of test cases $$$t$$$ ($$$1 \le t \le 1000$$$). The description of the test cases follows.The first line of each test case contains one integer $$$n$$$ ($$$0 \le n \le 10^9$$$) — the number of fruits Zhan has.The second line of each test case contains two integers $$$x$$$ and $$$y$$$ ($$$1 \le x, y \le 10^9$$$) — the number of fruits the blender can blend per second and the number of fruits Zhan can put into the blender per second.OutputFor each testcase, output a single integer — the minimum number of seconds to blend all fruits.ExampleInput
553 431 264 31004 393 3Output
2
3
2
34
3
NoteIn the first example, you can first put $$$2$$$ fruits in the blender. After that, the blender will mix these $$$2$$$ fruits, and in the end, there will be $$$0$$$ fruits left in the blender. Then you can put $$$3$$$ fruits into the blender, after which the blender will mix these $$$3$$$ fruits.In the second example, you can put $$$1$$$ fruit into the blender $$$3$$$ times.In the third example, you can first put $$$3$$$ fruits into the blender, then add another $$$3$$$ fruits."
2011I,Stack and Queue,"*special, data structures, divide and conquer",time limit per test,memory limit per test,"I. Stack and Queuetime limit per test4 secondsmemory limit per test512 megabytesinputstandard inputoutputstandard outputThere are $$$2$$$ queues of patients at the doors of two doctors. The first doctor sees patients in the usual order of the queue — whoever arrived first will be seen first. The second doctor does the opposite — he sees those who arrived last first. Thus, there is a queue for the first doctor and a stack for the second doctor. A patient can be in both the queue and the stack. Each patient is characterized by the time their visit to the doctor will take (the time is the same for both doctors).When the appointments begin, the doctors will see patients in the order of the queue and stack, respectively. As soon as a doctor finishes with one patient, he will call the next one.But there is one problem: if a patient is in both the queue and the stack, and he is called to one doctor first and then to the other, while he has not yet finished with the first one, confusion will arise. It is allowed for a patient to go to the second doctor at the exact moment he finishes with the first doctor.The current configuration of the queue and stack is called good if the doctors can see all the patients without any confusion arising.Initially, both the queue and the stack are empty. There are three types of queries:   add patient $$$x$$$ to the queue;  add patient $$$x$$$ to the stack;  patient $$$x$$$, who was in the queue, realizes he is in the wrong place and moves to the stack; however, he moves to the position in the stack as if he had entered the stack at the moment of the query when he entered the queue. It is guaranteed that after each query, each patient is no more than once in the queue and no more than once in the stack.After each query, you need to determine if the current configuration is good.InputThe first line contains a single integer $$$n$$$ ($$$1 \le n \le 10^5$$$) — the number of requests.The second line contains $$$n$$$ integers $$$a_1, a_2, \dots, a_n$$$ ($$$1 \le a_i \le 10^9$$$) — for each patient, the time their visit to the doctor will take.Each of the following $$$n$$$ lines contains two integers $$$t$$$ and $$$x$$$ ($$$1 \le t \le 3$$$; $$$1 \le x \le n$$$) — the type of query and the patient's index. It is guaranteed that:   if the query is of type $$$1$$$, then patient $$$x$$$ is not in the queue yet;  if the query is of type $$$2$$$, then patient $$$x$$$ is not in the stack yet;  if the query is of type $$$3$$$, then patient $$$x$$$ is in the queue already and not in the stack yet. OutputAfter each query, print ""YES"", if the current configuration is good, and ""NO"" otherwise.ExamplesInput
310 15 41 12 12 2Output
YES
NO
YES
Input
72 5 1 5 5 4 81 12 51 22 33 21 23 1Output
YES
YES
YES
YES
YES
NO
NO
NoteIn the first test, there are the following configurations:   queue: $$$[1]$$$; stack: $$$[]$$$; patient $$$1$$$ is seen by the first doctor for $$$10$$$ minutes, starting at minute $$$0$$$.  queue: $$$[1]$$$; stack: $$$[1]$$$; patient $$$1$$$ is seen by the first doctor during $$$[0; 10)$$$ and by the second during $$$[0; 10)$$$. Since patient $$$1$$$ must be at both doctors at the same time, the answer is ""NO"".  queue: $$$[1]$$$; stack: $$$[1, 2]$$$; patient $$$1$$$ is seen by the first doctor during $$$[0; 10)$$$, and by the second during $$$[15; 25)$$$; patient $$$2$$$ is seen by the second doctor during $$$[0, 15)$$$. Now patient $$$1$$$ can make it to the second doctor after seeing the first. In the second test, the configuration after query $$$4$$$ is as follows:   queue: $$$[1, 2]$$$;  stack: $$$[5, 3]$$$;  patient $$$1$$$: first doctor $$$[0, 2)$$$, second doctor is not seeing him;  patient $$$2$$$: first doctor $$$[2, 7)$$$, second doctor is not seeing him;  patient $$$3$$$: first doctor is not seeing him, second doctor $$$[0, 1)$$$;  patient $$$5$$$: first doctor is not seeing him, second doctor $$$[1, 6)$$$. After request $$$5$$$, the next configuration is:   queue: $$$[1]$$$;  stack: $$$[5, 2, 3]$$$;  patient $$$1$$$: first doctor $$$[0, 2)$$$, second doctor is not seeing him;  patient $$$2$$$: first doctor is not seeing him, second doctor $$$[1, 6)$$$;  patient $$$3$$$: first doctor is not seeing him, second doctor $$$[0, 1)$$$;  patient $$$5$$$: first doctor is not seeing him, second doctor $$$[6, 11)$$$. After request $$$6$$$, the next configuration is:   queue: $$$[1, 2]$$$;  stack: $$$[5, 2, 3]$$$;  patient $$$1$$$: first doctor $$$[0, 2)$$$, second doctor is not seeing him;  patient $$$2$$$: first doctor $$$[2, 7)$$$, second doctor $$$[1, 6)$$$;  patient $$$3$$$: first doctor is not seeing him, second doctor $$$[0, 1)$$$;  patient $$$5$$$: first doctor is not seeing him, second doctor $$$[6, 11)$$$. Patient $$$2$$$ must be at both doctors at the same time.After request $$$7$$$, the next configuration is:   queue: $$$[2]$$$;  stack: $$$[1, 5, 2, 3]$$$;  patient $$$1$$$: first doctor is not seeing him, second doctor $$$[11, 13)$$$;  patient $$$2$$$: first doctor $$$[0, 5)$$$, second doctor $$$[1, 6)$$$;  patient $$$3$$$: first doctor is not seeing him, second doctor $$$[0, 1)$$$;  patient $$$5$$$: first doctor is not seeing him, second doctor $$$[6, 11)$$$. Patient $$$2$$$ must be at both doctors at the same time."
2011H,Strange Matrix,"*special, graphs, greedy",time limit per test,memory limit per test,"H. Strange Matrixtime limit per test2 secondsmemory limit per test512 megabytesinputstandard inputoutputstandard outputYou are given a matrix $$$a$$$ of size $$$n \times m$$$, consisting of integers from $$$0$$$ to $$$31$$$ inclusive.Let's call the matrix strange if for every two distinct rows $$$i$$$ and $$$j$$$, both of the following conditions hold:   for every set of $$$k$$$ indices $$$(x_1, x_2, \dots, x_k)$$$, where $$$1 \le x_1 < x_2 < \cdots < x_k \le m$$$, the equality $$$a_{i, x_1} \mathbin{\&} a_{j, x_1} \mathbin{\&} a_{i, x_2} \mathbin{\&} a_{j, x_2} \mathbin{\&} \cdots \mathbin{\&} a_{i, x_k} \mathbin{\&} a_{j, x_k} = 0$$$ holds (where $$$\mathbin{\&}$$$ — bitwise AND of two numbers);  for every set of $$$k$$$ indices $$$(x_1, x_2, \dots, x_k)$$$, where $$$1 \le x_1 < x_2 < \cdots < x_k \le m$$$, the equality $$$a_{i, x_1} \mathbin{|} a_{j, x_1} \mathbin{|} a_{i, x_2} \mathbin{|} a_{j, x_2} \mathbin{|} \cdots \mathbin{|} a_{i, x_k} \mathbin{|} a_{j, x_k} = 31$$$ holds (where $$$\mathbin{|}$$$ — bitwise OR of two numbers). You can perform the following operation any number of times: take any row of the matrix and a number $$$y$$$ from $$$0$$$ to $$$31$$$ inclusive; then apply the bitwise XOR with the number $$$y$$$ to all elements of the selected row. The cost of such an operation is equal to $$$y$$$.Your task is to calculate the minimum cost to make the matrix strange, or report that it is impossible.InputThe first line contains one integer $$$t$$$ ($$$1 \le t \le 100$$$) — the number of test cases.The first line of each test case contains three integers $$$n$$$, $$$m$$$, and $$$k$$$ ($$$1 \le n, m \le 50$$$; $$$1 \le k \le m$$$).Next, there are $$$n$$$ lines, the $$$i$$$-th of which contains $$$m$$$ integers $$$a_{i, 1}, a_{i, 2}, \dots, a_{i, m}$$$ ($$$0 \le a_{i, j} \le 31$$$).OutputFor each test case, output one integer — the minimum cost to make the matrix strange, or -1 if it is impossible to make the matrix strange.ExampleInput
32 3 10 1 01 0 13 2 20 12 34 55 5 50 5 17 4 228 5 16 21 97 25 31 30 80 0 5 15 131 2 3 4 5Output
30
-1
24"
2011G,Removal of a Permutation,*special,time limit per test,memory limit per test,"G. Removal of a Permutationtime limit per test5 secondsmemory limit per test512 megabytesinputstandard inputoutputstandard outputYou are given a permutation $$$p$$$ of length $$$n$$$.You can perform operations of two types:   mark all positions $$$i$$$ such that $$$1 \le i < n$$$ and $$$p_i < p_{i + 1}$$$, and simultaneously remove the elements at these positions;  mark all positions $$$i$$$ such that $$$2 \le i \le n$$$ and $$$p_{i - 1} > p_i$$$, and simultaneously remove the elements at these positions. For each integer from $$$1$$$ to $$$(n-1)$$$, calculate the minimum number of operations required to remove that integer from the permutation.InputThe first line contains a single integer $$$t$$$ ($$$1 \le t \le 10^4$$$) — the number of test cases.The first line of each test case contains a single integer $$$n$$$ ($$$2 \le n \le 250\,000$$$).The second line of each test case contains $$$n$$$ integers $$$p_1, p_2, \dots, p_n$$$ ($$$1 \le p_i \le n$$$). The array $$$p$$$ is a permutation.Additional constraints on the input: the sum of $$$n$$$ over all test cases does not exceed $$$250\,000$$$.OutputFor each test case, print $$$(n-1)$$$ integers. The $$$i$$$-th of them should be equal to the minimum number of operations required to remove $$$i$$$ from the permutation.ExampleInput
544 2 1 321 265 4 1 3 2 675 6 1 3 7 2 453 1 2 5 4Output
1 1 2
1
1 1 2 1 3
1 1 1 2 1 2
1 1 2 1"
2011F,Good Subarray,"*special, data structures, greedy",time limit per test,memory limit per test,"F. Good Subarraytime limit per test3 secondsmemory limit per test512 megabytesinputstandard inputoutputstandard outputYou are given an integer array $$$a$$$ of size $$$n$$$.Let's call an array good if it can be obtained using the following algorithm: create an array consisting of any single integer; and then perform the following operation an arbitrary number of times: choose an element from the already existing array (let's call it $$$x$$$) and add $$$x$$$, $$$(x-1)$$$, or $$$(x+1)$$$ to the end of the array.For example, the arrays $$$[1, 2, 1]$$$, $$$[5]$$$ and $$$[3, 2, 1, 4]$$$ are good, while $$$[2, 4]$$$ and $$$[3, 1, 2]$$$ are not.Your task is to count the number of good contiguous subarrays of the array $$$a$$$. Two subarrays that have the same elements but are in different positions of the array $$$a$$$ are considered different.InputThe first line contains a single integer $$$t$$$ ($$$1 \le t \le 10^4$$$) — the number of test cases.The first line of each test case contains a single integer $$$n$$$ ($$$1 \le n \le 3 \cdot 10^5$$$).The second line of each test case contains $$$n$$$ integers $$$a_1, a_2, \dots, a_n$$$ ($$$ 1 \le a_i \le n)$$$.Additional constraint on the input: the sum of $$$n$$$ over all test cases does not exceed $$$3 \cdot 10^5$$$.OutputFor each test case, print a single integer — the number of good contiguous subarrays of the array $$$a$$$.ExampleInput
431 1 343 2 3 11184 5 6 5 3 2 3 1Output
4
9
1
23
NoteIn the first example, the following four subarrays are good:  from the $$$1$$$-st to the $$$1$$$-st element;  from the $$$1$$$-st to the $$$2$$$-nd element;  from the $$$2$$$-nd to the $$$2$$$-nd element;  from the $$$3$$$-rd to the $$$3$$$-rd element. In the second example, the only subarray which is not good is the subarray from the $$$3$$$-rd element to the $$$4$$$-th element."
2011E,Rock-Paper-Scissors Bot,"*special, greedy, strings",time limit per test,memory limit per test,"E. Rock-Paper-Scissors Bottime limit per test2 secondsmemory limit per test512 megabytesinputstandard inputoutputstandard outputRock-Paper-Scissors is a game for two players. It is played in rounds. During each round, every player chooses one of three moves: Rock, Paper, or Scissors. Depending on the chosen moves, the following happens:  if one player chooses Rock and the other player chooses Paper, the player who chooses Paper wins and gets a point;  if one player chooses Scissors and the other player chooses Paper, the player who chooses Scissors wins and gets a point;  if one player chooses Scissors and the other player chooses Rock, the player who chooses Rock wins and gets a point;  and if both players choose the same move, nobody wins and nobody gets a point. Monocarp decided to play against a bot. During the game, Monocarp noticed that the bot's behavior is very predictable:   in the first round, it chooses Rock;  in every round except the first, it chooses the move that beats the opponent's move in the previous round (for example, if in the previous round its opponent played Scissors, then the bot chooses Rock now). Monocarp has a favorite string $$$s$$$, consisting of the characters R, P, and/or S. Monocarp decided to play a series of rounds against the bot. However, he wants both of the following conditions to be met:   the final score is in favor of Monocarp (i. e., the number of rounds he won is strictly greater than the number of rounds the bot won);  the string $$$s$$$ appears as a contiguous substring in the sequence of the bot's moves (where R denotes Rock, P denotes Paper, and S denotes Scissors). Help Monocarp and calculate the minimum number of rounds he needs to play against the bot to satisfy both of the aforementioned conditions.InputThe first line contains a single integer $$$t$$$ ($$$1 \le t \le 10^4$$$) — the number of test cases.The only line of each test case contains a string $$$s$$$ ($$$1 \le |s| \le 2 \cdot 10^5$$$), consisting of the characters R, P, and/or S.Additional constraint on the input: the sum of the lengths of the strings $$$s$$$ over all test cases does not exceed $$$2 \cdot 10^5$$$.OutputFor each test case, print a single integer — the minimum number of rounds Monocarp needs to play against the bot to satisfy both of the aforementioned conditions.ExampleInput
7SSRRPSRPPPSPPRSPPPPPROutput
3
1
3
6
7
5
3
NoteIn the first example, Monocarp can play PPR, then the bot's moves are RSS, and the score is $$$2:1$$$ in favor of Monocarp.In the second example, Monocarp can play P, then the bot's moves are R, and the score is $$$1:0$$$ in favor of Monocarp.In the third example, Monocarp can play RPR, then the bot's moves are RPS, and the score is $$$1:0$$$ in favor of Monocarp.In the fourth example, Monocarp can play RRRSPR, then the bot's moves are RPPPRS, and the score is $$$3:2$$$ in favor of Monocarp.In the fifth example, Monocarp can play PRRSPRS, then the bot's moves are RSPPRSP, and the score is $$$6:1$$$ in favor of Monocarp.In the sixth example, Monocarp can play PRRRS, then the bot's moves are RSPPP, and the score is $$$3:2$$$ in favor of Monocarp.In the seventh example, Monocarp can play RSR, then the bot's moves are RPR, and the score is $$$1:0$$$ in favor of Monocarp."
2011D,Among Wolves,*special,time limit per test,memory limit per test,"D. Among Wolvestime limit per test2 secondsmemory limit per test512 megabytesinputstandard inputoutputstandard outputIn a game you started playing recently, there is a field that can be represented as a rectangular grid. The field has $$$2$$$ rows and $$$n$$$ columns — $$$2n$$$ cells in total.Some cells are empty, but some are occupied by wolves. In the beginning of the game, you have one sheep in some cell, and you'd like to save it from wolves.Wolves will attack you at night, so you still have some time for preparation. You have two ways to deal with wolves:   You pay $$$h$$$ coins to hunters and choose a cell occupied by a wolf. Hunters will clear the cell, eradicating the wolf in it.  You pay $$$b$$$ coins to builders and choose an empty cell. Builders will dig a trench in the chosen cell that wolves can't cross.  You can use both methods mentioned above any number of times and in any order.Let's say that a wolf can reach the sheep if there is a path that starts at the wolf's cell and finishes at the sheep's cell. This path shouldn't contain any cells with trenches, and each two consecutive cells in the path should be neighbors (share a side).What is the minimum total amount of money you should pay to ensure that none of the wolves can reach the sheep?InputThe first line contains a single integer $$$t$$$ ($$$1 \le t \le 1200$$$) — the number of test cases. Next, $$$t$$$ independent cases follow.The first line of each test case contains three integers $$$n$$$, $$$h$$$, and $$$b$$$ ($$$2 \le n \le 2 \cdot 10^5$$$; $$$1 \le h, b \le 10^9$$$) — the size of the grid and corresponding costs.The next two lines contain a description of the grid. The $$$j$$$-th character in the $$$i$$$-th line is either '.', 'S' or 'W':   '.' means that the cell is empty;  'S' means that the cell is occupied by the sheep; there is exactly one such cell on the grid;  'W' means that the cell is occupied by a wolf. Additional constraints:   there are no wolves in cells neighboring the sheep cell;  the sum of $$$n$$$ over all test cases doesn't exceed $$$2 \cdot 10^5$$$. OutputFor each test case, print a single integer — the minimum total amount of money you should pay to save your sheep.ExamplesInput
42 3 7S...2 3 7S..W2 7 3S..W4 999999999 1000000000W.S.W..WOutput
0
3
6
2999999997
Input
26 6 7W....WW.S..W6 6 7W...WW..S..WOutput
21
20
NoteOne of the optimal strategies in the first test case of the second test can be shown like this:  W....W$$$\Rightarrow$$$W.#..WW.S..WW#S#.W  Analogically, one of the answers for the second case is the following:  W...WW$$$\Rightarrow$$$W..#WW..S..W..S#.W  Here, '#' means a trench and 'W' means an eradicated wolf."
2011C,Split the Expression,*special,time limit per test,memory limit per test,"C. Split the Expressiontime limit per test2 secondsmemory limit per test512 megabytesinputstandard inputoutputstandard outputYou are given a string $$$s$$$ of the form <block of digits>+<block of digits>+...+<block of digits>. Every block of digits consists of at least $$$2$$$ and at most $$$13$$$ digits; every digit is from $$$1$$$ to $$$9$$$.You have to split this string into expressions of the form <integer>+<integer>. Every expression must be a contiguous part of the given string, and every character of the given string must belong to exactly one expression. For example, if you have a string 123+456+789+555, then:  you are allowed to split it into 123+4, 56+7 and 89+555;  you are not allowed to split it into 123+456 and +789+555, since the second part begins with a + sign;  you are not allowed to split it into 123+4, 56+7, 8 and 9+555, since the third part does not contain a + sign;  you are not allowed to split it into 123+456+78 and 9+555, since the first part contains two + signs. Among all allowed ways to split the string, find one which maximizes the sum of results of all expressions you get, and print this sum.InputThe first line contains one integer $$$t$$$ ($$$1 \le t \le 100$$$) — the number of test cases.Each test case consists of one line containing the string $$$s$$$ ($$$5 \le |s| \le 1000$$$) of the form <block of digits>+<block of digits>+...+<block of digits>. The string contains at least one '+' sign. Every block of digits consists of at least $$$2$$$ and at most $$$13$$$ digits; every digit is from $$$1$$$ to $$$9$$$.OutputFor each test case, print one integer — the maximum possible sum of results of all expressions you get after splitting the string.ExampleInput
3123+456+789+55513+379999999999999+1111111111111+9999999999999Output
834
50
20111111111110
NoteIn the first test case of the example, you should split the string into expressions 123+4, 56+7 and 89+555. The sum of results of these expressions is $$$834$$$.In the second test case of the example, the given string is already a valid expression and cannot be split any further."
2011B,Shuffle,*special,time limit per test,memory limit per test,"B. Shuffletime limit per test2 secondsmemory limit per test512 megabytesinputstandard inputoutputstandard outputYes, this is another one of those constructive permutation problems.You are given an integer $$$n$$$. You have to construct a permutation $$$p$$$ of size $$$n$$$, i. e. an array of $$$n$$$ integers, where every integer from $$$1$$$ to $$$n$$$ appears exactly once.Every pair of adjacent elements in the permutation ($$$p_i$$$ and $$$p_{i+1}$$$) must meet the following condition:  if one of them is divisible by the other, the condition $$$p_i < p_{i+1}$$$ must hold;  otherwise, the condition $$$p_i > p_{i+1}$$$ must hold. InputThe first line contains one integer $$$t$$$ ($$$1 \le t \le 99$$$) — the number of test cases.Each test case consists of one line, containing one integer $$$n$$$ ($$$2 \le n \le 100$$$).OutputFor each test case, print the answer as follows:  if no permutation of size $$$n$$$ meeting the conditions from the statement exists, print $$$-1$$$;  otherwise, print $$$n$$$ distinct integers from $$$1$$$ to $$$n$$$ — the required permutation. If there are mutliple answers, print any of them. ExampleInput
2510Output
1 5 2 4 3
1 2 10 9 7 4 8 3 6 5"
2011A,Problem Solving,*special,time limit per test,memory limit per test,"A. Problem Solvingtime limit per test2 secondsmemory limit per test512 megabytesinputstandard inputoutputstandard outputJane has decided to solve a list of $$$n$$$ problems on Codeforces. The $$$i$$$-th problem in her list has difficulty $$$d_i$$$, and the last problem in the list is the hardest one (for every problem $$$j < n$$$, $$$d_j < d_n$$$).Jane's problem-solving skill is some integer $$$x$$$ (unknown to you). If a problem's difficulty is greater than $$$x$$$, then Jane cannot solve it, otherwise she can solve it.Jane has solved all problems form the list, except for the last one — she found out that it was too difficult for her. Can you uniquely determine the value of $$$x$$$ — Jane's problem solving skill?InputThe first line contains one integer $$$t$$$ ($$$1 \le t \le 1000$$$) — the number of test cases.Each test case consists of two lines:  the first line contains one integer $$$n$$$ ($$$2 \le n \le 50$$$) — the number of problems;  the second line contains $$$n$$$ integers $$$d_1, d_2, \dots, d_n$$$ ($$$1 \le d_i \le 50$$$). Additional constraint on the input: in every test case, the last problem is more difficult than every other problem (i. e. $$$d_n > d_j$$$ for every $$$j < n$$$). This means that at least one possible value of $$$x$$$ exists.OutputFor each test case, print one line:  if you can determine the value of $$$x$$$ uniquely, print $$$x$$$;  otherwise, print Ambiguous. The checking program is case-sensitive, so if you print ambiguous or AMBIGUOUS, your answer will be considered wrong. ExampleInput
351 2 3 4 588 8 5 3 4 6 8 1243 3 3 4Output
4
Ambiguous
3
NoteIn the second test case of the example, the value of $$$x$$$ could be $$$11$$$, but it also could be $$$10$$$ (other possible values for $$$x$$$ also exist)."
2010C2,Message Transmission Error (hard version),"hashing, string suffix structures, strings, two pointers",time limit per test,memory limit per test,"C2. Message Transmission Error (hard version)time limit per test2 secondsmemory limit per test256 megabytesinputstandard inputoutputstandard outputThis is a more difficult version of the problem. It differs from the easy one only by the constraints.At the Berland State University, the local network between servers does not always operate without errors. When transmitting two identical messages consecutively, an error may occur, resulting in the two messages merging into one. In this merging, the end of the first message coincides with the beginning of the second. Of course, the merging can only occur at identical characters. The length of the merging must be a positive number less than the length of the message text.For example, when transmitting two messages ""abrakadabra"" consecutively, it is possible that it will be transmitted with the described type of error, resulting in a message like ""abrakadabrabrakadabra"" or ""abrakadabrakadabra' (in the first case, the merging occurred at one character, and in the second case, at four).Given the received message t, determine if it is possible that this is the result of an error of the described type in the operation of the local network, and if so, determine a possible value of s.A situation where two messages completely overlap each other should not be considered an error. For example, if the received message is ""abcd"", it should be considered that there is no error in it. Similarly, simply appending one message after another is not a sign of an error. For instance, if the received message is ""abcabc"", it should also be considered that there is no error in it.InputThe input consists of a single non-empty string t, consisting of lowercase letters of the Latin alphabet. The length of the string t does not exceed 4·105 characters.OutputIf the message t cannot contain an error, output ""NO"" (without quotes) in a single line of output.Otherwise, in the first line, output ""YES"" (without quotes), and in the next line, output the string s — a possible message that could have led to the error. If there are multiple possible answers, any of them is acceptable.ExamplesInputabrakadabrabrakadabraOutputYESabrakadabraInputacacacacaOutputYESacacacaInputabcabcOutputNOInputababababOutputYESabababInputtatbtOutputNONoteIn the second example, a suitable answer could also be the string ""acacaca""."
2010C1,Message Transmission Error (easy version),"brute force, strings",time limit per test,memory limit per test,"C1. Message Transmission Error (easy version)time limit per test2 secondsmemory limit per test256 megabytesinputstandard inputoutputstandard outputThis is a simplified version of the problem. It differs from the difficult one only in its constraints.At the Berland State University, the local network between servers does not always operate without errors. When transmitting two identical messages consecutively, an error may occur, resulting in the two messages merging into one. In this merging, the end of the first message coincides with the beginning of the second. Of course, the merging can only occur at identical characters. The length of the merging must be a positive number less than the length of the message text.For example, when transmitting two messages ""abrakadabra"" consecutively, it is possible that it will be transmitted with the described type of error, resulting in a message like ""abrakadabrabrakadabra"" or ""abrakadabrakadabra' (in the first case, the merging occurred at one character, and in the second case, at four).Given the received message t, determine if it is possible that this is the result of an error of the described type in the operation of the local network, and if so, determine a possible value of s.A situation where two messages completely overlap each other should not be considered an error. For example, if the received message is ""abcd"", it should be considered that there is no error in it. Similarly, simply appending one message after another is not a sign of an error. For instance, if the received message is ""abcabc"", it should also be considered that there is no error in it.InputThe input consists of a single non-empty string t, consisting of lowercase letters of the Latin alphabet. The length of the string t does not exceed 100 characters.OutputIf the message t cannot contain an error, output ""NO"" (without quotes) in a single line of output.Otherwise, in the first line, output ""YES"" (without quotes), and in the next line, output the string s — a possible message that could have led to the error. If there are multiple possible answers, any of them is acceptable.ExamplesInputabrakadabrabrakadabraOutputYESabrakadabraInputacacacacaOutputYESacacaInputabcabcOutputNOInputababababOutputYESabababInputtatbtOutputNONoteIn the second example, a suitable answer could also be the string ""acacaca""."
2010B,Three Brothers,"brute force, implementation, math",time limit per test,memory limit per test,"B. Three Brotherstime limit per test1 secondmemory limit per test256 megabytesinputstandard inputoutputstandard outputThree brothers agreed to meet. Let's number the brothers as follows: the oldest brother is number 1, the middle brother is number 2, and the youngest brother is number 3.When it was time for the meeting, one of the brothers was late. Given the numbers of the two brothers who arrived on time, you need to determine the number of the brother who was late.InputThe first line of input contains two different integers a and b (1 ≤ a, b ≤ 3, a ≠ b) — the numbers of the brothers who arrived on time. The numbers are given in arbitrary order.OutputOutput a single integer — the number of the brother who was late to the meeting.ExampleInput3 1Output2"
2010A,Alternating Sum of Numbers,"brute force, implementation, math",time limit per test,memory limit per test,"A. Alternating Sum of Numberstime limit per test2 secondsmemory limit per test256 megabytesinputstandard inputoutputstandard outputYou are given a sequence of integers. Output the alternating sum of this sequence. In other words, output $$$a_1 - a_2 + a_3 - a_4 + a_5 - \dots$$$. That is, the signs of plus and minus alternate, starting with a plus.InputThe first line of the test contains one integer $$$t$$$ ($$$1 \le t \le 1000$$$) — the number of test cases. Then follow $$$t$$$ test cases.The first line of each test case contains one integer $$$n$$$ ($$$1 \le n \le 50$$$) — the length of the sequence. The second line of the test case contains $$$n$$$ integers $$$a_1, a_2, \dots, a_n$$$ ($$$1 \le a_i \le 100$$$).OutputOutput $$$t$$$ lines. For each test case, output the required alternating sum of the numbers.ExampleInput
441 2 3 1711002100 10053 1 4 1 5Output
-15
100
0
10"
2009G3,Yunli's Subarray Queries (extreme version),"data structures, dp, implementation",time limit per test,memory limit per test,"G3. Yunli's Subarray Queries (extreme version)time limit per test3 secondsmemory limit per test512 megabytesinputstandard inputoutputstandard outputThis is the extreme version of the problem. In this version, the output of each query is different from the easy and hard versions. It is also guaranteed that $$$r \geq l+k-1$$$ for all queries.For an arbitrary array $$$b$$$, Yunli can perform the following operation any number of times:  Select an index $$$i$$$. Set $$$b_i = x$$$ where $$$x$$$ is any integer she desires ($$$x$$$ is not limited to the interval $$$[1,n]$$$). Denote $$$f(b)$$$ as the minimum number of operations she needs to perform until there exists a consecutive subarray$$$^{\text{∗}}$$$ of length at least $$$k$$$ in $$$b$$$.Yunli is given an array $$$a$$$ of size $$$n$$$ and asks you $$$q$$$ queries. In each query, you must output $$$\sum_{i=l}^{r-k+1} \sum_{j=i+k-1}^{r} f([a_i, a_{i+1}, \ldots, a_j])$$$.$$$^{\text{∗}}$$$If there exists a consecutive subarray of length $$$k$$$ that starts at index $$$i$$$ ($$$1 \leq i \leq |b|-k+1$$$), then $$$b_j = b_{j-1} + 1$$$ for all $$$i < j \leq i+k-1$$$.InputThe first line contains $$$t$$$ ($$$1 \leq t \leq 10^4$$$) — the number of test cases.The first line of each test case contains three integers $$$n$$$, $$$k$$$, and $$$q$$$ ($$$1 \leq k \leq n \leq 2 \cdot 10^5$$$, $$$1 \leq q \leq 2 \cdot 10^5$$$) — the length of the array, the length of the consecutive subarray, and the number of queries.The following line contains $$$n$$$ integers $$$a_1, a_2, ..., a_n$$$ ($$$1 \leq a_i \leq n$$$).The following $$$q$$$ lines contain two integers $$$l$$$ and $$$r$$$ ($$$1 \leq l \leq r \leq n$$$, $$$r \geq l+k-1$$$) — the bounds of the query.It is guaranteed that the sum of $$$n$$$ over all test cases does not exceed $$$2 \cdot 10^5$$$ and the sum of $$$q$$$ over all test cases does not exceed $$$2 \cdot 10^5$$$.OutputOutput $$$\sum_{i=l}^{r-k+1} \sum_{j=i+k-1}^{r} f([a_i, a_{i+1}, \ldots, a_j])$$$ for each query on a new line.ExampleInput
57 2 41 2 3 2 1 2 34 61 72 73 78 4 24 3 1 1 2 4 3 23 61 55 4 24 5 1 2 31 41 510 4 82 3 6 5 8 9 8 10 10 12 76 101 91 63 94 102 101 810 7 43 4 5 3 4 5 9 10 8 91 92 101 102 9Output
1
3
3
3
2
7
2
4
8
6
28
7
16
20
32
19
18
15
26
9
NoteIn the first query of the first testcase, we can calculate the answer for the query through the following:   $$$i = 4$$$ and $$$j = 5$$$: $$$f([2, 1])=1$$$ because Yunli can set $$$b_2=3$$$, making a consecutive subarray of size $$$2$$$ in $$$1$$$ move.  $$$i = 4$$$ and $$$j = 6$$$: $$$f([2, 1, 2])=0$$$ because there is already a consecutive array of size $$$2$$$.  $$$i = 5$$$ and $$$j = 6$$$: $$$f([1, 2])=0$$$ because there is already a consecutive array of size $$$2$$$. The answer to this query is $$$1+0+0=1$$$."
2009G2,Yunli's Subarray Queries (hard version),"binary search, data structures, dp",time limit per test,memory limit per test,"G2. Yunli's Subarray Queries (hard version)time limit per test3 secondsmemory limit per test512 megabytesinputstandard inputoutputstandard outputThis is the hard version of the problem. In this version, it is guaranteed that $$$r \geq l+k-1$$$ for all queries.For an arbitrary array $$$b$$$, Yunli can perform the following operation any number of times:  Select an index $$$i$$$. Set $$$b_i = x$$$ where $$$x$$$ is any integer she desires ($$$x$$$ is not limited to the interval $$$[1,n]$$$). Denote $$$f(b)$$$ as the minimum number of operations she needs to perform until there exists a consecutive subarray$$$^{\text{∗}}$$$ of length at least $$$k$$$ in $$$b$$$.Yunli is given an array $$$a$$$ of size $$$n$$$ and asks you $$$q$$$ queries. In each query, you must output $$$\sum_{j=l+k-1}^{r} f([a_l, a_{l+1}, \ldots, a_j])$$$.$$$^{\text{∗}}$$$If there exists a consecutive subarray of length $$$k$$$ that starts at index $$$i$$$ ($$$1 \leq i \leq |b|-k+1$$$), then $$$b_j = b_{j-1} + 1$$$ for all $$$i < j \leq i+k-1$$$.InputThe first line contains $$$t$$$ ($$$1 \leq t \leq 10^4$$$) — the number of test cases.The first line of each test case contains three integers $$$n$$$, $$$k$$$, and $$$q$$$ ($$$1 \leq k \leq n \leq 2 \cdot 10^5$$$, $$$1 \leq q \leq 2 \cdot 10^5$$$) — the length of the array, the length of the consecutive subarray, and the number of queries.The following line contains $$$n$$$ integers $$$a_1, a_2, ..., a_n$$$ ($$$1 \leq a_i \leq n$$$).The following $$$q$$$ lines contain two integers $$$l$$$ and $$$r$$$ ($$$1 \leq l \leq r \leq n$$$, $$$r \geq l+k-1$$$) — the bounds of the query.It is guaranteed the sum of $$$n$$$ over all test cases does not exceed $$$2 \cdot 10^5$$$ and the sum of $$$q$$$ over all test cases does not exceed $$$2 \cdot 10^5$$$.OutputOutput $$$\sum_{j=l+k-1}^{r} f([a_l, a_{l+1}, \ldots, a_j])$$$ for each query on a new line.ExampleInput
37 5 31 2 3 2 1 2 31 72 73 78 4 24 3 1 1 2 4 3 23 61 55 4 24 5 1 2 31 41 5Output
6
5
2
2
5
2
3
NoteIn the second query of the first testcase, we calculate the following function values:   $$$f([2,3,2,1,2])=3$$$ because Yunli can set $$$b_3=4$$$, $$$b_4=5$$$, and $$$b_5=6$$$, making a consecutive subarray of size $$$5$$$ in $$$3$$$ moves.  $$$f([2,3,2,1,2,3])=2$$$ because we can set $$$b_3=0$$$ and $$$b_2=-1$$$, making a consecutive subarray of size $$$5$$$ in $$$2$$$ moves (starting at position $$$2$$$) The answer to this query is $$$3+2=5$$$."
2009G1,Yunli's Subarray Queries (easy version),"binary search, data structures, two pointers",time limit per test,memory limit per test,"G1. Yunli's Subarray Queries (easy version)time limit per test3 secondsmemory limit per test512 megabytesinputstandard inputoutputstandard outputThis is the easy version of the problem. In this version, it is guaranteed that $$$r=l+k-1$$$ for all queries.For an arbitrary array $$$b$$$, Yunli can perform the following operation any number of times:  Select an index $$$i$$$. Set $$$b_i = x$$$ where $$$x$$$ is any integer she desires ($$$x$$$ is not limited to the interval $$$[1,n]$$$). Denote $$$f(b)$$$ as the minimum number of operations she needs to perform until there exists a consecutive subarray$$$^{\text{∗}}$$$ of length at least $$$k$$$ in $$$b$$$.Yunli is given an array $$$a$$$ of size $$$n$$$ and asks you $$$q$$$ queries. In each query, you must output $$$\sum_{j=l+k-1}^{r} f([a_l, a_{l+1}, \ldots, a_j])$$$. Note that in this version, you are only required to output $$$f([a_l, a_{l+1}, \ldots, a_{l+k-1}])$$$.$$$^{\text{∗}}$$$If there exists a consecutive subarray of length $$$k$$$ that starts at index $$$i$$$ ($$$1 \leq i \leq |b|-k+1$$$), then $$$b_j = b_{j-1} + 1$$$ for all $$$i < j \leq i+k-1$$$.InputThe first line contains $$$t$$$ ($$$1 \leq t \leq 10^4$$$) — the number of test cases.The first line of each test case contains three integers $$$n$$$, $$$k$$$, and $$$q$$$ ($$$1 \leq k \leq n \leq 2 \cdot 10^5$$$, $$$1 \leq q \leq 2 \cdot 10^5$$$) — the length of the array, the length of the consecutive subarray, and the number of queries.The following line contains $$$n$$$ integers $$$a_1, a_2, \dots, a_n$$$ ($$$1 \leq a_i \leq n$$$).The following $$$q$$$ lines contain two integers $$$l$$$ and $$$r$$$ ($$$1 \leq l \leq r \leq n$$$, $$$r=l+k-1$$$) — the bounds of the query.It is guaranteed that the sum of $$$n$$$ over all test cases does not exceed $$$2 \cdot 10^5$$$ and the sum of $$$q$$$ over all test cases does not exceed $$$2 \cdot 10^5$$$.OutputOutput $$$\sum_{j=l+k-1}^{r} f([a_l, a_{l+1}, \ldots, a_j])$$$ for each query on a new line.ExampleInput
37 5 31 2 3 2 1 2 31 52 63 78 4 24 3 1 1 2 4 3 23 62 55 4 24 5 1 2 31 42 5Output
2
3
2
2
2
2
1
NoteIn the first query of the first testcase, $$$b=[1,2,3,2,1]$$$. Yunli can make a consecutive subarray of length $$$5$$$ in $$$2$$$ moves:   Set $$$b_4=4$$$  Set $$$b_5=5$$$  After operations $$$b=[1, 2, 3, 4, 5]$$$.In the second query of the first testcase, $$$b=[2,3,2,1,2]$$$. Yunli can make a consecutive subarray of length $$$5$$$ in $$$3$$$ moves:   Set $$$b_3=0$$$  Set $$$b_2=-1$$$  Set $$$b_1=-2$$$  After operations $$$b=[-2, -1, 0, 1, 2]$$$."
2009F,Firefly's Queries,"bitmasks, data structures, flows, math",time limit per test,memory limit per test,"F. Firefly's Queriestime limit per test2 secondsmemory limit per test256 megabytesinputstandard inputoutputstandard outputFirefly is given an array $$$a$$$ of length $$$n$$$. Let $$$c_i$$$ denote the $$$i$$$'th cyclic shift$$$^{\text{∗}}$$$ of $$$a$$$. She creates a new array $$$b$$$ such that $$$b = c_1 + c_2 + \dots + c_n$$$ where $$$+$$$ represents concatenation$$$^{\text{†}}$$$. Then, she asks you $$$q$$$ queries. For each query, output the sum of all elements in the subarray of $$$b$$$ that starts from the $$$l$$$-th element and ends at the $$$r$$$-th element, inclusive of both ends.$$$^{\text{∗}}$$$The $$$x$$$-th ($$$1 \leq x \leq n$$$) cyclic shift of the array $$$a$$$ is $$$a_x, a_{x+1} \ldots a_n, a_1, a_2 \ldots a_{x - 1}$$$. Note that the $$$1$$$-st shift is the initial $$$a$$$.$$$^{\text{†}}$$$The concatenation of two arrays $$$p$$$ and $$$q$$$ of length $$$n$$$ (in other words, $$$p + q$$$) is $$$p_1, p_2, ..., p_n, q_1, q_2, ..., q_n$$$.InputThe first line contains $$$t$$$ ($$$1 \leq t \leq 10^4$$$) — the number of test cases.The first line of each test case contains two integers $$$n$$$ and $$$q$$$ ($$$1 \leq n, q \leq 2 \cdot 10^5$$$) — the length of the array and the number of queries.The following line contains $$$n$$$ integers $$$a_1, a_2, ..., a_n$$$ ($$$1 \leq a_i \leq 10^6$$$).The following $$$q$$$ lines contain two integers $$$l$$$ and $$$r$$$ ($$$1 \leq l \leq r \leq n^2$$$) — the left and right bounds of the query.Note that the large inputs may require the use of 64-bit integers.It is guaranteed that the sum of $$$n$$$ does not exceed $$$2 \cdot 10^5$$$ and the sum of $$$q$$$ does not exceed $$$2 \cdot 10^5$$$.OutputFor each query, output the answer on a new line.ExampleInput
53 31 2 31 93 58 85 54 8 3 2 41 143 77 102 111 251 161 15 73 1 6 10 43 216 172 21 51 149 1512 135 34 9 10 10 120 253 1120 22Output
18
8
1
55
20
13
41
105
6
96
62
1
24
71
31
14
44
65
15
NoteFor the first test case, $$$b = [1, 2, 3, 2, 3, 1, 3, 1, 2]$$$."
2009E,Klee's SUPER DUPER LARGE Array!!!,"binary search, math, ternary search",time limit per test,memory limit per test,"E. Klee's SUPER DUPER LARGE Array!!!time limit per test2 secondsmemory limit per test256 megabytesinputstandard inputoutputstandard outputKlee has an array $$$a$$$ of length $$$n$$$ containing integers $$$[k, k+1, ..., k+n-1]$$$ in that order. Klee wants to choose an index $$$i$$$ ($$$1 \leq i \leq n$$$) such that $$$x = |a_1 + a_2 + \dots + a_i - a_{i+1} - \dots - a_n|$$$ is minimized. Note that for an arbitrary integer $$$z$$$, $$$|z|$$$ represents the absolute value of $$$z$$$. Output the minimum possible value of $$$x$$$.InputThe first line contains $$$t$$$ ($$$1 \leq t \leq 10^4$$$) — the number of test cases.Each test case contains two integers $$$n$$$ and $$$k$$$ ($$$2 \leq n, k \leq 10^9$$$) — the length of the array and the starting element of the array.OutputFor each test case, output the minimum value of $$$x$$$ on a new line.ExampleInput
42 27 25 31000000000 1000000000Output
1
5
1
347369930
NoteIn the first sample, $$$a = [2, 3]$$$. When $$$i = 1$$$ is chosen, $$$x = |2-3| = 1$$$. It can be shown this is the minimum possible value of $$$x$$$.In the third sample, $$$a = [3, 4, 5, 6, 7]$$$. When $$$i = 3$$$ is chosen, $$$x = |3 + 4 + 5 - 6 - 7| = 1$$$. It can be shown this is the minimum possible value of $$$x$$$."
2009D,Satyam and Counting,"geometry, math",time limit per test,memory limit per test,"D. Satyam and Countingtime limit per test2 secondsmemory limit per test256 megabytesinputstandard inputoutputstandard outputSatyam is given $$$n$$$ distinct points on the 2D coordinate plane. It is guaranteed that $$$0 \leq y_i \leq 1$$$ for all given points $$$(x_i, y_i)$$$. How many different nondegenerate right triangles$$$^{\text{∗}}$$$ can be formed from choosing three different points as its vertices?Two triangles $$$a$$$ and $$$b$$$ are different if there is a point $$$v$$$ such that $$$v$$$ is a vertex of $$$a$$$ but not a vertex of $$$b$$$.$$$^{\text{∗}}$$$A nondegenerate right triangle has positive area and an interior $$$90^{\circ}$$$ angle.InputThe first line contains an integer $$$t$$$ ($$$1 \leq t \leq 10^4$$$) — the number of test cases.The first line of each test case contains an integer $$$n$$$ ($$$3 \leq n \leq 2 \cdot 10^5$$$) — the number of points.The following $$$n$$$ lines contain two integers $$$x_i$$$ and $$$y_i$$$ ($$$0 \leq x_i \leq n$$$, $$$0 \leq y_i \leq 1$$$) — the $$$i$$$'th point that Satyam can choose from. It is guaranteed that all $$$(x_i, y_i)$$$ are pairwise distinct.It is guaranteed that the sum of $$$n$$$ over all test cases does not exceed $$$2 \cdot 10^5$$$.OutputOutput an integer for each test case, the number of distinct nondegenerate right triangles that can be formed from choosing three points.ExampleInput
351 01 13 05 02 130 01 03 091 02 03 04 05 02 17 18 19 1Output
4
0
8
NoteThe four triangles in question for the first test case:"
2009C,The Legend of Freya the Frog,"implementation, math",time limit per test,memory limit per test,"C. The Legend of Freya the Frogtime limit per test2 secondsmemory limit per test256 megabytesinputstandard inputoutputstandard outputFreya the Frog is traveling on the 2D coordinate plane. She is currently at point $$$(0,0)$$$ and wants to go to point $$$(x,y)$$$. In one move, she chooses an integer $$$d$$$ such that $$$0 \leq d \leq k$$$ and jumps $$$d$$$ spots forward in the direction she is facing. Initially, she is facing the positive $$$x$$$ direction. After every move, she will alternate between facing the positive $$$x$$$ direction and the positive $$$y$$$ direction (i.e., she will face the positive $$$y$$$ direction on her second move, the positive $$$x$$$ direction on her third move, and so on). What is the minimum amount of moves she must perform to land on point $$$(x,y)$$$?InputThe first line contains an integer $$$t$$$ ($$$1 \leq t \leq 10^4$$$) — the number of test cases.Each test case contains three integers $$$x$$$, $$$y$$$, and $$$k$$$ ($$$0 \leq x, y \leq 10^9, 1 \leq k \leq 10^9$$$).OutputFor each test case, output the number of jumps Freya needs to make on a new line.ExampleInput
39 11 30 10 81000000 100000 10Output
8
4
199999
NoteIn the first sample, one optimal set of moves is if Freya jumps in the following way: ($$$0,0$$$) $$$\rightarrow$$$ ($$$2,0$$$) $$$\rightarrow$$$ ($$$2,2$$$) $$$\rightarrow$$$ ($$$3,2$$$) $$$\rightarrow$$$ ($$$3,5$$$) $$$\rightarrow$$$ ($$$6,5$$$) $$$\rightarrow$$$ ($$$6,8$$$) $$$\rightarrow$$$ ($$$9,8$$$) $$$\rightarrow$$$ ($$$9,11$$$). This takes 8 jumps."
2009B,osu!mania,"brute force, implementation",time limit per test,memory limit per test,"B. osu!maniatime limit per test1 secondmemory limit per test256 megabytesinputstandard inputoutputstandard outputYou are playing your favorite rhythm game, osu!mania. The layout of your beatmap consists of $$$n$$$ rows and $$$4$$$ columns. Because notes at the bottom are closer, you will process the bottommost row first and the topmost row last. Each row will contain exactly one note, represented as a '#'.For each note $$$1, 2, \dots, n$$$, in the order of processing, output the column in which the note appears.InputThe first line contains $$$t$$$ ($$$1 \leq t \leq 100$$$) — the number of test cases.For each test case, the first line contains $$$n$$$ ($$$1 \leq n \leq 500$$$) — the number of rows of the beatmap.The following $$$n$$$ lines contain $$$4$$$ characters. The $$$i$$$-th line represents the $$$i$$$-th row of the beatmap from the top. It is guaranteed that the characters are either '.' or '#', and exactly one of the characters is '#'. It is guaranteed that the sum of $$$n$$$ over all test cases does not exceed $$$500$$$.OutputFor each test case, output $$$n$$$ integers on a new line, the column that the $$$i$$$-th note appears in for all $$$i$$$ from $$$1$$$ to $$$n$$$.ExampleInput
34#....#....#....#2.#...#..1...#Output
4 3 2 1 
2 2 
4"
2009A,Minimize!,"brute force, math",time limit per test,memory limit per test,"A. Minimize!time limit per test1 secondmemory limit per test256 megabytesinputstandard inputoutputstandard outputYou are given two integers $$$a$$$ and $$$b$$$ ($$$a \leq b$$$). Over all possible integer values of $$$c$$$ ($$$a \leq c \leq b$$$), find the minimum value of $$$(c - a) + (b - c)$$$.InputThe first line contains $$$t$$$ ($$$1 \leq t \leq 55$$$) — the number of test cases. Each test case contains two integers $$$a$$$ and $$$b$$$ ($$$1 \leq a \leq b \leq 10$$$).OutputFor each test case, output the minimum possible value of $$$(c - a) + (b - c)$$$ on a new line.ExampleInput
31 23 105 5Output
1
7
0
NoteIn the first test case, you can choose $$$c = 1$$$ and obtain an answer of $$$(1 - 1) + (2 - 1) = 1$$$. It can be shown this is the minimum value possible.In the second test case, you can choose $$$c = 6$$$ and obtain an answer of $$$(6 - 3) + (10 - 6) = 7$$$. It can be shown this is the minimum value possible."
2008H,Sakurako's Test,"binary search, brute force, greedy, math, number theory",time limit per test,memory limit per test,"H. Sakurako's Testtime limit per test1 secondmemory limit per test256 megabytesinputstandard inputoutputstandard outputSakurako will soon take a test. The test can be described as an array of integers $$$n$$$ and a task on it:Given an integer $$$x$$$, Sakurako can perform the following operation any number of times:  Choose an integer $$$i$$$ ($$$1\le i\le n$$$) such that $$$a_i\ge x$$$;  Change the value of $$$a_i$$$ to $$$a_i-x$$$. Using this operation any number of times, she must find the minimum possible median$$$^{\text{∗}}$$$ of the array $$$a$$$.Sakurako knows the array but does not know the integer $$$x$$$. Someone let it slip that one of the $$$q$$$ values of $$$x$$$ will be in the next test, so Sakurako is asking you what the answer is for each such $$$x$$$.$$$^{\text{∗}}$$$The median of an array of length $$$n$$$ is the element that stands in the middle of the sorted array (at the $$$\frac{n+2}{2}$$$-th position for even $$$n$$$, and at the $$$\frac{n+1}{2}$$$-th for odd)InputThe first line contains one integer $$$t$$$ ($$$1\le t\le 10^4$$$)  — the number of test cases.The first line of each test case contains two integers $$$n$$$ and $$$q$$$ ($$$1\le n,q\le 10^5$$$)  — the number of elements in the array and the number of queries.The second line of each test case contains $$$n$$$ integers $$$a_1, a_2, \dots, a_n$$$ ($$$1\le a_i\le n$$$)  — the elements of the array.The following $$$q$$$ lines each contain one integer $$$x$$$ ($$$1\le x\le n$$$).It is guaranteed that the sum of $$$n$$$ across all test cases does not exceed $$$10^5$$$. The same guarantee applies to the sum of $$$q$$$ across all test cases.OutputFor each test case, output $$$q$$$ integers  — the answer for each query.ExampleInput
25 51 2 3 4 5123456 31 2 6 4 1 3215Output
0 1 1 1 2 
1 0 2"
2008G,Sakurako's Task,"binary search, greedy, math, number theory",time limit per test,memory limit per test,"G. Sakurako's Tasktime limit per test2 secondsmemory limit per test256 megabytesinputstandard inputoutputstandard outputSakurako has prepared a task for you:She gives you an array of $$$n$$$ integers and allows you to choose $$$i$$$ and $$$j$$$ such that $$$i \neq j$$$ and $$$a_i \ge a_j$$$, and then assign $$$a_i = a_i - a_j$$$ or $$$a_i = a_i + a_j$$$. You can perform this operation any number of times for any $$$i$$$ and $$$j$$$, as long as they satisfy the conditions.Sakurako asks you what is the maximum possible value of $$$mex_k$$$$$$^{\text{∗}}$$$ of the array after any number of operations.$$$^{\text{∗}}$$$$$$mex_k$$$ is the $$$k$$$-th non-negative integer that is absent in the array. For example, $$$mex_1(\{1,2,3 \})=0$$$, since $$$0$$$ is the first element that is not in the array, and $$$mex_2(\{0,2,4 \})=3$$$, since $$$3$$$ is the second element that is not in the array.InputThe first line contains a single integer $$$t$$$ ($$$1\le t\le 10^4$$$)  — the number of test cases.The first line of each test case contains two integers $$$n$$$ and $$$k$$$ ($$$1\le n\le 2\cdot 10^5,1\le k\le 10^9$$$)  — the number of elements in the array and the value $$$k$$$ for $$$mex_k$$$.The second line of each test case contains $$$n$$$ integers $$$a_1, a_2, \dots,a_n$$$ ($$$1\le a_i\le 10^9$$$)  — the elements of the array.It is guaranteed that the sum of $$$n$$$ across all test cases does not exceed $$$2\cdot 10^5$$$.OutputFor each test case, output the maximum $$$mex_k$$$ that can be achieved through the operations.ExampleInput
61 332 101 13 11 2 33 21 2 44 52 2 2 164 52 2 2 3Output
2
11
3
4
8
8"
2008F,Sakurako's Box,"combinatorics, math, number theory",time limit per test,memory limit per test,"F. Sakurako's Boxtime limit per test2 secondsmemory limit per test256 megabytesinputstandard inputoutputstandard outputSakurako has a box with $$$n$$$ balls. Each ball has it's value. She wants to bet with her friend that if the friend randomly picks two balls from the box (it could be two distinct balls, but they may have the same value), the product of their values will be the same as the number that Sakurako guessed.Since Sakurako has a PhD in probability, she knows that the best number to pick is the expected value, but she forgot how to calculate it. Help Sakurako and find the expected value of the product of two elements from the array.It can be shown that the expected value has the form $$$\frac{P}{Q}$$$, where $$$P$$$ and $$$Q$$$ are non-negative integers, and $$$Q \ne 0$$$. Report the value of $$$P \cdot Q^{-1}(\bmod 10^9+7)$$$.InputThe first line contains a single integer $$$t$$$ ($$$1\le t\le 10^4$$$)  — the number of test cases.The first line of each test case contains a single integer $$$n$$$ ($$$2\le n\le 2\cdot 10^5$$$)  — the number of elements in the array.The second line of each test case contains $$$n$$$ integers $$$a_1, a_2, \dots, a_n$$$ ($$$0\le a_i\le 10^9$$$)  — the elements of the array.It is guaranteed that the sum of $$$n$$$ across all test cases does not exceed $$$2\cdot 10^5$$$.OutputFor each test case, output the value of $$$P \cdot Q^{-1}(\bmod 10^9+7)$$$.ExampleInput
333 2 342 2 2 451 2 3 4 5Output
7
6
500000012
NoteFor the first test, Sakurako's friend can pick these pairs of balls: $$$(a_1,a_2)$$$, $$$(a_1,a_3)$$$, $$$(a_2,a_3)$$$. Their products equal to $$$3\cdot 2=6$$$ , $$$3\cdot 3=9$$$ , $$$3\cdot 2=6$$$ respectively, so the expected value is $$$\frac{6+9+6}{3}=7$$$.For the second test, Sakurako's friend can pick these pairs of balls: $$$(a_1,a_2)$$$, $$$(a_1,a_3)$$$, $$$(a_1,a_4)$$$, $$$(a_2,a_3)$$$, $$$(a_2,a_4)$$$, $$$(a_3,a_4)$$$. Their products equal to $$$2\cdot 2=4$$$ , $$$2\cdot 2=4$$$ , $$$2\cdot 4=8$$$, $$$2\cdot 2=4$$$, $$$2\cdot 4=8$$$, $$$2\cdot 4=8$$$ respectively, so the expected value is $$$\frac{4+4+8+4+8+8}{6}=\frac{36}{6}=6$$$."
2008E,Alternating String,"brute force, data structures, dp, greedy, implementation, strings",time limit per test,memory limit per test,"E. Alternating Stringtime limit per test2 secondsmemory limit per test256 megabytesinputstandard inputoutputstandard outputSakurako really loves alternating strings. She calls a string $$$s$$$ of lowercase Latin letters an alternating string if characters in the even positions are the same, if characters in the odd positions are the same, and the length of the string is even.For example, the strings 'abab' and 'gg' are alternating, while the strings 'aba' and 'ggwp' are not.As a good friend, you decided to gift such a string, but you couldn't find one. Luckily, you can perform two types of operations on the string:   Choose an index $$$i$$$ and delete the $$$i$$$-th character from the string, which will reduce the length of the string by $$$1$$$. This type of operation can be performed no more than $$$1$$$ time;  Choose an index $$$i$$$ and replace $$$s_i$$$ with any other letter. Since you are in a hurry, you need to determine the minimum number of operations required to make the string an alternating one.InputThe first line contains a single integer $$$t$$$ ($$$1 \le t \le 10^4$$$)  — the number of test cases.The first line of each test case contains a single number $$$n$$$ ($$$1 \le n\le 2\cdot 10^5$$$)  — the length of the string.The second line of each test case contains a string $$$s$$$, consisting of lowercase Latin letters.It is guaranteed that the sum of $$$n$$$ across all test cases does not exceed $$$2 \cdot 10^5$$$.OutputFor each test case, output a single integer — the minimum number of operations required to turn the string $$$s$$$ into an alternating one.ExampleInput
101a2ca3aab5ababa6acdada9ejibmyyju6bbccbc6abacba5bcbca5dcbdbOutput
1
0
1
1
2
6
2
3
1
1
NoteFor the string ababa, you can delete the first character to get baba, which is an alternating string.For the string acdada, you can change the first two characters to get dadada, which is an alternating string."
2008D,Sakurako's Hobby,"dp, dsu, graphs, math",time limit per test,memory limit per test,"D. Sakurako's Hobbytime limit per test2 secondsmemory limit per test256 megabytesinputstandard inputoutputstandard outputFor a certain permutation $$$p$$$$$$^{\text{∗}}$$$ Sakurako calls an integer $$$j$$$ reachable from an integer $$$i$$$ if it is possible to make $$$i$$$ equal to $$$j$$$ by assigning $$$i=p_i$$$ a certain number of times.If $$$p=[3,5,6,1,2,4]$$$, then, for example, $$$4$$$ is reachable from $$$1$$$, because: $$$i=1$$$ $$$\rightarrow$$$ $$$i=p_1=3$$$ $$$\rightarrow$$$ $$$i=p_3=6$$$ $$$\rightarrow$$$ $$$i=p_6=4$$$. Now $$$i=4$$$, so $$$4$$$ is reachable from $$$1$$$.Each number in the permutation is colored either black or white.Sakurako defines the function $$$F(i)$$$ as the number of black integers that are reachable from $$$i$$$.Sakurako is interested in $$$F(i)$$$ for each $$$1\le i\le n$$$, but calculating all values becomes very difficult, so she asks you, as her good friend, to compute this.$$$^{\text{∗}}$$$A permutation of length $$$n$$$ is an array consisting of $$$n$$$ distinct integers from $$$1$$$ to $$$n$$$ in arbitrary order. For example, $$$[2,3,1,5,4]$$$ is a permutation, but $$$[1,2,2]$$$ is not a permutation (the number $$$2$$$ appears twice in the array), and $$$[1,3,4]$$$ is also not a permutation ($$$n=3$$$, but the array contains $$$4$$$).InputThe first line contains a single integer $$$t$$$ ($$$1\le t\le 10^4$$$)  — the number of test cases.The first line of each test case contains a single integer $$$n$$$ ($$$1\le n\le 2\cdot 10^5$$$)  — the number of elements in the array.The second line of each test case contains $$$n$$$ integers $$$p_1, p_2, \dots, p_n$$$ ($$$1\le p_i\le n$$$)  — the elements of the permutation.The third line of each test case contains a string $$$s$$$ of length $$$n$$$, consisting of '0' and '1'. If $$$s_i=0$$$, then the number $$$p_i$$$ is colored black; if $$$s_i=1$$$, then the number $$$p_i$$$ is colored white.It is guaranteed that the sum of $$$n$$$ across all test cases does not exceed $$$2\cdot 10^5$$$.OutputFor each test case, output $$$n$$$ integers $$$F(1), F(2), \dots, F(n)$$$.ExampleInput
511051 2 4 5 31010155 4 1 3 21001163 5 6 1 2 401000061 2 3 4 5 6100110Output
1 
0 1 1 1 1 
2 2 2 2 2 
4 1 4 4 1 4 
0 1 1 0 0 1"
2008C,Longest Good Array,"binary search, brute force, math",time limit per test,memory limit per test,"C. Longest Good Arraytime limit per test2 secondsmemory limit per test256 megabytesinputstandard inputoutputstandard outputToday, Sakurako was studying arrays. An array $$$a$$$ of length $$$n$$$ is considered good if and only if:  the array $$$a$$$ is increasing, meaning $$$a_{i - 1} < a_i$$$ for all $$$2 \le i \le n$$$;  the differences between adjacent elements are increasing, meaning $$$a_i - a_{i-1} < a_{i+1} - a_i$$$ for all $$$2 \le i < n$$$. Sakurako has come up with boundaries $$$l$$$ and $$$r$$$ and wants to construct a good array of maximum length, where $$$l \le a_i \le r$$$ for all $$$a_i$$$.Help Sakurako find the maximum length of a good array for the given $$$l$$$ and $$$r$$$.InputThe first line contains a single integer $$$t$$$ ($$$1\le t\le 10^4$$$)  — the number of test cases.The only line of each test case contains two integers $$$l$$$ and $$$r$$$ ($$$1\le l\le r\le 10^9$$$).OutputFor each test case, output a single integer  — the length of the longest good array Sakurako can form given $$$l$$$ and $$$r$$$.ExampleInput
51 21 52 210 201 1000000000Output
2
3
1
5
44721
NoteFor $$$l=1$$$ and $$$r=5$$$, one possible array could be $$$(1,2,5)$$$. It can be proven that an array of length $$$4$$$ does not exist for the given $$$l$$$ and $$$r$$$.For $$$l=2$$$ and $$$r=2$$$, the only possible array is $$$(2)$$$.For $$$l=10$$$ and $$$r=20$$$, the only possible array is $$$(10,11,13,16,20)$$$."
2008B,Square or Not,"brute force, math, strings",time limit per test,memory limit per test,"B. Square or Nottime limit per test2 secondsmemory limit per test256 megabytesinputstandard inputoutputstandard outputA beautiful binary matrix is a matrix that has ones on its edges and zeros inside.  Examples of four beautiful binary matrices. Today, Sakurako was playing with a beautiful binary matrix of size $$$r \times c$$$ and created a binary string $$$s$$$ by writing down all the rows of the matrix, starting from the first and ending with the $$$r$$$-th. More formally, the element from the matrix in the $$$i$$$-th row and $$$j$$$-th column corresponds to the $$$((i-1)*c+j)$$$-th element of the string.You need to check whether the beautiful matrix from which the string $$$s$$$ was obtained could be squared. In other words, you need to check whether the string $$$s$$$ could have been build from a square beautiful binary matrix (i.e., one where $$$r=c$$$).InputThe first line contains a single integer $$$t$$$ ($$$1 \le t \le 10^4$$$) — the number of test cases.The first line of each test case contains a single integer $$$n$$$ ($$$2 \le n \le 2 \cdot 10^5$$$) — the length of the string.The second line of each test case contains the string $$$s$$$ of length $$$n$$$. The string is always the result of writing out the strings of a beautiful matrix.It is guaranteed that the sum of $$$n$$$ across all test cases does not exceed $$$2 \cdot 10^5$$$.OutputPrint ""Yes"", if the original matrix could have been square, and ""No"" otherwise.ExampleInput
5211411119111101111911111111112111110011111Output
No
Yes
Yes
No
No
NoteFor the second test case, string 1111 can be obtained from the matrix: $$$1$$$$$$1$$$$$$1$$$$$$1$$$ For the third test case, string 111101111 can be obtained from the matrix: $$$1$$$$$$1$$$$$$1$$$$$$1$$$$$$0$$$$$$1$$$$$$1$$$$$$1$$$$$$1$$$ There is no square matrix in the fourth case, such that the string can be obtained from it."
2008A,Sakurako's Exam,"brute force, constructive algorithms, greedy, math",time limit per test,memory limit per test,"A. Sakurako's Examtime limit per test1 secondmemory limit per test256 megabytesinputstandard inputoutputstandard outputToday, Sakurako has a math exam. The teacher gave the array, consisting of $$$a$$$ ones and $$$b$$$ twos.In an array, Sakurako must place either a '+' or a '-' in front of each element so that the sum of all elements in the array equals $$$0$$$.Sakurako is not sure if it is possible to solve this problem, so determine whether there is a way to assign signs such that the sum of all elements in the array equals $$$0$$$.InputThe first line contains a single integer $$$t$$$ ($$$1\le t\le 100$$$)  — the number of test cases.The only line of each test case contains two integers $$$a$$$ and $$$b$$$ ($$$0\le a,b<10$$$)  — the number of '1's and the number of '2's in the array.OutputFor each test case, output ""Yes"" if you can make the sum of the entire array equal to $$$0$$$, and ""No"" otherwise.You can output each letter in any case (lowercase or uppercase). For example, the strings ""yEs"", ""yes"", ""Yes"", and ""YES"" will be accepted as a positive answer.ExampleInput
50 10 32 02 33 1Output
NO
NO
YES
YES
NO
Note  $$$a=0$$$, $$$b=1$$$: This means the array is $$$[2]$$$ — it is impossible to add the signs '+' or '-' to get $$$0$$$ as a result; $$$a=0$$$, $$$b=3$$$: This means the array is $$$[2, 2, 2]$$$ — it is impossible to add the signs '+' or '-' to get $$$0$$$ as a result; $$$a=2$$$, $$$b=0$$$: This means the array is $$$[1, 1]$$$ — it is possible to add the signs '+' or '-' to get $$$0$$$ as a result ($$$+1-1=0$$$); $$$a=2$$$, $$$b=3$$$: This means the array is $$$[1, 1, 2, 2, 2]$$$ — it is possible to add the signs '+' or '-' to get $$$0$$$ as a result ($$$+1+1-2-2+2=0$$$);"
2007C,Dora and C++,"math, number theory",time limit per test,memory limit per test,"C. Dora and C++time limit per test2 secondsmemory limit per test256 megabytesinputstandard inputoutputstandard outputDora has just learned the programming language C++!However, she has completely misunderstood the meaning of C++. She considers it as two kinds of adding operations on the array $$$c$$$ with $$$n$$$ elements. Dora has two integers $$$a$$$ and $$$b$$$. In one operation, she can choose one of the following things to do.  Choose an integer $$$i$$$ such that $$$1 \leq i \leq n$$$, and increase $$$c_i$$$ by $$$a$$$.  Choose an integer $$$i$$$ such that $$$1 \leq i \leq n$$$, and increase $$$c_i$$$ by $$$b$$$. Note that $$$a$$$ and $$$b$$$ are constants, and they can be the same.Let's define a range of array $$$d$$$ as $$$\max(d_i) - \min(d_i)$$$. For instance, the range of the array $$$[1, 2, 3, 4]$$$ is $$$4 - 1 = 3$$$, the range of the array $$$[5, 2, 8, 2, 2, 1]$$$ is $$$8 - 1 = 7$$$, and the range of the array $$$[3, 3, 3]$$$ is $$$3 - 3 = 0$$$.After any number of operations (possibly, $$$0$$$), Dora calculates the range of the new array. You need to help Dora minimize this value, but since Dora loves exploring all by herself, you only need to tell her the minimized value.InputEach test consists of multiple test cases. The first line contains a single integer $$$t$$$ ($$$1 \leq t \leq 10^4$$$) — the number of test cases. The description of test cases follows.The first line of each test case contains three integers $$$n$$$, $$$a$$$, and $$$b$$$ ($$$1 \leq n \leq 10^5$$$, $$$1 \leq a, b \leq 10^9$$$) — the length of the array $$$c$$$ and the constant values, respectively.The second line of each test case contains $$$n$$$ integers $$$c_1, c_2, \ldots, c_n$$$ ($$$1 \leq c_i \leq 10^9$$$) — the initial elements of the array $$$c$$$.It is guaranteed that the sum of $$$n$$$ over all test cases does not exceed $$$10^5$$$.OutputFor each test case, output a single integer — the minimum possible range of the array after any number of operations.ExampleInput
104 5 51 3 4 44 2 31 3 4 64 7 71 1 2 63 15 91 9 53 18 121 4 57 27 3633 13 23 12 35 24 4110 6 915 5 6 9 8 2 12 15 3 82 1 10000000001 10000000006 336718728 709848696552806726 474775724 15129785 371139304 178408298 131060716 335734893 671469786138885253 70095920 456876775 9345665 214704906 375508929Output
3
0
3
2
3
5
1
0
17
205359241
NoteIn the first test case, we can increase $$$c_1 = 1$$$ by $$$a = 5$$$. The array $$$c$$$ will become $$$[6, 3, 4, 4]$$$, and the range is $$$3$$$. Note that there is more than one way to reach the answer.In the second test case, we can increase $$$c_1 = 1$$$ by $$$a = 2$$$ and then increase $$$c_1 = 3$$$ by $$$b = 3$$$. Also, we can increase $$$c_2 = 3$$$ by $$$b = 3$$$ and increase $$$c_3 = 4$$$ by $$$a = 2$$$. The array $$$c$$$ will become $$$[6, 6, 6, 6]$$$, and the range is $$$0$$$."
2007B,Index and Maximum Value,"data structures, greedy",time limit per test,memory limit per test,"B. Index and Maximum Valuetime limit per test1 secondmemory limit per test256 megabytesinputstandard inputoutputstandard outputAfter receiving yet another integer array $$$a_1, a_2, \ldots, a_n$$$ at her birthday party, Index decides to perform some operations on it.Formally, there are $$$m$$$ operations that she is going to perform in order. Each of them belongs to one of the two types:  $$$\texttt{+ l r}$$$. Given two integers $$$l$$$ and $$$r$$$, for all $$$1 \leq i \leq n$$$ such that $$$l \leq a_i \leq r$$$, set $$$a_i := a_i + 1$$$.  $$$\texttt{- l r}$$$. Given two integers $$$l$$$ and $$$r$$$, for all $$$1 \leq i \leq n$$$ such that $$$l \leq a_i \leq r$$$, set $$$a_i := a_i - 1$$$. For example, if the initial array $$$a = [7, 1, 3, 4, 3]$$$, after performing the operation $$$\texttt{+} \space 2 \space 4$$$, the array $$$a = [7, 1, 4, 5, 4]$$$. Then, after performing the operation $$$\texttt{-} \space 1 \space 10$$$, the array $$$a = [6, 0, 3, 4, 3]$$$.Index is curious about the maximum value in the array $$$a$$$. Please help her find it after each of the $$$m$$$ operations.InputEach test consists of multiple test cases. The first line contains a single integer $$$t$$$ ($$$1 \leq t \leq 2 \cdot 10^4$$$) — the number of test cases. The description of the test cases follows.The first line of each test case contains two integers $$$n$$$ and $$$m$$$ ($$$1 \leq n \leq 10^5$$$, $$$1 \leq m \leq 10^5$$$) — the length of the array and the number of operations.The second line of each test case contains $$$n$$$ integers $$$a_1, a_2, \ldots, a_n$$$ ($$$1 \leq a_i \leq 10^9$$$) — the initial array $$$a$$$.Then $$$m$$$ lines follow, each line corresponds to the operation, in the following format: $$$\texttt{c l r}$$$ ($$$c \in \{\texttt +, \texttt -\}$$$, $$$l$$$ and $$$r$$$ are integers, $$$1 \leq l \leq r \leq 10^9$$$) — the description of the operation.Note that the elements $$$a_i$$$ may not satisfy $$$1\le a_i\le 10^9$$$ after some operations, as it is shown in the example.It is guaranteed that the sum of $$$n$$$ over all test cases does not exceed $$$10^5$$$, and the sum of $$$m$$$ over all test cases does not exceed $$$10^5$$$.OutputFor each test case, output one single line containing $$$m$$$ integers, with the $$$i$$$-th of them describing the maximum value of the array after the $$$i$$$-th operation.ExampleInput
55 51 2 3 2 1+ 1 3- 2 3+ 1 2+ 2 4- 6 85 51 3 3 4 5+ 1 4+ 2 3- 4 5- 3 3- 2 65 51 1 1 1 1+ 2 3- 4 5+ 1 6- 2 5+ 1 81 11- 1 11 11000000000+ 1000000000 1000000000Output
4 4 4 5 5
5 5 4 4 3
1 1 2 1 2
0
1000000001
NoteIn the first test case, the process of the operations is listed below:  After the first operation, the array becomes equal $$$[2,3,4,3,2]$$$. The maximum value is $$$4$$$.  After the second operation, the array becomes equal $$$[1,2,4,2,1]$$$. The maximum value is $$$4$$$.  After the third operation, the array becomes equal $$$[2,3,4,3,2]$$$. The maximum value is $$$4$$$.  After the fourth operation, the array becomes equal $$$[3,4,5,4,3]$$$. The maximum value is $$$5$$$.  After the fifth operation, the array becomes equal $$$[3,4,5,4,3]$$$. The maximum value is $$$5$$$.In the second test case, the process of the operations is listed below:  After the first operation, the array becomes equal $$$[2,4,4,5,5]$$$. The maximum value is $$$5$$$.  After the second operation, the array becomes equal $$$[3,4,4,5,5]$$$. The maximum value is $$$5$$$.  After the third operation, the array becomes equal $$$[3,3,3,4,4]$$$. The maximum value is $$$4$$$.  After the fourth operation, the array becomes equal $$$[2,2,2,4,4]$$$. The maximum value is $$$4$$$.  After the fifth operation, the array becomes equal $$$[1,1,1,3,3]$$$. The maximum value is $$$3$$$."
2007A,Dora's Set,"greedy, math, number theory",time limit per test,memory limit per test,"A. Dora's Settime limit per test1 secondmemory limit per test256 megabytesinputstandard inputoutputstandard outputDora has a set $$$s$$$ containing integers. In the beginning, she will put all integers in $$$[l, r]$$$ into the set $$$s$$$. That is, an integer $$$x$$$ is initially contained in the set if and only if $$$l \leq x \leq r$$$. Then she allows you to perform the following operations:  Select three distinct integers $$$a$$$, $$$b$$$, and $$$c$$$ from the set $$$s$$$, such that $$$\gcd(a, b) = \gcd(b, c) = \gcd(a, c) = 1^\dagger$$$.  Then, remove these three integers from the set $$$s$$$. What is the maximum number of operations you can perform?$$$^\dagger$$$Recall that $$$\gcd(x, y)$$$ means the greatest common divisor of integers $$$x$$$ and $$$y$$$.InputEach test consists of multiple test cases. The first line contains a single integer $$$t$$$ ($$$1 \leq t \leq 500$$$) — the number of test cases. The description of the test cases follows.The only line of each test case contains two integers $$$l$$$ and $$$r$$$ ($$$1 \leq l \leq r \leq 1000$$$) — the range of integers in the initial set.OutputFor each test case, output a single integer — the maximum number of operations you can perform.ExampleInput
81 33 710 212 851 602 1510 261 1000Output
1
1
3
1
2
3
4
250
NoteIn the first test case, you can choose $$$a = 1$$$, $$$b = 2$$$, $$$c = 3$$$ in the only operation, since $$$\gcd(1, 2) = \gcd(2, 3) = \gcd(1, 3) = 1$$$, and then there are no more integers in the set, so no more operations can be performed.In the second test case, you can choose $$$a = 3$$$, $$$b = 5$$$, $$$c = 7$$$ in the only operation.In the third test case, you can choose $$$a = 11$$$, $$$b = 19$$$, $$$c = 20$$$ in the first operation, $$$a = 13$$$, $$$b = 14$$$, $$$c = 15$$$ in the second operation, and $$$a = 10$$$, $$$b = 17$$$, $$$c = 21$$$ in the third operation. After the three operations, the set $$$s$$$ contains the following integers: $$$12$$$, $$$16$$$, $$$18$$$. It can be proven that it's impossible to perform more than $$$3$$$ operations."
2006F,Dora's Paint,"brute force, combinatorics, constructive algorithms, graphs, implementation",time limit per test,memory limit per test,"F. Dora's Painttime limit per test3 secondsmemory limit per test512 megabytesinputstandard inputoutputstandard outputSadly, Dora poured the paint when painting the class mural. Dora considers the mural as the matrix $$$b$$$ of size $$$n \times n$$$. Initially, $$$b_{i,j} = 0$$$ for all $$$1 \le i, j \le n$$$.Dora has only two brushes which have two different colors. In one operation, she can paint the matrix with one of two brushes:  The first brush has color $$$1$$$ on it and can paint one column of the matrix. That is, Dora chooses $$$1 \leq j \leq n$$$ and makes $$$b_{i,j} := 1$$$ for all $$$1 \leq i \leq n$$$;  The second brush has color $$$2$$$ on it and can paint one row of the matrix. That is, Dora chooses $$$1 \leq i \leq n$$$ and makes $$$b_{i,j} := 2$$$ for all $$$1 \leq j \leq n$$$. Dora paints the matrix so that the resulting matrix $$$b$$$ contains only $$$1$$$ and $$$2$$$.For a matrix $$$b$$$, let $$$f(b)$$$ denote the minimum number of operations needed to turn the initial matrix (containing only $$$0$$$) into $$$b$$$. The beauty of a matrix $$$b$$$ is the number of ways to paint the initial matrix in exactly $$$f(b)$$$ operations to turn it into $$$b$$$. If there's no way to turn the initial matrix into $$$b$$$, the beauty of $$$b$$$ is $$$0$$$.However, Dora made a uniformly random mistake; there's exactly one element different in the matrix $$$a$$$ given to you from the real matrix $$$b$$$. That is, there is exactly one pair $$$(i, j)$$$ such that $$$a_{i, j} = 3 - b_{i, j}$$$.Please help Dora compute the expected beauty of the real matrix $$$b$$$ modulo $$$998\,244\,353$$$ (all possible $$$n^2$$$ mistakes have equal probability).Since the size of the matrix is too large, Dora will only tell you the positions of $$$m$$$ elements of color $$$1$$$, and the remaining $$$n^2-m$$$ elements have color $$$2$$$.InputEach test consists of multiple test cases. The first line contains a single integer $$$t$$$ ($$$1 \leq t \leq 10^4$$$) — the number of test cases. The description of the test cases follows.The first line of each test case contains two integers $$$n$$$ and $$$m$$$ ($$$2 \leq n \leq 2 \cdot 10^5$$$, $$$0 \leq m \leq \min(10^6, n^2)$$$) — the size of the matrix and the number of elements of color $$$1$$$.Then $$$m$$$ lines follow, each containing two positive integers $$$x_i$$$ and $$$y_i$$$ ($$$1 \leq x_i, y_i \leq n$$$) — denoting that $$$a_{x_i, y_i} = 1$$$.It is guaranteed that if $$$i \neq j$$$, then $$$(x_i, y_i) \neq (x_j, y_j)$$$.It is also guaranteed that the sum of $$$n$$$ over all test cases does not exceed $$$4\cdot10^5$$$, and the sum of $$$m$$$ over all test cases does not exceed $$$10^6$$$.OutputFor each test case, output a single integer — the expected beauty of the real matrix $$$b$$$, modulo $$$998\,244\,353$$$.ExampleInput
72 21 11 22 11 13 21 13 36 05 101 11 21 32 12 35 15 25 35 45 53 51 11 32 23 13 34 31 12 32 4Output
1
499122178
665496236
120
79859554
776412275
1
NoteIn the first test case, the matrix $$$a = \left[\begin{matrix}1&1\\2&2\end{matrix}\right]$$$. Let's consider changing the element $$$(1,1)$$$ to calculate the answer.It can be proved that the minimum steps to paint the initial matrix into $$$\left[\begin{matrix}2&1\\2&2\end{matrix}\right]$$$ is $$$3$$$. We can first paint the first row into color $$$2$$$, then paint the second column into color $$$1$$$, and finally paint the second row into color $$$2$$$. The process is listed below:$$$$$$\left[\begin{matrix}0&0\\0&0\end{matrix}\right]\Rightarrow\left[\begin{matrix}2&2\\0&0\end{matrix}\right]\Rightarrow\left[\begin{matrix}2&1\\0&1\end{matrix}\right]\Rightarrow\left[\begin{matrix}2&1\\2&2\end{matrix}\right]$$$$$$It can be proved that this is the only way to paint the matrix in $$$3$$$ steps. So the beauty of the matrix $$$\left[\begin{matrix}2&1\\2&2\end{matrix}\right]$$$ is $$$1$$$. Similarly, if any other element of the matrix is changed, the beauty is always $$$1$$$, so the expected beauty of the real matrix $$$b$$$ is $$$1$$$.In the second test case, the matrix $$$a = \left[\begin{matrix}1&2\\2&2\end{matrix}\right]$$$. Let's consider changing the element $$$(2, 2)$$$ to calculate the answer.It can be proven that it's impossible to paint the initial matrix into $$$\left[\begin{matrix}1&2\\2&1\end{matrix}\right]$$$, so its beauty is $$$0$$$. If any other element of the matrix is changed, the beauty is always $$$2$$$, so the expected beauty is $$$\frac{0 + 2 + 2 + 2}{4} = \frac{6}{4} \equiv 499\,122\,178 \pmod {998\,244\,353}$$$."
2006E,Iris's Full Binary Tree,"brute force, data structures, dfs and similar, trees",time limit per test,memory limit per test,"E. Iris's Full Binary Treetime limit per test4 secondsmemory limit per test1024 megabytesinputstandard inputoutputstandard outputIris likes full binary trees.Let's define the depth of a rooted tree as the maximum number of vertices on the simple paths from some vertex to the root. A full binary tree of depth $$$d$$$ is a binary tree of depth $$$d$$$ with exactly $$$2^d - 1$$$ vertices.Iris calls a tree a $$$d$$$-binary tree if some vertices and edges can be added to it to make it a full binary tree of depth $$$d$$$. Note that any vertex can be chosen as the root of a full binary tree.Since performing operations on large trees is difficult, she defines the binary depth of a tree as the minimum $$$d$$$ satisfying that the tree is $$$d$$$-binary. Specifically, if there is no integer $$$d \ge 1$$$ such that the tree is $$$d$$$-binary, the binary depth of the tree is $$$-1$$$.Iris now has a tree consisting of only vertex $$$1$$$. She wants to add $$$n - 1$$$ more vertices to form a larger tree. She will add the vertices one by one. When she adds vertex $$$i$$$ ($$$2 \leq i \leq n$$$), she'll give you an integer $$$p_i$$$ ($$$1 \leq p_i < i$$$), and add a new edge connecting vertices $$$i$$$ and $$$p_i$$$.Iris wants to ask you the binary depth of the tree formed by the first $$$i$$$ vertices for each $$$1 \le i \le n$$$. Can you tell her the answer?InputEach test consists of multiple test cases. The first line contains a single integer $$$t$$$ ($$$1 \leq t \leq 10^4$$$) — the number of test cases. The description of the test cases follows.The first line of each test case contains a single integer $$$n$$$ ($$$2 \leq n \leq 5 \cdot 10^5$$$) — the final size of the tree.The second line of each test case contains $$$n - 1$$$ integers $$$p_2, p_3, \ldots, p_n$$$ ($$$1 \leq p_i < i$$$) — descriptions of all edges of the tree.It is guaranteed that the sum of $$$n$$$ over all test cases does not exceed $$$5 \cdot 10^5$$$.OutputFor each test case output $$$n$$$ integers, $$$i$$$-th of them representing the binary depth of the tree formed by the first $$$i$$$ vertices.ExampleInput
731 161 2 3 4 571 1 3 2 5 1101 1 2 1 4 2 4 5 8101 1 3 1 3 2 2 2 6201 1 2 2 4 4 5 5 7 6 8 6 11 14 11 8 13 13 12251 1 3 3 1 5 4 4 6 8 11 12 8 7 11 13 7 13 15 6 19 14 10 23Output
1 2 2 
1 2 2 3 3 4 
1 2 2 3 3 4 4 
1 2 2 3 3 3 4 4 5 5 
1 2 2 3 3 4 4 4 -1 -1 
1 2 2 3 3 4 4 4 4 5 5 5 5 6 6 6 6 6 6 7 
1 2 2 3 3 4 4 4 4 5 5 6 6 6 6 6 7 7 7 7 7 8 8 8 8 
NoteIn the first test case, the final tree is shown below:   The tree consisting of the vertex $$$1$$$ has the binary depth $$$1$$$ (the tree itself is a full binary tree of depth $$$1$$$).  The tree consisting of the vertices $$$1$$$ and $$$2$$$ has the binary depth $$$2$$$ (we can add the vertex $$$3$$$ to make it a full binary tree of depth $$$2$$$).  The tree consisting of the vertices $$$1$$$, $$$2$$$ and $$$3$$$ has the binary depth $$$2$$$ (the tree itself is a full binary tree of depth $$$2$$$).In the second test case, the formed full binary tree after adding some vertices to the tree consisting of $$$n$$$ vertices is shown below (bolded vertices are added):  The depth of the formed full binary tree is $$$4$$$.In the fifth test case, the final tree is shown below:  It can be proved that Iris can't form any full binary tree by adding vertices and edges, so the binary depth is $$$-1$$$."
2006D,Iris and Adjacent Products,"data structures, greedy, implementation, math",time limit per test,memory limit per test,"D. Iris and Adjacent Productstime limit per test3 secondsmemory limit per test256 megabytesinputstandard inputoutputstandard outputIris has just learned multiplication in her Maths lessons. However, since her brain is unable to withstand too complex calculations, she could not multiply two integers with the product greater than $$$k$$$ together. Otherwise, her brain may explode!Her teacher sets a difficult task every day as her daily summer holiday homework. Now she is given an array $$$a$$$ consisting of $$$n$$$ elements, and she needs to calculate the product of each two adjacent elements (that is, $$$a_1 \cdot a_2$$$, $$$a_2 \cdot a_3$$$, and so on). Iris wants her brain to work safely, and in order to do that, she would like to modify the array $$$a$$$ in such a way that $$$a_i \cdot a_{i + 1} \leq k$$$ holds for every $$$1 \leq i < n$$$. There are two types of operations she can perform:  She can rearrange the elements of the array $$$a$$$ in an arbitrary way. She can select an arbitrary element of the array $$$a$$$ and change its value to an arbitrary integer from $$$1$$$ to $$$k$$$. Iris wants to minimize the number of operations of type $$$2$$$ that she uses.However, that's completely not the end of the summer holiday! Summer holiday lasts for $$$q$$$ days, and on the $$$i$$$-th day, Iris is asked to solve the Math homework for the subarray $$$b_{l_i}, b_{l_i + 1}, \ldots, b_{r_i}$$$. Help Iris and tell her the minimum number of type $$$2$$$ operations she needs to perform for each day. Note that the operations are independent for each day, i.e. the array $$$b$$$ is not changed.InputEach test consists of multiple test cases. The first line contains a single integer $$$t$$$ ($$$1 \leq t \leq 5\cdot 10^4$$$) — the number of test cases. The description of the test cases follows.The first line of each test case contains three integers $$$n$$$, $$$q$$$ and $$$k$$$ ($$$2 \leq n \leq 10^5$$$, $$$1 \leq q \leq 10^5$$$, $$$1 \leq k \leq 10^6$$$) — the length of array $$$b$$$, the number of days, and the upper bound for the multiplication calculation.The second line of each test case contains $$$n$$$ integers $$$b_1, b_2, \ldots, b_n$$$ ($$$1 \leq b_i \leq k$$$) — the elements of the array $$$b$$$.Then $$$q$$$ lines follow, the $$$i$$$-th of them contains two integers $$$l_i$$$ and $$$r_i$$$ ($$$1 \leq l_i < r_i \leq n$$$) — the boundaries of the subarray on the $$$i$$$-th day. It is guaranteed that the sum of $$$n$$$ over all test cases does not exceed $$$10^5$$$, and the sum of $$$q$$$ over all test cases does not exceed $$$10^5$$$.OutputFor each test, output a single line containing $$$q$$$ integers — the minimum number of operations of type $$$2$$$ needed for each day.ExampleInput
53 1 11 1 11 33 2 101 10 91 32 35 4 22 2 2 2 21 22 42 51 56 5 103 2 5 10 10 11 43 61 62 55 610 10 1010 9 8 7 6 5 4 3 2 11 101 91 81 72 103 104 105 103 96 8Output
0 
0 1 
1 1 2 2 
1 1 1 1 0 
3 3 4 3 2 2 1 1 2 1 
NoteIn the first test case, as Iris can always multiply $$$1$$$ and $$$1$$$ together, no operations are needed, so the answer is $$$0$$$.In the second test case, the first day's homework is $$$[1, 10, 9]$$$. Iris can rearrange its elements to get $$$[9, 1, 10]$$$, so no operations of type $$$2$$$ are needed. The second day's homework is $$$[10, 9]$$$, and she can change one element to get the array $$$[1, 9]$$$, so one operation of type $$$2$$$ is needed."
2006C,Eri and Expanded Sets,"data structures, divide and conquer, math, number theory, two pointers",time limit per test,memory limit per test,"C. Eri and Expanded Setstime limit per test3 secondsmemory limit per test512 megabytesinputstandard inputoutputstandard outputLet there be a set that contains distinct positive integers. To expand the set to contain as many integers as possible, Eri can choose two integers $$$x\neq y$$$ from the set such that their average $$$\frac{x+y}2$$$ is still a positive integer and isn't contained in the set, and add it to the set. The integers $$$x$$$ and $$$y$$$ remain in the set.Let's call the set of integers consecutive if, after the elements are sorted, the difference between any pair of adjacent elements is $$$1$$$. For example, sets $$$\{2\}$$$, $$$\{2, 5, 4, 3\}$$$, $$$\{5, 6, 8, 7\}$$$ are consecutive, while $$$\{2, 4, 5, 6\}$$$, $$$\{9, 7\}$$$ are not.Eri likes consecutive sets. Suppose there is an array $$$b$$$, then Eri puts all elements in $$$b$$$ into the set. If after a finite number of operations described above, the set can become consecutive, the array $$$b$$$ will be called brilliant.Note that if the same integer appears in the array multiple times, we only put it into the set once, as a set always contains distinct positive integers.Eri has an array $$$a$$$ of $$$n$$$ positive integers. Please help him to count the number of pairs of integers $$$(l,r)$$$ such that $$$1 \leq l \leq r \leq n$$$ and the subarray $$$a_l, a_{l+1}, \ldots, a_r$$$ is brilliant.InputEach test consists of multiple test cases. The first line contains a single integer $$$t$$$ ($$$1 \leq t \leq 10^4$$$) — the number of test cases. The description of the test cases follows.The first line of each test case contains a single integer $$$n$$$ ($$$1 \leq n \leq 4 \cdot 10^5$$$) — length of the array $$$a$$$.The second line of each test case contains $$$n$$$ integers $$$a_1, a_2, \ldots a_n$$$ ($$$1 \leq a_i \leq 10^9$$$) — the elements of the array $$$a$$$.It is guaranteed that the sum of $$$n$$$ over all test cases doesn't exceed $$$4 \cdot 10^5$$$.OutputFor each test case, output a single integer — the number of brilliant subarrays.ExampleInput
622 261 3 6 10 15 2156 30 18 36 91100000000061 1 4 5 1 41270 130 90 90 90 108 612 500 451 171 193 193Output
3
18
5
1
18
53
NoteIn the first test case, the array $$$a = [2, 2]$$$ has $$$3$$$ subarrays: $$$[2]$$$, $$$[2]$$$, and $$$[2, 2]$$$. For all of them, the set only contains a single integer $$$2$$$, therefore it's always consecutive. All these subarrays are brilliant, so the answer is $$$3$$$.In the second test case, let's consider the subarray $$$[3, 6, 10]$$$. We can do operations as follows: $$$$$$\{3,6,10\} \xrightarrow{x=6,y=10} \{3,6,8,10\} \xrightarrow{x=6,y=8} \{3,6,7,8,10\} \xrightarrow{x=3,y=7} \{3,5,6,7,8,10\}$$$$$$   $$$$$$\xrightarrow{x=3,y=5} \{3,4,5,6,7,8,10\} \xrightarrow{x=8,y=10} \{3,4,5,6,7,8,9,10\}$$$$$$ $$$\{3,4,5,6,7,8,9,10\}$$$ is a consecutive set, so the subarray $$$[3, 6, 10]$$$ is brilliant."
2006B,Iris and the Tree,"brute force, data structures, dfs and similar, dsu, math, trees",time limit per test,memory limit per test,"B. Iris and the Treetime limit per test3 secondsmemory limit per test256 megabytesinputstandard inputoutputstandard outputGiven a rooted tree with the root at vertex $$$1$$$. For any vertex $$$i$$$ ($$$1 < i \leq n$$$) in the tree, there is an edge connecting vertices $$$i$$$ and $$$p_i$$$ ($$$1 \leq p_i < i$$$), with a weight equal to $$$t_i$$$.Iris does not know the values of $$$t_i$$$, but she knows that $$$\displaystyle\sum_{i=2}^n t_i = w$$$ and each of the $$$t_i$$$ is a non-negative integer.The vertices of the tree are numbered in a special way: the numbers of the vertices in each subtree are consecutive integers. In other words, the vertices of the tree are numbered in the order of a depth-first search.  The tree in this picture satisfies the condition. For example, in the subtree of vertex $$$2$$$, the vertex numbers are $$$2, 3, 4, 5$$$, which are consecutive integers.   The tree in this picture does not satisfy the condition, as in the subtree of vertex $$$2$$$, the vertex numbers $$$2$$$ and $$$4$$$ are not consecutive integers. We define $$$\operatorname{dist}(u, v)$$$ as the length of the simple path between vertices $$$u$$$ and $$$v$$$ in the tree.Next, there will be $$$n - 1$$$ events:  Iris is given integers $$$x$$$ and $$$y$$$, indicating that $$$t_x = y$$$. After each event, Iris wants to know the maximum possible value of $$$\operatorname{dist}(i, i \bmod n + 1)$$$ independently for each $$$i$$$ ($$$1\le i\le n$$$). She only needs to know the sum of these $$$n$$$ values. Please help Iris quickly get the answers.Note that when calculating the maximum possible values of $$$\operatorname{dist}(i, i \bmod n + 1)$$$ and $$$\operatorname{dist}(j, j \bmod n + 1)$$$ for $$$i \ne j$$$, the unknown edge weights may be different.InputEach test consists of multiple test cases. The first line contains a single integer $$$t$$$ ($$$1 \leq t \leq 10^4$$$) — the number of test cases. The description of the test cases follows.The first line of each test case contains two integers $$$n$$$ and $$$w$$$ ($$$2 \le n \le 2 \cdot 10^5$$$, $$$0 \leq w \leq 10^{12}$$$) — the number of vertices in the tree and the sum of the edge weights.The second line of each test case contains $$$n - 1$$$ integers $$$p_2, p_3, \ldots, p_n$$$ ($$$1 \leq p_i < i$$$) — the description of the edges of the tree.Then follow $$$n-1$$$ lines indicating the events. Each line contains two integers $$$x$$$ and $$$y$$$ ($$$2 \leq x \leq n$$$, $$$0 \leq y \leq w$$$), indicating that $$$t_x = y$$$.It is guaranteed that all $$$x$$$ in the events are distinct. It is also guaranteed that the sum of all $$$y$$$ equals $$$w$$$.It is guaranteed that the sum of $$$n$$$ over all test cases does not exceed $$$2 \cdot 10^5$$$.OutputFor each test case, output one line containing $$$n-1$$$ integers, each representing the answer after each event.ExampleInput
42 100000000000012 10000000000004 91 1 12 24 43 36 1001 2 3 2 16 173 322 44 265 2110 5111 2 2 4 2 1 1 8 83 26 1610 2569 1282 15 88 644 47 32Output
2000000000000
25 18 18
449 302 247 200 200
4585 4473 2681 1567 1454 1322 1094 1022 1022
NoteIn the first test case, $$$\operatorname{dist}(1, 2) = \operatorname{dist}(2, 1) = t_2 = w = 10^{12}$$$, so $$$\operatorname{dist}(1, 2) + \operatorname{dist}(2, 1) = 2 \cdot 10^{12}$$$.In the second test case, the tree after Iris found out all $$$t_x$$$ is shown below:  $$$\operatorname{dist}(1, 2) = t_2$$$, $$$\operatorname{dist}(2, 3) = t_2 + t_3$$$, $$$\operatorname{dist}(3, 4) = t_3 + t_4$$$, $$$\operatorname{dist}(4, 1) = t_4$$$. After the first event, she found out that $$$t_2 = 2$$$, so $$$\operatorname{dist}(1, 2) = 2$$$. At the same time:  $$$\operatorname{dist}(2, 3)$$$ is maximized if $$$t_3 = 7$$$, $$$t_4 = 0$$$. Then $$$\operatorname{dist}(2, 3) = 9$$$.  $$$\operatorname{dist}(3, 4)$$$ and $$$\operatorname{dist}(4, 1)$$$ are maximized if $$$t_3 = 0$$$, $$$t_4 = 7$$$. Then $$$\operatorname{dist}(3, 4) = \operatorname{dist}(4, 1) = 7$$$. Thus, the answer is $$$2 + 9 + 7 + 7 = 25$$$.After the second event, she found out that $$$t_4 = 4$$$, then $$$t_3 = w - t_2 - t_4 = 4$$$. $$$\operatorname{dist}(1, 2) = 2$$$, $$$\operatorname{dist}(2, 3) = 2 + 3 = 5$$$, $$$\operatorname{dist}(3, 4) = 3 + 4 = 7$$$, $$$\operatorname{dist}(4, 1) = 4$$$. Thus, the answer is $$$2 + 5 + 7 + 4 = 18$$$."
2006A,Iris and Game on the Tree,"constructive algorithms, dfs and similar, games, graphs, greedy, trees",time limit per test,memory limit per test,"A. Iris and Game on the Treetime limit per test2 secondsmemory limit per test256 megabytesinputstandard inputoutputstandard outputIris has a tree rooted at vertex $$$1$$$. Each vertex has a value of $$$\mathtt 0$$$ or $$$\mathtt 1$$$.Let's consider a leaf of the tree (the vertex $$$1$$$ is never considered a leaf) and define its weight. Construct a string formed by the values of the vertices on the path starting at the root and ending in this leaf. Then the weight of the leaf is the difference between the number of occurrences of $$$\mathtt{10}$$$ and $$$\mathtt{01}$$$ substrings in it.Take the following tree as an example. Green vertices have a value of $$$\mathtt 1$$$ while white vertices have a value of $$$\mathtt 0$$$.   Let's calculate the weight of the leaf $$$5$$$: the formed string is $$$\mathtt{10110}$$$. The number of occurrences of substring $$$\mathtt{10}$$$ is $$$2$$$, the number of occurrences of substring $$$\mathtt{01}$$$ is $$$1$$$, so the difference is $$$2 - 1 = 1$$$. Let's calculate the weight of the leaf $$$6$$$: the formed string is $$$\mathtt{101}$$$. The number of occurrences of substring $$$\mathtt{10}$$$ is $$$1$$$, the number of occurrences of substring $$$\mathtt{01}$$$ is $$$1$$$, so the difference is $$$1 - 1 = 0$$$.The score of a tree is defined as the number of leaves with non-zero weight in the tree.But the values of some vertices haven't been decided and will be given to you as $$$\texttt{?}$$$. Filling the blanks would be so boring, so Iris is going to invite Dora to play a game. On each turn, one of the girls chooses any of the remaining vertices with value $$$\texttt{?}$$$ and changes its value to $$$\mathtt{0}$$$ or $$$\mathtt{1}$$$, with Iris going first. The game continues until there are no vertices with value $$$\mathtt{?}$$$ left in the tree. Iris aims to maximize the score of the tree, while Dora aims to minimize that.Assuming that both girls play optimally, please determine the final score of the tree.InputEach test consists of multiple test cases. The first line contains a single integer $$$t$$$ ($$$1 \leq t \leq 5\cdot 10^4$$$) — the number of test cases. The description of the test cases follows.The first line of each test case contains a single integer $$$n$$$ ($$$2 \leq n \leq 10^5$$$) — the number of vertices in the tree.The following $$$n - 1$$$ lines each contain two integers $$$u$$$ and $$$v$$$ ($$$1 \leq u, v \leq n$$$) — denoting an edge between vertices $$$u$$$ and $$$v$$$.It's guaranteed that the given edges form a tree.The last line contains a string $$$s$$$ of length $$$n$$$. The $$$i$$$-th character of $$$s$$$ represents the value of vertex $$$i$$$. It's guaranteed that $$$s$$$ only contains characters $$$\mathtt{0}$$$, $$$\mathtt{1}$$$ and $$$\mathtt{?}$$$.It is guaranteed that the sum of $$$n$$$ over all test cases doesn't exceed $$$2\cdot 10^5$$$.OutputFor each test case, output a single integer — the final score of the tree.ExampleInput
641 21 34 1010141 23 22 4???051 21 32 42 5?1?0161 22 33 45 33 6?0????51 21 31 41 511?1?22 1??Output
2
1
1
2
1
0
NoteIn the first test case, all the values of the vertices have been determined. There are three different paths from the root to a leaf:  From vertex $$$1$$$ to vertex $$$2$$$. The string formed by the path is $$$\mathtt{01}$$$, so the weight of the leaf is $$$0-1=-1$$$.  From vertex $$$1$$$ to vertex $$$3$$$. The string formed by the path is $$$\mathtt{00}$$$, so the weight of the leaf is $$$0-0=0$$$.  From vertex $$$1$$$ to vertex $$$4$$$. The string formed by the path is $$$\mathtt{01}$$$, so the weight of the leaf is $$$0-1=-1$$$. Thus, there are two leaves with non-zero weight, so the score of the tree is $$$2$$$.In the second test case, one of the sequences of optimal choices for the two players can be:  Iris chooses to change the value of the vertex $$$3$$$ to $$$\mathtt 1$$$.  Dora chooses to change the value of the vertex $$$1$$$ to $$$\mathtt 0$$$.  Iris chooses to change the value of the vertex $$$2$$$ to $$$\mathtt 0$$$. The final tree is as follows:  The only leaf with non-zero weight is $$$3$$$, so the score of the tree is $$$1$$$. Note that this may not be the only sequence of optimal choices for Iris and Dora."
2005E2,Subtangle Game (Hard Version),"data structures, dp, games, greedy, implementation",time limit per test,memory limit per test,"E2. Subtangle Game (Hard Version)time limit per test2 secondsmemory limit per test256 megabytesinputstandard inputoutputstandard outputThis is the hard version of the problem. The differences between the two versions are the constraints on all the variables. You can make hacks only if both versions of the problem are solved.Tsovak and Narek are playing a game. They have an array $$$a$$$ and a matrix $$$b$$$ of integers with $$$n$$$ rows and $$$m$$$ columns, numbered from $$$1$$$. The cell in the $$$i$$$-th row and the $$$j$$$-th column is $$$(i, j)$$$.They are looking for the elements of $$$a$$$ in turns; Tsovak starts first. Each time a player looks for a cell in the matrix containing the current element of $$$a$$$ (Tsovak looks for the first, then Narek looks for the second, etc.). Let's say a player has chosen the cell $$$(r, c)$$$. The next player has to choose his cell in the submatrix starting at $$$(r + 1, c + 1)$$$ and ending in $$$(n, m)$$$ (the submatrix can be empty if $$$r=n$$$ or $$$c=m$$$). If a player cannot find such a cell (or the remaining submatrix is empty) or the array ends (the previous player has chosen the last element), then he loses.Your task is to determine the winner if the players play optimally.Note: since the input is large, you may need to optimize input/output for this problem.For example, in C++, it is enough to use the following lines at the start of the main() function: int main() {    ios_base::sync_with_stdio(false);    cin.tie(NULL); cout.tie(NULL);}InputThe first line of the input contains $$$t$$$ ($$$1 \le t \le 1500$$$) – the number of test cases.The first line of each test case contains three integers $$$l$$$, $$$n$$$, and $$$m$$$ ($$$1 \le l, n, m \le 1500$$$) – the size of the array and the sizes of the matrix.The second line contains $$$l$$$ integers $$$a_1, a_2, a_3, \ldots a_l$$$ ($$$1 \le a_i \le n \cdot m$$$) – the elements of the array $$$a$$$.The $$$i$$$-th of the last $$$n$$$ lines contains $$$m$$$ integers $$$b_{i,1}, b_{i,2}, b_{i,3}, \ldots b_{i,m}$$$ ($$$1 \le b_{i,j} \le n \cdot m$$$) – representing the $$$i$$$-th row of the matrix.It is guaranteed that the sum of $$$n \cdot m$$$ over all test cases does not exceed $$$3 \cdot 10^6$$$.It is guaranteed that the sum of $$$l$$$ over all test cases does not exceed $$$1500$$$.OutputYou should output $$$t$$$ lines, the $$$i$$$-th of them containing a character representing the answer of the $$$i$$$-th test case: ""T"" if Tsovak wins or ""N"", otherwise (without quotes).ExampleInput
32 2 31 21 3 64 6 22 2 41 21 1 3 24 2 5 12 4 21 23 45 67 88 8Output
N
T
N
NoteIn the first example, Tsovak starts by looking for $$$1$$$. There is only one occurrence of $$$1$$$ at $$$(1,1)$$$, so he chooses it. Then Narek needs to look for $$$2$$$ in the submatrix of $$$(2, 2)$$$, which consists of just the last two elements: $$$6$$$ and $$$2$$$. He chooses $$$2$$$, and then Tsovak loses since the array has ended.In the second example, Tsovak needs to choose $$$1$$$. There is a $$$1$$$ at the cell $$$(n,m)$$$, so he chooses that cell. Then, since the submatrix of $$$(n + 1, m + 1)$$$ is empty, Narek cannot find $$$2$$$, so he loses."
2005E1,Subtangle Game (Easy Version),"dp, games, greedy, implementation",time limit per test,memory limit per test,"E1. Subtangle Game (Easy Version)time limit per test2 secondsmemory limit per test256 megabytesinputstandard inputoutputstandard outputThis is the easy version of the problem. The differences between the two versions are the constraints on all the variables. You can make hacks only if both versions of the problem are solved.Tsovak and Narek are playing a game. They have an array $$$a$$$ and a matrix $$$b$$$ of integers with $$$n$$$ rows and $$$m$$$ columns, numbered from $$$1$$$. The cell in the $$$i$$$-th row and the $$$j$$$-th column is $$$(i, j)$$$.They are looking for the elements of $$$a$$$ in turns; Tsovak starts first. Each time a player looks for a cell in the matrix containing the current element of $$$a$$$ (Tsovak looks for the first, then Narek looks for the second, etc.). Let's say a player has chosen the cell $$$(r, c)$$$. The next player has to choose his cell in the submatrix starting at $$$(r + 1, c + 1)$$$ and ending in $$$(n, m)$$$ (the submatrix can be empty if $$$r=n$$$ or $$$c=m$$$). If a player cannot find such a cell (or the remaining submatrix is empty) or the array ends (the previous player has chosen the last element), then he loses.Your task is to determine the winner if the players play optimally.InputThe first line of the input contains $$$t$$$ ($$$1 \le t \le 300$$$) – the number of test cases.The first line of each test case contains three integers $$$l$$$, $$$n$$$, and $$$m$$$ ($$$1 \le l, n, m \le 300$$$) – the size of the array and the sizes of the matrix.The second line contains $$$l$$$ integers $$$a_1, a_2, a_3, \ldots a_l$$$ ($$$1 \le a_i \le \min(7, n \cdot m)$$$) – the elements of the array $$$a$$$.The $$$i$$$-th of the last $$$n$$$ lines contains $$$m$$$ integers $$$b_{i,1}, b_{i,2}, b_{i,3}, \ldots b_{i,m}$$$ ($$$1 \le b_{i,j} \le \min(7, n \cdot m)$$$) – representing the $$$i$$$-th row of the matrix.It is guaranteed that the sum of $$$n \cdot m$$$ over all test cases does not exceed $$$10^5$$$.It is guaranteed that the sum of $$$l$$$ over all test cases does not exceed $$$300$$$.OutputYou should output $$$t$$$ lines, the $$$i$$$-th of them containing a character representing the answer of the $$$i$$$-th test case: ""T"" if Tsovak wins or ""N"", otherwise (without quotes).ExampleInput
32 2 31 21 3 54 5 22 2 41 21 1 3 24 2 5 12 4 21 23 45 55 55 5Output
N
T
NNoteIn the first example, Tsovak starts by looking for $$$1$$$. There is only one occurrence of $$$1$$$ at $$$(1,1)$$$, so he chooses it. Then Narek needs to look for $$$2$$$ in the submatrix of $$$(2, 2)$$$, which consists of just the last two elements: $$$5$$$ and $$$2$$$. He chooses $$$2$$$, and then Tsovak loses since the array has ended.In the second example, Tsovak needs to choose $$$1$$$. There is a $$$1$$$ at the cell $$$(n,m)$$$, so he chooses that cell. Then, since the submatrix of $$$(n + 1, m + 1)$$$ is empty, Narek cannot find $$$2$$$, so he loses."
2005D,Alter the GCD,"binary search, brute force, data structures, divide and conquer, implementation, number theory",time limit per test,memory limit per test,"D. Alter the GCDtime limit per test4 secondsmemory limit per test256 megabytesinputstandard inputoutputstandard outputYou are given two arrays $$$a_1, a_2, \ldots, a_n$$$ and $$$b_1, b_2, \ldots, b_n$$$.You must perform the following operation exactly once:  choose any indices $$$l$$$ and $$$r$$$ such that $$$1 \le l \le r \le n$$$;  swap $$$a_i$$$ and $$$b_i$$$ for all $$$i$$$ such that $$$l \leq i \leq r$$$. Find the maximum possible value of $$$\text{gcd}(a_1, a_2, \ldots, a_n) + \text{gcd}(b_1, b_2, \ldots, b_n)$$$ after performing the operation exactly once. Also find the number of distinct pairs $$$(l, r)$$$ which achieve the maximum value.InputIn the first line of the input, you are given a single integer $$$t$$$ ($$$1 \le t \le 10^5$$$), the number of test cases. Then the description of each test case follows.In the first line of each test case, you are given a single integer $$$n$$$ ($$$1 \le n \le 2 \cdot 10^5$$$), representing the number of integers in each array.In the next line, you are given $$$n$$$ integers $$$a_1, a_2, \ldots, a_n$$$ ($$$1 \le a_i \le 10^9$$$) — the elements of the array $$$a$$$.In the last line, you are given $$$n$$$ integers $$$b_1, b_2, \ldots, b_n$$$ ($$$1 \le b_i \le 10^9$$$) — the elements of the array $$$b$$$.The sum of values of $$$n$$$ over all test cases does not exceed $$$5 \cdot 10^5$$$.OutputFor each test case, output a line with two integers: the maximum value of $$$\text{gcd}(a_1, a_2, \ldots, a_n) + \text{gcd}(b_1, b_2, \ldots, b_n)$$$ after performing the operation exactly once, and the number of ways.ExampleInput
5811 4 16 17 3 24 25 88 10 4 21 17 18 25 2146 4 24 1315 3 1 14213 145 8820 17 15 11 21 10 3 79 9 4 20 14 9 13 1218 1315 20Output
2 36
3 2
2 3
2 36
6 1
NoteIn the first, third, and fourth test cases, there's no way to achieve a higher GCD than $$$1$$$ in any of the arrays, so the answer is $$$1 + 1 = 2$$$. Any pair $$$(l, r)$$$ achieves the same result; for example, in the first test case there are $$$36$$$ such pairs.In the last test case, you must choose $$$l = 1$$$, $$$r = 2$$$ to maximize the answer. In this case, the GCD of the first array is $$$5$$$, and the GCD of the second array is $$$1$$$, so the answer is $$$5 + 1 = 6$$$, and the number of ways is $$$1$$$."
2005C,Lazy Narek,"dp, implementation, strings",time limit per test,memory limit per test,"C. Lazy Narektime limit per test2 secondsmemory limit per test256 megabytesinputstandard inputoutputstandard outputNarek is too lazy to create the third problem of this contest. His friend Artur suggests that he should use ChatGPT. ChatGPT creates $$$n$$$ problems, each consisting of $$$m$$$ letters, so Narek has $$$n$$$ strings. To make the problem harder, he combines the problems by selecting some of the $$$n$$$ strings possibly none and concatenating them without altering their order. His chance of solving the problem is defined as $$$score_n - score_c$$$, where $$$score_n$$$ is Narek's score and $$$score_c$$$ is ChatGPT's score.Narek calculates $$$score_n$$$ by examining the selected string (he moves from left to right). He initially searches for the letter $$$\texttt{""n""}$$$, followed by $$$\texttt{""a""}$$$, $$$\texttt{""r""}$$$, $$$\texttt{""e""}$$$, and $$$\texttt{""k""}$$$. Upon finding all occurrences of these letters, he increments $$$score_n$$$ by $$$5$$$ and resumes searching for $$$\texttt{""n""}$$$ again (he doesn't go back, and he just continues from where he left off). After Narek finishes, ChatGPT scans through the array and increments $$$score_c$$$ by $$$1$$$ for each letter $$$\texttt{""n""}$$$, $$$\texttt{""a""}$$$, $$$\texttt{""r""}$$$, $$$\texttt{""e""}$$$, or $$$\texttt{""k""}$$$ that Narek fails to utilize (note that if Narek fails to complete the last occurrence by finding all of the $$$5$$$ letters, then all of the letters he used are counted in ChatGPT's score $$$score_c$$$, and Narek doesn't get any points if he doesn't finish finding all the 5 letters).Narek aims to maximize the value of $$$score_n - score_c$$$ by selecting the most optimal subset of the initial strings.InputIn the first line of the input, you're given a single integer $$$t$$$ ($$$1 \le t \le 10^5$$$), the number of test cases. Then the description of each test case follows.In the first line of each test case, you're given two integers $$$n, m$$$ ($$$1 \le n, m \le 10^3$$$), the number of strings and the length of each string.In the next $$$n$$$ lines, you're given $$$n$$$ strings, each having a length of $$$m$$$. The strings only contain lowercase letters of the English alphabet.The sum of values of $$$n \cdot m$$$ over all test cases does not exceed $$$10^6$$$.OutputFor each test case, output a single integer: the maximal possible value of $$$score_n - score_c$$$.ExampleInput
45 2nnaarreekk1 5narek1 4nare5 7nrrareknrnekanuuuuuuupppppppnkarekzOutput
0
5
0
7
NoteIn the first test case, one of the optimal answers is when Narek doesn't choose any of the strings, so the answer is $$$0$$$. He can alternatively choose all the strings. In this case, the full string becomes ""nnaarreekk"". Narek can choose the first appearances of all letters and add $$$5$$$ to the score. His opponent will add $$$1$$$ for all second appearances, which will be $$$5$$$ in total. So the answer will be $$$5 - 5 = 0$$$.In the third test case, the only optimal answer is when Narek doesn't choose the string. Note that if he were to choose the string, he wouldn't be able to find the last letter ""k"", so his score would stay at $$$0$$$ instead of becoming $$$5$$$. Then ChatGPT would add $$$4$$$ for all of the $$$4$$$ letters, and the answer would become $$$0 - 4 = -4$$$.In the last test case, Narek needs to choose the first and the last strings. After putting these two next to each other, he gets ""$$${\color{red}{n}}rr{\color{red}{a}}{\color{red}{r}}{\color{red}{e}}{\color{red}{k}}{\color{red}{n}}k{\color{red}{a}}{\color{red}{r}}{\color{red}{e}}{\color{red}{k}}{\color{blue}{z}}$$$"". Narek can choose the letters marked with red and add $$$10$$$ to his score. Since the black colored letters Narek left behind are eligible for the opponent to claim (they are used in the word ""narek""), the opponent adds all other letters to the score and gets a score of $$$3$$$. Therefore, the answer is $$$10 - 3 = 7$$$."
2005B2,The Strict Teacher (Hard Version),"binary search, greedy, math, sortings",time limit per test,memory limit per test,"B2. The Strict Teacher (Hard Version)time limit per test1.5 secondsmemory limit per test256 megabytesinputstandard inputoutputstandard outputThis is the hard version of the problem. The only differences between the two versions are the constraints on $$$m$$$ and $$$q$$$. In this version, $$$m, q \le 10^5$$$. You can make hacks only if both versions of the problem are solved.Narek and Tsovak were busy preparing this round, so they have not managed to do their homework and decided to steal David's homework. Their strict teacher noticed that David has no homework and now wants to punish him. She hires other teachers to help her catch David. And now $$$m$$$ teachers together are chasing him. Luckily, the classroom is big, so David has many places to hide.The classroom can be represented as a one-dimensional line with cells from $$$1$$$ to $$$n$$$, inclusive.At the start, all $$$m$$$ teachers and David are in distinct cells. Then they make moves. During each move   David goes to an adjacent cell or stays at the current one.  Then, each of the $$$m$$$ teachers simultaneously goes to an adjacent cell or stays at the current one. This continues until David is caught. David is caught if any of the teachers (possibly more than one) is located in the same cell as David. Everyone sees others' moves, so they all act optimally.Your task is to find how many moves it will take for the teachers to catch David if they all act optimally.Acting optimally means the student makes his moves in a way that maximizes the number of moves the teachers need to catch him; and the teachers coordinate with each other to make their moves in a way that minimizes the number of moves they need to catch the student.Also, as Narek and Tsovak think this task is easy, they decided to give you $$$q$$$ queries on David's position.InputIn the first line of the input, you are given a single integer $$$t$$$ ($$$1 \le t \le 10^5$$$) — the number of test cases. The description of each test case follows.In the first line of each test case, you are given three integers $$$n$$$, $$$m$$$, and $$$q$$$ ($$$3 \le n \le 10^9$$$, $$$1 \le m, q \le 10^5$$$) — the number of cells on the line, the number of teachers, and the number of queries.In the second line of each test case, you are given $$$m$$$ distinct integers $$$b_1, b_2, \ldots, b_m$$$ ($$$1 \le b_i \le n$$$) — the cell numbers of the teachers.In the third line of each test case, you are given $$$q$$$ integers $$$a_1, a_2, \ldots, a_q$$$ ($$$1 \le a_i \le n$$$) — David's cell number for every query.It is guaranteed that for any $$$i$$$, $$$j$$$ such that $$$1 \le i \le m$$$ and $$$1 \le j \le q$$$, $$$b_i \neq a_j$$$.It is guaranteed that the sum of values of $$$m$$$ over all test cases does not exceed $$$2 \cdot 10^5$$$.It is guaranteed that the sum of values of $$$q$$$ over all test cases does not exceed $$$2 \cdot 10^5$$$.OutputFor each test case, output $$$q$$$ lines, the $$$i$$$-th of them containing the answer of the $$$i$$$-th query.ExampleInput
28 1 16310 3 31 4 82 3 10Output
5
1
1
2
NoteIn the only query of the first example, the student can run to cell $$$1$$$. It will take the teacher five moves to reach from cell $$$6$$$ to cell $$$1$$$, so the answer is $$$5$$$.In the second query of the second example, the student can just stay at cell $$$3$$$. The teacher, initially located in cell $$$4$$$, can reach cell $$$3$$$ in one move. Therefore, the answer is $$$1$$$."
2005B1,The Strict Teacher (Easy Version),"greedy, math, sortings",time limit per test,memory limit per test,"B1. The Strict Teacher (Easy Version)time limit per test1.5 secondsmemory limit per test256 megabytesinputstandard inputoutputstandard outputThis is the easy version of the problem. The only differences between the two versions are the constraints on $$$m$$$ and $$$q$$$. In this version, $$$m=2$$$ and $$$q=1$$$. You can make hacks only if both versions of the problem are solved.Narek and Tsovak were busy preparing this round, so they have not managed to do their homework and decided to steal David's homework. Their strict teacher noticed that David has no homework and now wants to punish him. She hires other teachers to help her catch David. And now $$$m$$$ teachers together are chasing him. Luckily, the classroom is big, so David has many places to hide.The classroom can be represented as a one-dimensional line with cells from $$$1$$$ to $$$n$$$, inclusive.At the start, all $$$m$$$ teachers and David are in distinct cells. Then they make moves. During each move   David goes to an adjacent cell or stays at the current one.  Then, each of the $$$m$$$ teachers simultaneously goes to an adjacent cell or stays at the current one. This continues until David is caught. David is caught if any of the teachers (possibly more than one) is located in the same cell as David. Everyone sees others' moves, so they all act optimally.Your task is to find how many moves it will take for the teachers to catch David if they all act optimally.Acting optimally means the student makes his moves in a way that maximizes the number of moves the teachers need to catch him; and the teachers coordinate with each other to make their moves in a way that minimizes the number of moves they need to catch the student.Also, as Narek and Tsovak think this task is easy, they decided to give you $$$q$$$ queries on David's position. Note: this is the easy version, and you are given only one query.InputIn the first line of the input, you are given a single integer $$$t$$$ ($$$1 \le t \le 10^5$$$) — the number of test cases. The description of each test case follows.In the first line of each test case, you are given three integers $$$n$$$, $$$m$$$, and $$$q$$$ ($$$3 \le n \le 10^9$$$, $$$m=2$$$, $$$q=1$$$) — the number of cells on the line, the number of teachers, and the number of queries.In the second line of each test case, you are given $$$m$$$ distinct integers $$$b_1, b_2, \ldots, b_m$$$ ($$$1 \le b_i \le n$$$) — the cell numbers of the teachers.In the third line of each test case, you are given $$$q$$$ integers $$$a_1, a_2, \ldots, a_q$$$ ($$$1 \le a_i \le n$$$) — David's cell number for every query.It is guaranteed that for any $$$i$$$, $$$j$$$ such that $$$1 \le i \le m$$$ and $$$1 \le j \le q$$$, $$$b_i \neq a_j$$$.OutputFor each test case, output $$$q$$$ lines, the $$$i$$$-th of them containing the answer of the $$$i$$$-th query.ExampleInput
310 2 11 428 2 13 618 2 13 68Output
1
2
2
NoteIn the first example, the student can just stay at cell $$$2$$$. The teacher, initially located in cell $$$1$$$, can reach cell $$$2$$$ in one move. Therefore, the answer is $$$1$$$.In the second example, the student should just stay at cell $$$1$$$. The teacher, initially located in cell $$$3$$$, can reach cell $$$1$$$ in two moves. Therefore, the answer is $$$2$$$."
2005A,Simple Palindrome,"combinatorics, constructive algorithms, greedy, math",time limit per test,memory limit per test,"A. Simple Palindrometime limit per test1 secondmemory limit per test256 megabytesinputstandard inputoutputstandard outputNarek has to spend 2 hours with some 2-year-old kids at the kindergarten. He wants to teach them competitive programming, and their first lesson is about palindromes.Narek found out that the kids only know the vowels of the English alphabet (the letters $$$\mathtt{a}$$$, $$$\mathtt{e}$$$, $$$\mathtt{i}$$$, $$$\mathtt{o}$$$, and $$$\mathtt{u}$$$), so Narek needs to make a string that consists of vowels only. After making the string, he'll ask the kids to count the number of subsequences that are palindromes. Narek wants to keep it simple, so he's looking for a string such that the amount of palindrome subsequences is minimal.Help Narek find a string of length $$$n$$$, consisting of lowercase English vowels only (letters $$$\mathtt{a}$$$, $$$\mathtt{e}$$$, $$$\mathtt{i}$$$, $$$\mathtt{o}$$$, and $$$\mathtt{u}$$$), which minimizes the amount of palindrome$$$^{\dagger}$$$ subsequences$$$^{\ddagger}$$$ in it.$$$^{\dagger}$$$ A string is called a palindrome if it reads the same from left to right and from right to left.$$$^{\ddagger}$$$ String $$$t$$$ is a subsequence of string $$$s$$$ if $$$t$$$ can be obtained from $$$s$$$ by removing several (possibly, zero or all) characters from $$$s$$$ and concatenating the remaining ones, without changing their order. For example, $$$\mathtt{odocs}$$$ is a subsequence of $$$\texttt{c}{\color{red}{\texttt{od}}}\texttt{ef}{\color{red}{\texttt{o}}}\texttt{r}{\color{red}{\texttt{c}}}\texttt{e}{\color{red}{\texttt{s}}}$$$.InputThe first line of the input contains a single integer $$$t$$$ ($$$1 \le t \le 100$$$) — the number of test cases. Subsequently, the description of each test case follows.The only line of each test case contains a single integer $$$n$$$ ($$$1 \le n \le 100$$$) — the size of the string.OutputFor each test case, output any string of length $$$n$$$ that satisfies the above conditions.ExampleInput
3236Output
uo
iae
oeiiua
NoteIn the first example, $$$\texttt{uo}$$$ has only three palindrome subsequences: $$$\texttt{u}$$$, $$$\texttt{o}$$$, and the empty string. It can be shown that there is no better answer.In the third example, $$$\texttt{oeiiua}$$$ has only eight palindrome subsequences: $$$\texttt{o}$$$, $$$\texttt{e}$$$, $$$\texttt{i}$$$, $$$\texttt{i}$$$, $$$\texttt{u}$$$, $$$\texttt{a}$$$, $$$\texttt{ii}$$$, and the empty string. It can be shown that there is no better answer."
2004G,Substring Compression,"data structures, dp, matrices",time limit per test,memory limit per test,"G. Substring Compressiontime limit per test2 secondsmemory limit per test1024 megabytesinputstandard inputoutputstandard outputLet's define the operation of compressing a string $$$t$$$, consisting of at least $$$2$$$ digits from $$$1$$$ to $$$9$$$, as follows:   split it into an even number of non-empty substrings — let these substrings be $$$t_1, t_2, \dots, t_m$$$ (so, $$$t = t_1 + t_2 + \dots + t_m$$$, where $$$+$$$ is the concatenation operation);  write the string $$$t_2$$$ $$$t_1$$$ times, then the string $$$t_4$$$ $$$t_3$$$ times, and so on. For example, for a string ""12345"", one could do the following: split it into (""1"", ""23"", ""4"", ""5""), and write ""235555"".Let the function $$$f(t)$$$ for a string $$$t$$$ return the minimum length of the string that can be obtained as a result of that process.You are given a string $$$s$$$, consisting of $$$n$$$ digits from $$$1$$$ to $$$9$$$, and an integer $$$k$$$. Calculate the value of the function $$$f$$$ for all contiguous substrings of $$$s$$$ of length exactly $$$k$$$.InputThe first line contains two integers $$$n$$$ and $$$k$$$ ($$$2 \le k \le n \le 2 \cdot 10^5$$$).The second line contains the string $$$s$$$ ($$$|s| = n$$$), consisting only of digits from $$$1$$$ to $$$9$$$.OutputOutput $$$n - k + 1$$$ integers — $$$f(s_{1,k}), f(s_{2,k+1}), \dots, f(s_{n - k + 1, n})$$$.ExamplesInput
4 45999Output
14 
Input
10 31111111111Output
2 2 2 2 2 2 2 2 
Input
11 449998641312Output
12 18 17 15 12 7 7 2"
2004F,Make a Palindrome,"binary search, brute force, data structures, greedy, math",time limit per test,memory limit per test,"F. Make a Palindrometime limit per test5 secondsmemory limit per test512 megabytesinputstandard inputoutputstandard outputYou are given an array $$$a$$$ consisting of $$$n$$$ integers.Let the function $$$f(b)$$$ return the minimum number of operations needed to make an array $$$b$$$ a palindrome. The operations you can make are:  choose two adjacent elements $$$b_i$$$ and $$$b_{i+1}$$$, remove them, and replace them with a single element equal to $$$(b_i + b_{i + 1})$$$;  or choose an element $$$b_i > 1$$$, remove it, and replace it with two positive integers $$$x$$$ and $$$y$$$ ($$$x > 0$$$ and $$$y > 0$$$) such that $$$x + y = b_i$$$. For example, from an array $$$b=[2, 1, 3]$$$, you can obtain the following arrays in one operation: $$$[1, 1, 1, 3]$$$, $$$[2, 1, 1, 2]$$$, $$$[3, 3]$$$, $$$[2, 4]$$$, or $$$[2, 1, 2, 1]$$$.Calculate $$$\displaystyle \left(\sum_{1 \le l \le r \le n}{f(a[l..r])}\right)$$$, where $$$a[l..r]$$$ is the subarray of $$$a$$$ from index $$$l$$$ to index $$$r$$$, inclusive. In other words, find the sum of the values of the function $$$f$$$ for all subarrays of the array $$$a$$$.InputThe first line contains a single integer $$$t$$$ ($$$1 \le t \le 1000$$$) — the number of test cases.The first line of each test case contains a single integer $$$n$$$ ($$$1 \le n \le 2000$$$).The second line contains $$$n$$$ integers $$$a_1, a_2, \dots, a_n$$$ ($$$1 \le a_i \le 10^5$$$).Additional constraint on the input: the sum of $$$n$$$ over all test cases does not exceed $$$2000$$$.OutputFor each test case, print a single integer — the sum of the values of the function $$$f$$$ for all subarrays of the array $$$a$$$.ExampleInput
432 1 341 1 1 154 2 3 1 541 2 1 2Output
3
0
14
5"
2004E,Not a Nim Problem,"brute force, games, math, number theory",time limit per test,memory limit per test,"E. Not a Nim Problemtime limit per test2 secondsmemory limit per test512 megabytesinputstandard inputoutputstandard outputTwo players, Alice and Bob, are playing a game. They have $$$n$$$ piles of stones, with the $$$i$$$-th pile initially containing $$$a_i$$$ stones.On their turn, a player can choose any pile of stones and take any positive number of stones from it, with one condition:  let the current number of stones in the pile be $$$x$$$. It is not allowed to take from the pile a number of stones $$$y$$$ such that the greatest common divisor of $$$x$$$ and $$$y$$$ is not equal to $$$1$$$. The player who cannot make a move loses. Both players play optimally (that is, if a player has a strategy that allows them to win, no matter how the opponent responds, they will win). Alice goes first.Determine who will win.InputThe first line contains a single integer $$$t$$$ ($$$1 \le t \le 10^4$$$) — the number of test cases.Each test case consists of two lines:  the first line contains a single integer $$$n$$$ ($$$1 \le n \le 3 \cdot 10^5$$$);  the second line contains $$$n$$$ integers $$$a_1, a_2, \dots, a_n$$$ ($$$1 \le a_i \le 10^7$$$). Additional constraint on the input: the sum of $$$n$$$ across all test cases does not exceed $$$3 \cdot 10^5$$$.OutputFor each test case, output Alice if Alice wins, or Bob if Bob wins.ExampleInput
333 2 943 3 6 151 2 3 4 5Output
Bob
Alice
Bob"
2004D,Colored Portals,"binary search, brute force, data structures, graphs, greedy, implementation, shortest paths",time limit per test,memory limit per test,"D. Colored Portalstime limit per test2 secondsmemory limit per test256 megabytesinputstandard inputoutputstandard outputThere are $$$n$$$ cities located on a straight line. The cities are numbered from $$$1$$$ to $$$n$$$.Portals are used to move between cities. There are $$$4$$$ colors of portals: blue, green, red, and yellow. Each city has portals of two different colors. You can move from city $$$i$$$ to city $$$j$$$ if they have portals of the same color (for example, you can move between a ""blue-red"" city and a ""blue-green"" city). This movement costs $$$|i-j|$$$ coins.Your task is to answer $$$q$$$ independent queries: calculate the minimum cost to move from city $$$x$$$ to city $$$y$$$.InputThe first line contains a single integer $$$t$$$ ($$$1 \le t \le 10^4$$$) — the number of test cases.The first line of each test case contains two integers $$$n$$$ and $$$q$$$ ($$$1 \le n, q \le 2 \cdot 10^5$$$) — the number of cities and the number of queries, respectively.The second line contains $$$n$$$ strings of the following types: BG, BR, BY, GR, GY, or RY; the $$$i$$$-th of them describes the portals located in the $$$i$$$-th city; the symbol B indicates that there is a blue portal in the city, G — green, R — red, and Y — yellow.The $$$j$$$-th of the next $$$q$$$ lines contains two integers $$$x_j$$$ and $$$y_j$$$ ($$$1 \le x_j, y_j \le n$$$) — the description of the $$$j$$$-th query.Additional constraints on the input:   the sum of $$$n$$$ over all test cases does not exceed $$$2 \cdot 10^5$$$;  the sum of $$$q$$$ over all test cases does not exceed $$$2 \cdot 10^5$$$. OutputFor each query, print a single integer — the minimum cost to move from city $$$x$$$ to city $$$y$$$ (or $$$-1$$$ if it is impossible).ExampleInput
24 5BR BR GY GR1 23 14 41 44 22 1BG RY1 2Output
1
4
0
3
2
-1"
2004C,Splitting Items,"games, greedy, sortings",time limit per test,memory limit per test,"C. Splitting Itemstime limit per test2 secondsmemory limit per test256 megabytesinputstandard inputoutputstandard outputAlice and Bob have $$$n$$$ items they'd like to split between them, so they decided to play a game. All items have a cost, and the $$$i$$$-th item costs $$$a_i$$$. Players move in turns starting from Alice.In each turn, the player chooses one of the remaining items and takes it. The game goes on until no items are left.Let's say that $$$A$$$ is the total cost of items taken by Alice and $$$B$$$ is the total cost of Bob's items. The resulting score of the game then will be equal to $$$A - B$$$.Alice wants to maximize the score, while Bob wants to minimize it. Both Alice and Bob will play optimally.But the game will take place tomorrow, so today Bob can modify the costs a little. He can increase the costs $$$a_i$$$ of several (possibly none or all) items by an integer value (possibly, by the same value or by different values for each item). However, the total increase must be less than or equal to $$$k$$$. Otherwise, Alice may suspect something. Note that Bob can't decrease costs, only increase.What is the minimum possible score Bob can achieve?InputThe first line contains a single integer $$$t$$$ ($$$1 \le t \le 5000$$$) — the number of test cases. Then $$$t$$$ cases follow.The first line of each test case contains two integers $$$n$$$ and $$$k$$$ ($$$2 \le n \le 2 \cdot 10^5$$$; $$$0 \le k \le 10^9$$$) — the number of items and the maximum total increase Bob can make.The second line of each test case contains $$$n$$$ integers $$$a_1, a_2, \dots, a_n$$$ ($$$1 \le a_i \le 10^9$$$) — the initial costs of the items.It's guaranteed that the sum of $$$n$$$ over all test cases doesn't exceed $$$2 \cdot 10^5$$$.OutputFor each test case, print a single integer — the minimum possible score $$$A - B$$$ after Bob increases the costs of several (possibly none or all) items.ExampleInput
42 51 103 010 15 124 63 1 2 42 46 9Output
4
13
0
0
NoteIn the first test case, Bob can increase $$$a_1$$$ by $$$5$$$, making costs equal to $$$[6, 10]$$$. Tomorrow, Alice will take $$$10$$$ and Bob will take $$$6$$$. The total score will be equal to $$$10 - 6 = 4$$$, and it's the minimum possible.In the second test case, Bob can't change costs. So the score will be equal to $$$(15 + 10) - 12 = 13$$$, since Alice will take $$$15$$$, Bob will take $$$12$$$, and Alice — $$$10$$$.In the third test case, Bob, for example, can increase $$$a_1$$$ by $$$1$$$, $$$a_2$$$ by $$$3$$$, and $$$a_3$$$ by $$$2$$$. The total change is equal to $$$1 + 3 + 2 \le 6$$$ and costs will be equal to $$$[4, 4, 4, 4]$$$. Obviously, the score will be equal to $$$(4 + 4) - (4 + 4) = 0$$$.In the fourth test case, Bob can increase $$$a_1$$$ by $$$3$$$, making costs equal to $$$[9, 9]$$$. The score will be equal to $$$9 - 9 = 0$$$."
2004B,Game with Doors,"brute force, greedy",time limit per test,memory limit per test,"B. Game with Doorstime limit per test2 secondsmemory limit per test256 megabytesinputstandard inputoutputstandard outputThere are $$$100$$$ rooms arranged in a row and $$$99$$$ doors between them; the $$$i$$$-th door connects rooms $$$i$$$ and $$$i+1$$$. Each door can be either locked or unlocked. Initially, all doors are unlocked.We say that room $$$x$$$ is reachable from room $$$y$$$ if all doors between them are unlocked.You know that:   Alice is in some room from the segment $$$[l, r]$$$;  Bob is in some room from the segment $$$[L, R]$$$;  Alice and Bob are in different rooms. However, you don't know the exact rooms they are in.You don't want Alice and Bob to be able to reach each other, so you are going to lock some doors to prevent that. What's the smallest number of doors you have to lock so that Alice and Bob cannot meet, regardless of their starting positions inside the given segments?InputThe first line contains a single integer $$$t$$$ ($$$1 \le t \le 10^4$$$) — the number of test cases.The first line of each test case contains two integers $$$l$$$ and $$$r$$$ ($$$1 \le l < r \le 100$$$) — the bounds of the segment of rooms where Alice is located.The second line of each test case contains two integers $$$L$$$ and $$$R$$$ ($$$1 \le L < R \le 100$$$) — the bounds of the segment of rooms where Bob is located.OutputFor each test case, print a single integer — the smallest number of doors you have to lock so that Alice and Bob cannot meet, regardless of their starting positions inside the given segments.ExampleInput
41 23 42 52 53 76 74 52 8Output
1
3
2
3
NoteIn the first test case, it is sufficient to lock the door between rooms $$$2$$$ and $$$3$$$.In the second test case, the following doors have to be locked: $$$(2,3)$$$, $$$(3,4)$$$, $$$(4,5)$$$.In the third test case, the following doors have to be locked: $$$(5, 6)$$$ and $$$(6,7)$$$."
2004A,Closest Point,"implementation, math",time limit per test,memory limit per test,"A. Closest Pointtime limit per test2 secondsmemory limit per test512 megabytesinputstandard inputoutputstandard outputConsider a set of points on a line. The distance between two points $$$i$$$ and $$$j$$$ is $$$|i - j|$$$.The point $$$i$$$ from the set is the closest to the point $$$j$$$ from the set, if there is no other point $$$k$$$ in the set such that the distance from $$$j$$$ to $$$k$$$ is strictly less than the distance from $$$j$$$ to $$$i$$$. In other words, all other points from the set have distance to $$$j$$$ greater or equal to $$$|i - j|$$$.For example, consider a set of points $$$\{1, 3, 5, 8\}$$$:  for the point $$$1$$$, the closest point is $$$3$$$ (other points have distance greater than $$$|1-3| = 2$$$);  for the point $$$3$$$, there are two closest points: $$$1$$$ and $$$5$$$;  for the point $$$5$$$, the closest point is $$$3$$$ (but not $$$8$$$, since its distance is greater than $$$|3-5|$$$);  for the point $$$8$$$, the closest point is $$$5$$$. You are given a set of points. You have to add an integer point into this set in such a way that it is different from every existing point in the set, and it becomes the closest point to every point in the set. Is it possible?InputThe first line contains one integer $$$t$$$ ($$$1 \le t \le 1000$$$) — the number of test cases.Each test case consists of two lines:  the first line contains one integer $$$n$$$ ($$$2 \le n \le 40$$$) — the number of points in the set;  the second line contains $$$n$$$ integers $$$x_1, x_2, \dots, x_n$$$ ($$$1 \le x_1 < x_2 < \dots < x_n \le 100$$$) — the points from the set. OutputFor each test case, print YES if it is possible to add a new point according to the conditions from the statement. Otherwise, print NO.ExampleInput
323 825 661 2 3 4 5 10Output
YES
NO
NO
NoteIn the first example, the point $$$7$$$ will be the closest to both $$$3$$$ and $$$8$$$.In the second example, it is impossible to add an integer point so that it becomes the closest to both $$$5$$$ and $$$6$$$, and is different from both of them."
2003F,Turtle and Three Sequences,"brute force, data structures, dp, greedy, math, probabilities, two pointers",time limit per test,memory limit per test,"F. Turtle and Three Sequencestime limit per test3 secondsmemory limit per test256 megabytesinputstandard inputoutputstandard outputPiggy gives Turtle three sequences $$$a_1, a_2, \ldots, a_n$$$, $$$b_1, b_2, \ldots, b_n$$$, and $$$c_1, c_2, \ldots, c_n$$$.Turtle will choose a subsequence of $$$1, 2, \ldots, n$$$ of length $$$m$$$, let it be $$$p_1, p_2, \ldots, p_m$$$. The subsequence should satisfy the following conditions:  $$$a_{p_1} \le a_{p_2} \le \cdots \le a_{p_m}$$$;  All $$$b_{p_i}$$$ for all indices $$$i$$$ are pairwise distinct, i.e., there don't exist two different indices $$$i$$$, $$$j$$$ such that $$$b_{p_i} = b_{p_j}$$$. Help him find the maximum value of $$$\sum\limits_{i = 1}^m c_{p_i}$$$, or tell him that it is impossible to choose a subsequence of length $$$m$$$ that satisfies the conditions above.Recall that a sequence $$$a$$$ is a subsequence of a sequence $$$b$$$ if $$$a$$$ can be obtained from $$$b$$$ by the deletion of several (possibly, zero or all) elements.InputThe first line contains two integers $$$n$$$ and $$$m$$$ ($$$1 \le n \le 3000$$$, $$$1 \le m \le 5$$$) — the lengths of the three sequences and the required length of the subsequence.The second line contains $$$n$$$ integers $$$a_1, a_2, \ldots, a_n$$$ ($$$1 \le a_i \le n$$$) — the elements of the sequence $$$a$$$.The third line contains $$$n$$$ integers $$$b_1, b_2, \ldots, b_n$$$ ($$$1 \le b_i \le n$$$) — the elements of the sequence $$$b$$$.The fourth line contains $$$n$$$ integers $$$c_1, c_2, \ldots, c_n$$$ ($$$1 \le c_i \le 10^4$$$) — the elements of the sequence $$$c$$$.OutputOutput a single integer — the maximum value of $$$\sum\limits_{i = 1}^m c_{p_i}$$$. If it is impossible to choose a subsequence of length $$$m$$$ that satisfies the conditions above, output $$$-1$$$.ExamplesInput
4 22 3 4 21 3 3 21 4 2 3Output
5
Input
7 31 4 5 2 3 6 71 2 2 1 1 3 21 5 6 7 3 2 4Output
13
Input
5 31 2 3 4 51 1 2 1 25 4 3 2 1Output
-1
NoteIn the first example, we can choose $$$p = [1, 2]$$$, then $$$c_{p_1} + c_{p_2} = 1 + 4 = 5$$$. We can't choose $$$p = [2, 4]$$$ since $$$a_2 > a_4$$$, violating the first condition. We can't choose $$$p = [2, 3]$$$ either since $$$b_2 = b_3$$$, violating the second condition. We can choose $$$p = [1, 4]$$$, but $$$c_1 + c_4 = 4$$$, which isn't maximum.In the second example, we can choose $$$p = [4, 6, 7]$$$.In the third example, it is impossible to choose a subsequence of length $$$3$$$ that satisfies both of the conditions."
2003E2,Turtle and Inversions (Hard Version),"brute force, data structures, divide and conquer, dp, greedy, math, two pointers",time limit per test,memory limit per test,"E2. Turtle and Inversions (Hard Version)time limit per test2 secondsmemory limit per test512 megabytesinputstandard inputoutputstandard outputThis is a hard version of this problem. The differences between the versions are the constraint on $$$m$$$ and $$$r_i < l_{i + 1}$$$ holds for each $$$i$$$ from $$$1$$$ to $$$m - 1$$$ in the easy version. You can make hacks only if both versions of the problem are solved.Turtle gives you $$$m$$$ intervals $$$[l_1, r_1], [l_2, r_2], \ldots, [l_m, r_m]$$$. He thinks that a permutation $$$p$$$ is interesting if there exists an integer $$$k_i$$$ for every interval ($$$l_i \le k_i < r_i$$$), and if he lets $$$a_i = \max\limits_{j = l_i}^{k_i} p_j, b_i = \min\limits_{j = k_i + 1}^{r_i} p_j$$$ for every integer $$$i$$$ from $$$1$$$ to $$$m$$$, the following condition holds:$$$$$$\max\limits_{i = 1}^m a_i < \min\limits_{i = 1}^m b_i$$$$$$Turtle wants you to calculate the maximum number of inversions of all interesting permutations of length $$$n$$$, or tell him if there is no interesting permutation.An inversion of a permutation $$$p$$$ is a pair of integers $$$(i, j)$$$ ($$$1 \le i < j \le n$$$) such that $$$p_i > p_j$$$.InputEach test contains multiple test cases. The first line contains the number of test cases $$$t$$$ ($$$1 \le t \le 10^3$$$). The description of the test cases follows.The first line of each test case contains two integers $$$n, m$$$ ($$$2 \le n \le 5 \cdot 10^3, 0 \le m \le 5 \cdot 10^3$$$) — the length of the permutation and the number of intervals.The $$$i$$$-th of the following $$$m$$$ lines contains two integers $$$l_i, r_i$$$ ($$$1 \le l_i < r_i \le n$$$) — the $$$i$$$-th interval. Note that there may exist identical intervals (i.e., there may exist two different indices $$$i, j$$$ such that $$$l_i = l_j$$$ and $$$r_i = r_j$$$).It is guaranteed that the sum of $$$n$$$ over all test cases does not exceed $$$5 \cdot 10^3$$$ and the sum of $$$m$$$ over all test cases does not exceed $$$5 \cdot 10^3$$$.OutputFor each test case, if there is no interesting permutation, output a single integer $$$-1$$$.Otherwise, output a single integer — the maximum number of inversions.ExampleInput
82 02 11 25 12 48 31 42 57 87 21 44 77 31 21 73 77 41 34 71 34 77 31 23 45 6Output
1
0
8
18
-1
-1
15
15
NoteIn the third test case, the interesting permutation with the maximum number of inversions is $$$[5, 2, 4, 3, 1]$$$.In the fourth test case, the interesting permutation with the maximum number of inversions is $$$[4, 3, 8, 7, 6, 2, 1, 5]$$$. In this case, we can let $$$[k_1, k_2, k_3] = [2, 2, 7]$$$.In the fifth and the sixth test case, it can be proven that there is no interesting permutation.In the seventh test case, the interesting permutation with the maximum number of inversions is $$$[4, 7, 6, 3, 2, 1, 5]$$$. In this case, we can let $$$[k_1, k_2, k_3, k_4] = [1, 6, 1, 6]$$$.In the eighth test case, the interesting permutation with the maximum number of inversions is $$$[4, 7, 3, 6, 2, 5, 1]$$$."
2003E1,Turtle and Inversions (Easy Version),"brute force, divide and conquer, dp, greedy, math",time limit per test,memory limit per test,"E1. Turtle and Inversions (Easy Version)time limit per test2 secondsmemory limit per test512 megabytesinputstandard inputoutputstandard outputThis is an easy version of this problem. The differences between the versions are the constraint on $$$m$$$ and $$$r_i < l_{i + 1}$$$ holds for each $$$i$$$ from $$$1$$$ to $$$m - 1$$$ in the easy version. You can make hacks only if both versions of the problem are solved.Turtle gives you $$$m$$$ intervals $$$[l_1, r_1], [l_2, r_2], \ldots, [l_m, r_m]$$$. He thinks that a permutation $$$p$$$ is interesting if there exists an integer $$$k_i$$$ for every interval ($$$l_i \le k_i < r_i$$$), and if he lets $$$a_i = \max\limits_{j = l_i}^{k_i} p_j, b_i = \min\limits_{j = k_i + 1}^{r_i} p_j$$$ for every integer $$$i$$$ from $$$1$$$ to $$$m$$$, the following condition holds:$$$$$$\max\limits_{i = 1}^m a_i < \min\limits_{i = 1}^m b_i$$$$$$Turtle wants you to calculate the maximum number of inversions of all interesting permutations of length $$$n$$$, or tell him if there is no interesting permutation.An inversion of a permutation $$$p$$$ is a pair of integers $$$(i, j)$$$ ($$$1 \le i < j \le n$$$) such that $$$p_i > p_j$$$.InputEach test contains multiple test cases. The first line contains the number of test cases $$$t$$$ ($$$1 \le t \le 10^3$$$). The description of the test cases follows.The first line of each test case contains two integers $$$n, m$$$ ($$$2 \le n \le 5 \cdot 10^3, 0 \le m \le \frac{n}{2}$$$) — the length of the permutation and the number of intervals.The $$$i$$$-th of the following $$$m$$$ lines contains two integers $$$l_i, r_i$$$ ($$$1 \le l_i < r_i \le n$$$) — the $$$i$$$-th interval.Additional constraint on the input in this version: $$$r_i < l_{i + 1}$$$ holds for each $$$i$$$ from $$$1$$$ to $$$m - 1$$$.It is guaranteed that the sum of $$$n$$$ over all test cases does not exceed $$$5 \cdot 10^3$$$.OutputFor each test case, if there is no interesting permutation, output a single integer $$$-1$$$.Otherwise, output a single integer — the maximum number of inversions.ExampleInput
62 02 11 25 12 48 21 46 87 21 34 77 31 23 45 6Output
1
0
8
21
15
15
NoteIn the third test case, the interesting permutation with the maximum number of inversions is $$$[5, 2, 4, 3, 1]$$$.In the fourth test case, the interesting permutation with the maximum number of inversions is $$$[4, 8, 7, 6, 3, 2, 1, 5]$$$. In this case, we can let $$$[k_1, k_2] = [1, 7]$$$.In the fifth test case, the interesting permutation with the maximum number of inversions is $$$[4, 7, 6, 3, 2, 1, 5]$$$.In the sixth test case, the interesting permutation with the maximum number of inversions is $$$[4, 7, 3, 6, 2, 5, 1]$$$."
2003D2,Turtle and a MEX Problem (Hard Version),"dfs and similar, dp, graphs, greedy, implementation, math",time limit per test,memory limit per test,"D2. Turtle and a MEX Problem (Hard Version)time limit per test2 secondsmemory limit per test256 megabytesinputstandard inputoutputstandard outputThe two versions are different problems. In this version of the problem, you can't choose the same integer twice or more. You can make hacks only if both versions are solved.One day, Turtle was playing with $$$n$$$ sequences. Let the length of the $$$i$$$-th sequence be $$$l_i$$$. Then the $$$i$$$-th sequence was $$$a_{i, 1}, a_{i, 2}, \ldots, a_{i, l_i}$$$.Piggy gave Turtle a problem to solve when Turtle was playing. The statement of the problem was:  There was a non-negative integer $$$x$$$ at first. Turtle would perform an arbitrary number (possibly zero) of operations on the integer.  In each operation, Turtle could choose an integer $$$i$$$ such that $$$1 \le i \le n$$$ and $$$i$$$ wasn't chosen before, and set $$$x$$$ to $$$\text{mex}^{\dagger}(x, a_{i, 1}, a_{i, 2}, \ldots, a_{i, l_i})$$$.  Turtle was asked to find the answer, which was the maximum value of $$$x$$$ after performing an arbitrary number of operations. Turtle solved the above problem without difficulty. He defined $$$f(k)$$$ as the answer to the above problem when the initial value of $$$x$$$ was $$$k$$$.Then Piggy gave Turtle a non-negative integer $$$m$$$ and asked Turtle to find the value of $$$\sum\limits_{i = 0}^m f(i)$$$ (i.e., the value of $$$f(0) + f(1) + \ldots + f(m)$$$). Unfortunately, he couldn't solve this problem. Please help him!$$$^{\dagger}\text{mex}(c_1, c_2, \ldots, c_k)$$$ is defined as the smallest non-negative integer $$$x$$$ which does not occur in the sequence $$$c$$$. For example, $$$\text{mex}(2, 2, 0, 3)$$$ is $$$1$$$, $$$\text{mex}(1, 2)$$$ is $$$0$$$.InputEach test contains multiple test cases. The first line contains the number of test cases $$$t$$$ ($$$1 \le t \le 10^4$$$). The description of the test cases follows.The first line of each test case contains two integers $$$n, m$$$ ($$$1 \le n \le 2 \cdot 10^5, 0 \le m \le 10^9$$$).Each of the following $$$n$$$ lines contains several integers. The first integer $$$l_i$$$ ($$$1 \le l_i \le 2 \cdot 10^5$$$) represents the length of the $$$i$$$-th sequence, and the following $$$l_i$$$ integers $$$a_{i, 1}, a_{i, 2}, \ldots, a_{i, l_i}$$$ ($$$0 \le a_{i, j} \le 10^9$$$) represent the elements of the $$$i$$$-th sequence.It is guaranteed that the sum of $$$n$$$ over all test cases does not exceed $$$2 \cdot 10^5$$$ and the sum of $$$\sum l_i$$$ over all test cases does not exceed $$$2 \cdot 10^5$$$.OutputFor each test case, output a single integer — the value of $$$\sum\limits_{i = 0}^m f(i)$$$.ExampleInput
63 42 0 23 2 3 34 7 0 1 53 45 0 2 0 4 111 15 1 3 0 3 32 502 1 22 1 21 17 1 2 4 1 4 9 54 1145142 2 25 7 3 6 0 33 0 1 15 0 9 2 1 55 19198101 22 324003 03 1416324 2 14607284 1312631 2 0 14151955 1223554 192248 2 1492515 725556Output
16
18
1281
4
6556785365
1842836177961
NoteIn the first test case, when $$$x$$$ is initially $$$2$$$, Turtle can choose $$$i = 3$$$ and set $$$x$$$ to $$$\text{mex}(x, a_{3, 1}, a_{3, 2}, a_{3, 3}, a_{3, 4}) = \text{mex}(2, 7, 0, 1, 5) = 3$$$. It can be proved that Turtle can't make the value of $$$x$$$ greater than $$$3$$$, so $$$f(2) = 3$$$.It can be seen that $$$f(0) = 3$$$, $$$f(1) = 3$$$, $$$f(2) = 3$$$, $$$f(3) = 3$$$, and $$$f(4) = 4$$$. So $$$f(0) + f(1) + f(2) + f(3) + f(4) = 3 + 3 + 3 + 3 + 4 = 16$$$.In the second test case, when $$$x$$$ is initially $$$1$$$, Turtle can choose $$$i = 1$$$ and set $$$x$$$ to $$$\text{mex}(x, a_{1, 1}, a_{1, 2}, a_{1, 3}, a_{1, 4}, a_{1, 5}) = \text{mex}(1, 0, 2, 0, 4, 11) = 3$$$. It can be proved that Turtle can't make the value of $$$x$$$ greater than $$$3$$$, so $$$f(1) = 3$$$.It can be seen that $$$f(0) = 4$$$, $$$f(1) = 3$$$, $$$f(2) = 4$$$, $$$f(3) = 3$$$, and $$$f(4) = 4$$$. So $$$f(0) + f(1) + f(2) + f(3) + f(4) = 4 + 3 + 4 + 3 + 4 = 18$$$.In the fourth test case, it can be seen that $$$f(0) = 3$$$ and $$$f(1) = 1$$$. So $$$f(0) + f(1) = 3 + 1 = 4$$$."
2003D1,Turtle and a MEX Problem (Easy Version),"greedy, math",time limit per test,memory limit per test,"D1. Turtle and a MEX Problem (Easy Version)time limit per test2 secondsmemory limit per test256 megabytesinputstandard inputoutputstandard outputThe two versions are different problems. In this version of the problem, you can choose the same integer twice or more. You can make hacks only if both versions are solved.One day, Turtle was playing with $$$n$$$ sequences. Let the length of the $$$i$$$-th sequence be $$$l_i$$$. Then the $$$i$$$-th sequence was $$$a_{i, 1}, a_{i, 2}, \ldots, a_{i, l_i}$$$.Piggy gave Turtle a problem to solve when Turtle was playing. The statement of the problem was:  There was a non-negative integer $$$x$$$ at first. Turtle would perform an arbitrary number (possibly zero) of operations on the integer.  In each operation, Turtle could choose an integer $$$i$$$ such that $$$1 \le i \le n$$$, and set $$$x$$$ to $$$\text{mex}^{\dagger}(x, a_{i, 1}, a_{i, 2}, \ldots, a_{i, l_i})$$$.  Turtle was asked to find the answer, which was the maximum value of $$$x$$$ after performing an arbitrary number of operations. Turtle solved the above problem without difficulty. He defined $$$f(k)$$$ as the answer to the above problem when the initial value of $$$x$$$ was $$$k$$$.Then Piggy gave Turtle a non-negative integer $$$m$$$ and asked Turtle to find the value of $$$\sum\limits_{i = 0}^m f(i)$$$ (i.e., the value of $$$f(0) + f(1) + \ldots + f(m)$$$). Unfortunately, he couldn't solve this problem. Please help him!$$$^{\dagger}\text{mex}(c_1, c_2, \ldots, c_k)$$$ is defined as the smallest non-negative integer $$$x$$$ which does not occur in the sequence $$$c$$$. For example, $$$\text{mex}(2, 2, 0, 3)$$$ is $$$1$$$, $$$\text{mex}(1, 2)$$$ is $$$0$$$.InputEach test contains multiple test cases. The first line contains the number of test cases $$$t$$$ ($$$1 \le t \le 10^4$$$). The description of the test cases follows.The first line of each test case contains two integers $$$n, m$$$ ($$$1 \le n \le 2 \cdot 10^5, 0 \le m \le 10^9$$$).Each of the following $$$n$$$ lines contains several integers. The first integer $$$l_i$$$ ($$$1 \le l_i \le 2 \cdot 10^5$$$) represents the length of the $$$i$$$-th sequence, and the following $$$l_i$$$ integers $$$a_{i, 1}, a_{i, 2}, \ldots, a_{i, l_i}$$$ ($$$0 \le a_{i, j} \le 10^9$$$) represent the elements of the $$$i$$$-th sequence.It is guaranteed that the sum of $$$n$$$ over all test cases does not exceed $$$2 \cdot 10^5$$$, and the sum of $$$\sum l_i$$$ over all test cases does not exceed $$$2 \cdot 10^5$$$.OutputFor each test case, output a single integer — the value of $$$\sum\limits_{i = 0}^m f(i)$$$.ExampleInput
63 42 0 23 2 3 34 7 0 1 53 45 0 2 0 4 111 15 1 3 0 3 32 502 1 22 1 21 17 1 2 4 1 4 9 54 1145142 2 25 7 3 6 0 33 0 1 15 0 9 2 1 55 19198101 22 324003 03 1416324 2 14607284 1312631 2 0 14151955 1223554 192248 2 1492515 725556Output
16
20
1281
6
6556785365
1842836177961
NoteIn the first test case, when $$$x$$$ is initially $$$2$$$, Turtle can choose $$$i = 3$$$ and set $$$x$$$ to $$$\text{mex}(x, a_{3, 1}, a_{3, 2}, a_{3, 3}, a_{3, 4}) = \text{mex}(2, 7, 0, 1, 5) = 3$$$. It can be proved that Turtle can't make the value of $$$x$$$ greater than $$$3$$$, so $$$f(2) = 3$$$.It can be seen that $$$f(0) = 3$$$, $$$f(1) = 3$$$, $$$f(2) = 3$$$, $$$f(3) = 3$$$, and $$$f(4) = 4$$$. So $$$f(0) + f(1) + f(2) + f(3) + f(4) = 3 + 3 + 3 + 3 + 4 = 16$$$.In the second test case, when $$$x$$$ is initially $$$1$$$, Turtle can choose $$$i = 3$$$ and set $$$x$$$ to $$$\text{mex}(x, a_{3, 1}, a_{3, 2}, a_{3, 3}, a_{3, 4}, a_{3, 5}) = \text{mex}(1, 1, 3, 0, 3, 3) = 2$$$, and choose $$$i = 3$$$ and set $$$x$$$ to $$$\text{mex}(x, a_{3, 1}, a_{3, 2}, a_{3, 3}, a_{3, 4}, a_{3, 5}) = \text{mex}(2, 1, 3, 0, 3, 3) = 4$$$. It can be proved that Turtle can't make the value of $$$x$$$ greater than $$$4$$$, so $$$f(1) = 4$$$.It can be seen that $$$f(0) = 4$$$, $$$f(1) = 4$$$, $$$f(2) = 4$$$, $$$f(3) = 4$$$, and $$$f(4) = 4$$$. So $$$f(0) + f(1) + f(2) + f(3) + f(4) = 4 + 4 + 4 + 4 + 4 = 20$$$.In the fourth test case, it can be seen that $$$f(0) = 3$$$ and $$$f(1) = 3$$$. So $$$f(0) + f(1) = 3 + 3 = 6$$$."
2003C,Turtle and Good Pairs,"constructive algorithms, greedy, sortings, strings",time limit per test,memory limit per test,"C. Turtle and Good Pairstime limit per test2 secondsmemory limit per test256 megabytesinputstandard inputoutputstandard outputTurtle gives you a string $$$s$$$, consisting of lowercase Latin letters.Turtle considers a pair of integers $$$(i, j)$$$ ($$$1 \le i < j \le n$$$) to be a pleasant pair if and only if there exists an integer $$$k$$$ such that $$$i \le k < j$$$ and both of the following two conditions hold:  $$$s_k \ne s_{k + 1}$$$;  $$$s_k \ne s_i$$$ or $$$s_{k + 1} \ne s_j$$$. Besides, Turtle considers a pair of integers $$$(i, j)$$$ ($$$1 \le i < j \le n$$$) to be a good pair if and only if $$$s_i = s_j$$$ or $$$(i, j)$$$ is a pleasant pair.Turtle wants to reorder the string $$$s$$$ so that the number of good pairs is maximized. Please help him!InputEach test contains multiple test cases. The first line contains the number of test cases $$$t$$$ ($$$1 \le t \le 10^4$$$). The description of the test cases follows.The first line of each test case contains a single integer $$$n$$$ ($$$2 \le n \le 2 \cdot 10^5$$$) — the length of the string.The second line of each test case contains a string $$$s$$$ of length $$$n$$$, consisting of lowercase Latin letters.It is guaranteed that the sum of $$$n$$$ over all test cases does not exceed $$$2 \cdot 10^5$$$.OutputFor each test case, output the string $$$s$$$ after reordering so that the number of good pairs is maximized. If there are multiple answers, print any of them.ExampleInput
53abc5edddf6turtle8pppppppp10codeforcesOutput
acb
ddedf
urtlet
pppppppp
codeforces
NoteIn the first test case, $$$(1, 3)$$$ is a good pair in the reordered string. It can be seen that we can't reorder the string so that the number of good pairs is greater than $$$1$$$. bac and cab can also be the answer.In the second test case, $$$(1, 2)$$$, $$$(1, 4)$$$, $$$(1, 5)$$$, $$$(2, 4)$$$, $$$(2, 5)$$$, $$$(3, 5)$$$ are good pairs in the reordered string. efddd can also be the answer."
2003B,Turtle and Piggy Are Playing a Game 2,"games, greedy, sortings",time limit per test,memory limit per test,"B. Turtle and Piggy Are Playing a Game 2time limit per test1 secondmemory limit per test256 megabytesinputstandard inputoutputstandard outputTurtle and Piggy are playing a game on a sequence. They are given a sequence $$$a_1, a_2, \ldots, a_n$$$, and Turtle goes first. Turtle and Piggy alternate in turns (so, Turtle does the first turn, Piggy does the second, Turtle does the third, etc.).The game goes as follows:  Let the current length of the sequence be $$$m$$$. If $$$m = 1$$$, the game ends.  If the game does not end and it's Turtle's turn, then Turtle must choose an integer $$$i$$$ such that $$$1 \le i \le m - 1$$$, set $$$a_i$$$ to $$$\max(a_i, a_{i + 1})$$$, and remove $$$a_{i + 1}$$$.  If the game does not end and it's Piggy's turn, then Piggy must choose an integer $$$i$$$ such that $$$1 \le i \le m - 1$$$, set $$$a_i$$$ to $$$\min(a_i, a_{i + 1})$$$, and remove $$$a_{i + 1}$$$. Turtle wants to maximize the value of $$$a_1$$$ in the end, while Piggy wants to minimize the value of $$$a_1$$$ in the end. Find the value of $$$a_1$$$ in the end if both players play optimally.You can refer to notes for further clarification.InputEach test contains multiple test cases. The first line contains the number of test cases $$$t$$$ ($$$1 \le t \le 10^4$$$). The description of the test cases follows.The first line of each test case contains a single integer $$$n$$$ ($$$2 \le n \le 10^5$$$) — the length of the sequence.The second line of each test case contains $$$n$$$ integers $$$a_1, a_2, \ldots, a_n$$$ ($$$1 \le a_i \le 10^5$$$) — the elements of the sequence $$$a$$$.It is guaranteed that the sum of $$$n$$$ over all test cases does not exceed $$$10^5$$$.OutputFor each test case, output a single integer — the value of $$$a_1$$$ in the end if both players play optimally.ExampleInput
521 231 1 231 2 353 1 2 2 31010 2 5 2 7 9 2 5 10 7Output
2
1
2
2
7
NoteIn the first test case, initially $$$a = [1, 2]$$$. Turtle can only choose $$$i = 1$$$. Then he will set $$$a_1$$$ to $$$\max(a_1, a_2) = 2$$$ and remove $$$a_2$$$. The sequence $$$a$$$ becomes $$$[2]$$$. Then the length of the sequence becomes $$$1$$$, and the game will end. The value of $$$a_1$$$ is $$$2$$$, so you should output $$$2$$$.In the second test case, one of the possible game processes is as follows:  Initially $$$a = [1, 1, 2]$$$.  Turtle can choose $$$i = 2$$$. Then he will set $$$a_2$$$ to $$$\max(a_2, a_3) = 2$$$ and remove $$$a_3$$$. The sequence $$$a$$$ will become $$$[1, 2]$$$.  Piggy can choose $$$i = 1$$$. Then he will set $$$a_1$$$ to $$$\min(a_1, a_2) = 1$$$ and remove $$$a_2$$$. The sequence $$$a$$$ will become $$$[1]$$$.  The length of the sequence becomes $$$1$$$, so the game will end. The value of $$$a_1$$$ will be $$$1$$$ in the end. In the fourth test case, one of the possible game processes is as follows:  Initially $$$a = [3, 1, 2, 2, 3]$$$.  Turtle can choose $$$i = 4$$$. Then he will set $$$a_4$$$ to $$$\max(a_4, a_5) = 3$$$ and remove $$$a_5$$$. The sequence $$$a$$$ will become $$$[3, 1, 2, 3]$$$.  Piggy can choose $$$i = 3$$$. Then he will set $$$a_3$$$ to $$$\min(a_3, a_4) = 2$$$ and remove $$$a_4$$$. The sequence $$$a$$$ will become $$$[3, 1, 2]$$$.  Turtle can choose $$$i = 2$$$. Then he will set $$$a_2$$$ to $$$\max(a_2, a_3) = 2$$$ and remove $$$a_3$$$. The sequence $$$a$$$ will become $$$[3, 2]$$$.  Piggy can choose $$$i = 1$$$. Then he will set $$$a_1$$$ to $$$\min(a_1, a_2) = 2$$$ and remove $$$a_2$$$. The sequence $$$a$$$ will become $$$[2]$$$.  The length of the sequence becomes $$$1$$$, so the game will end. The value of $$$a_1$$$ will be $$$2$$$ in the end."
2003A,Turtle and Good Strings,"greedy, strings",time limit per test,memory limit per test,"A. Turtle and Good Stringstime limit per test1 secondmemory limit per test256 megabytesinputstandard inputoutputstandard outputTurtle thinks a string $$$s$$$ is a good string if there exists a sequence of strings $$$t_1, t_2, \ldots, t_k$$$ ($$$k$$$ is an arbitrary integer) such that:  $$$k \ge 2$$$.  $$$s = t_1 + t_2 + \ldots + t_k$$$, where $$$+$$$ represents the concatenation operation. For example, $$$\texttt{abc} = \texttt{a} + \texttt{bc}$$$.  For all $$$1 \le i < j \le k$$$, the first character of $$$t_i$$$ isn't equal to the last character of $$$t_j$$$. Turtle is given a string $$$s$$$ consisting of lowercase Latin letters. Please tell him whether the string $$$s$$$ is a good string!InputEach test contains multiple test cases. The first line contains the number of test cases $$$t$$$ ($$$1 \le t \le 500$$$). The description of the test cases follows.The first line of each test case contains a single integer $$$n$$$ ($$$2 \le n \le 100$$$) — the length of the string.The second line of each test case contains a string $$$s$$$ of length $$$n$$$, consisting of lowercase Latin letters.OutputFor each test case, output ""YES"" if the string $$$s$$$ is a good string, and ""NO"" otherwise.You can output the answer in any case (upper or lower). For example, the strings ""yEs"", ""yes"", ""Yes"", and ""YES"" will be recognized as positive responses.ExampleInput
42aa3aba4abcb12abcabcabcabcOutput
No
nO
Yes
YES
NoteIn the first test case, the sequence of strings $$$\texttt{a}, \texttt{a}$$$ satisfies the condition $$$s = t_1 + t_2 + \ldots + t_k$$$, but the first character of $$$t_1$$$ is equal to the last character of $$$t_2$$$. It can be seen that there doesn't exist any sequence of strings which satisfies all of the conditions, so the answer is ""NO"".In the third test case, the sequence of strings $$$\texttt{ab}, \texttt{cb}$$$ satisfies all of the conditions.In the fourth test case, the sequence of strings $$$\texttt{abca}, \texttt{bcab}, \texttt{cabc}$$$ satisfies all of the conditions."
2002H,Counting 101,greedy,time limit per test,memory limit per test,"H. Counting 101time limit per test10.1 secondsmemory limit per test1010 megabytesinputstandard inputoutputstandard outputIt's been a long summer's day, with the constant chirping of cicadas and the heat which never seemed to end. Finally, it has drawn to a close. The showdown has passed, the gates are open, and only a gentle breeze is left behind.Your predecessors had taken their final bow; it's your turn to take the stage.Sorting through some notes that were left behind, you found a curious statement named Problem 101:  Given a positive integer sequence $$$a_1,a_2,\ldots,a_n$$$, you can operate on it any number of times. In an operation, you choose three consecutive elements $$$a_i,a_{i+1},a_{i+2}$$$, and merge them into one element $$$\max(a_i+1,a_{i+1},a_{i+2}+1)$$$. Please calculate the maximum number of operations you can do without creating an element greater than $$$m$$$. After some thought, you decided to propose the following problem, named Counting 101:  Given $$$n$$$ and $$$m$$$. For each $$$k=0,1,\ldots,\left\lfloor\frac{n-1}{2}\right\rfloor$$$, please find the number of integer sequences $$$a_1,a_2,\ldots,a_n$$$ with elements in $$$[1, m]$$$, such that when used as input for Problem 101, the answer is $$$k$$$. As the answer can be very large, please print it modulo $$$10^9+7$$$. InputEach test contains multiple test cases. The first line contains the number of test cases $$$t$$$ ($$$1\le t\le10^3$$$). The description of the test cases follows. The only line of each test case contains two integers $$$n$$$, $$$m$$$ ($$$1\le n\le 130$$$, $$$1\le m\le 30$$$).OutputFor each test case, output $$$\left\lfloor\frac{n+1}{2}\right\rfloor$$$ numbers. The $$$i$$$-th number is the number of valid sequences such that when used as input for Problem 101, the answer is $$$i-1$$$, modulo $$$10^9+7$$$.ExampleInput
23 210 10Output
6 2 
1590121 23399118 382293180 213020758 379696760 
NoteIn the first test case, there are $$$2^3=8$$$ candidate sequences. Among them, you can operate on $$$[1,2,1]$$$ and $$$[1,1,1]$$$ once; you cannot operate on the other $$$6$$$ sequences."
2002G,Lattice Optimizing,"bitmasks, brute force, hashing, meet-in-the-middle",time limit per test,memory limit per test,"G. Lattice Optimizingtime limit per test7 secondsmemory limit per test1024 megabytesinputstandard inputoutputstandard outputConsider a grid graph with $$$n$$$ rows and $$$n$$$ columns. Let the cell in row $$$x$$$ and column $$$y$$$ be $$$(x,y)$$$. There exists a directed edge from $$$(x,y)$$$ to $$$(x+1,y)$$$, with non-negative integer value $$$d_{x,y}$$$, for all $$$1\le x < n, 1\le y \le n$$$, and there also exists a directed edge from $$$(x,y)$$$ to $$$(x,y+1)$$$, with non-negative integer value $$$r_{x,y}$$$, for all $$$1\le x \le n, 1\le y < n$$$.Initially, you are at $$$(1,1)$$$, with an empty set $$$S$$$. You need to walk along the edges and eventually reach $$$(n,n)$$$. Whenever you pass an edge, its value will be inserted into $$$S$$$. Please maximize the MEX$$$^{\text{∗}}$$$ of $$$S$$$ when you reach $$$(n,n)$$$.$$$^{\text{∗}}$$$The MEX (minimum excluded) of an array is the smallest non-negative integer that does not belong to the array. For instance:   The MEX of $$$[2,2,1]$$$ is $$$0$$$, because $$$0$$$ does not belong to the array.  The MEX of $$$[3,1,0,1]$$$ is $$$2$$$, because $$$0$$$ and $$$1$$$ belong to the array, but $$$2$$$ does not.  The MEX of $$$[0,3,1,2]$$$ is $$$4$$$, because $$$0, 1, 2$$$, and $$$3$$$ belong to the array, but $$$4$$$ does not. InputEach test contains multiple test cases. The first line contains the number of test cases $$$t$$$ ($$$1\le t\le100$$$). The description of the test cases follows. The first line of each test case contains a single integer $$$n$$$ ($$$2\le n\le20$$$) — the number of rows and columns.Each of the next $$$n-1$$$ lines contains $$$n$$$ integers separated by single spaces — the matrix $$$d$$$ ($$$0\le d_{x,y}\le 2n-2$$$).Each of the next $$$n$$$ lines contains $$$n-1$$$ integers separated by single spaces — the matrix $$$r$$$ ($$$0\le r_{x,y}\le 2n-2$$$).It is guaranteed that the sum of all $$$n^3$$$ does not exceed $$$8000$$$.OutputFor each test case, print a single integer — the maximum MEX of $$$S$$$ when you reach $$$(n,n)$$$.ExamplesInput
231 0 20 1 32 10 33 031 2 00 1 22 01 20 1Output
3
2
Input
11016 7 3 15 9 17 1 15 9 04 3 1 12 13 10 10 14 6 123 1 3 9 5 16 0 12 7 1211 4 8 7 13 7 15 13 9 22 3 9 9 4 12 17 7 10 1510 6 15 17 13 6 15 9 4 913 3 3 14 1 2 10 10 12 168 2 9 13 18 7 1 6 2 615 12 2 6 0 0 13 3 7 177 3 17 17 10 15 12 14 154 3 3 17 3 13 11 16 616 17 7 7 12 5 2 4 1018 9 9 3 5 9 1 16 71 0 4 2 10 10 12 2 14 14 15 16 15 5 8 4 187 18 10 11 2 0 14 8 182 17 6 0 9 6 13 5 115 15 7 11 6 3 17 14 51 3 16 16 13 1 0 13 11Output
14
NoteIn the first test case, the grid graph and one of the optimal paths are as follows:  In the second test case, the grid graph and one of the optimal paths are as follows:"
2002F2,Court Blue (Hard Version),"brute force, dp, math, number theory",time limit per test,memory limit per test,"F2. Court Blue (Hard Version)time limit per test4 secondsmemory limit per test512 megabytesinputstandard inputoutputstandard outputThis is the hard version of the problem. In this version, it is not guaranteed that $$$n=m$$$, and the time limit is higher. You can make hacks only if both versions of the problem are solved.In the court of the Blue King, Lelle and Flamm are having a performance match. The match consists of several rounds. In each round, either Lelle or Flamm wins.Let $$$W_L$$$ and $$$W_F$$$ denote the number of wins of Lelle and Flamm, respectively. The Blue King considers a match to be successful if and only if:  after every round, $$$\gcd(W_L,W_F)\le 1$$$;  at the end of the match, $$$W_L\le n, W_F\le m$$$. Note that $$$\gcd(0,x)=\gcd(x,0)=x$$$ for every non-negative integer $$$x$$$.Lelle and Flamm can decide to stop the match whenever they want, and the final score of the performance is $$$l \cdot W_L + f \cdot W_F$$$.Please help Lelle and Flamm coordinate their wins and losses such that the performance is successful, and the total score of the performance is maximized.InputThe first line contains an integer $$$t$$$ ($$$1\leq t \leq 10^3$$$) — the number of test cases.The only line of each test case contains four integers $$$n$$$, $$$m$$$, $$$l$$$, $$$f$$$ ($$$2\leq n\leq m \leq 2\cdot 10^7$$$, $$$1\leq l,f \leq 10^9$$$): $$$n$$$, $$$m$$$ give the upper bound on the number of Lelle and Flamm's wins, $$$l$$$ and $$$f$$$ determine the final score of the performance.Unusual additional constraint: it is guaranteed that, for each test, there are no pairs of test cases with the same pair of $$$n$$$, $$$m$$$.OutputFor each test case, output a single integer — the maximum total score of a successful performance.ExamplesInput
83 4 2 54 4 1 46 6 2 27 9 2 38 9 9 12 7 1 45 9 1 45 6 6 7Output
22
17
18
37
77
30
41
59
Input
23082823 20000000 1341 33120000000 20000000 3 5Output
10754065643
159999991
Input
1139 1293 193 412Output
559543
NoteIn the first test case, a possible performance is as follows:  Flamm wins, $$$\gcd(0,1)=1$$$.  Lelle wins, $$$\gcd(1,1)=1$$$.  Flamm wins, $$$\gcd(1,2)=1$$$.  Flamm wins, $$$\gcd(1,3)=1$$$.  Flamm wins, $$$\gcd(1,4)=1$$$.  Lelle and Flamm agree to stop the match. The final score is $$$1\cdot2+4\cdot5=22$$$."
2002F1,Court Blue (Easy Version),"brute force, dfs and similar, dp, math, number theory",time limit per test,memory limit per test,"F1. Court Blue (Easy Version)time limit per test3 secondsmemory limit per test512 megabytesinputstandard inputoutputstandard outputThis is the easy version of the problem. In this version, $$$n=m$$$ and the time limit is lower. You can make hacks only if both versions of the problem are solved.In the court of the Blue King, Lelle and Flamm are having a performance match. The match consists of several rounds. In each round, either Lelle or Flamm wins.Let $$$W_L$$$ and $$$W_F$$$ denote the number of wins of Lelle and Flamm, respectively. The Blue King considers a match to be successful if and only if:  after every round, $$$\gcd(W_L,W_F)\le 1$$$;  at the end of the match, $$$W_L\le n, W_F\le m$$$. Note that $$$\gcd(0,x)=\gcd(x,0)=x$$$ for every non-negative integer $$$x$$$.Lelle and Flamm can decide to stop the match whenever they want, and the final score of the performance is $$$l \cdot W_L + f \cdot W_F$$$.Please help Lelle and Flamm coordinate their wins and losses such that the performance is successful, and the total score of the performance is maximized.InputThe first line contains an integer $$$t$$$ ($$$1\leq t \leq 10^3$$$) — the number of test cases.The only line of each test case contains four integers $$$n$$$, $$$m$$$, $$$l$$$, $$$f$$$ ($$$2\leq n\leq m \leq 2\cdot 10^7$$$, $$$1\leq l,f \leq 10^9$$$, $$$\bf{n=m}$$$): $$$n$$$, $$$m$$$ gives the upper bound on the number of Lelle and Flamm's wins, $$$l$$$ and $$$f$$$ determine the final score of the performance.Unusual additional constraint: it is guaranteed that, for each test, there are no pairs of test cases with the same pair of $$$n$$$, $$$m$$$.OutputFor each test case, output a single integer — the maximum total score of a successful performance.ExamplesInput
83 3 2 54 4 1 46 6 2 27 7 2 39 9 9 12 2 1 45 5 1 48 8 6 7Output
19
17
18
33
86
9
24
86
Input
120000000 20000000 1341 331Output
33439999007
Input
21984 1984 19 849982 9982 44 35Output
204143
788403
NoteIn the first test case, a possible performance is as follows:  Flamm wins, $$$\gcd(0,1)=1$$$.  Lelle wins, $$$\gcd(1,1)=1$$$.  Flamm wins, $$$\gcd(1,2)=1$$$.  Flamm wins, $$$\gcd(1,3)=1$$$.  Lelle wins, $$$\gcd(2,3)=1$$$.  Lelle and Flamm agree to stop the match. The final score is $$$2\cdot2+3\cdot5=19$$$.In the third test case, a possible performance is as follows:  Flamm wins, $$$\gcd(0,1)=1$$$.  Lelle wins, $$$\gcd(1,1)=1$$$.  Lelle wins, $$$\gcd(2,1)=1$$$.  Lelle wins, $$$\gcd(3,1)=1$$$.  Lelle wins, $$$\gcd(4,1)=1$$$.  Lelle wins, $$$\gcd(5,1)=1$$$.  Flamm wins, $$$\gcd(5,2)=1$$$.  Flamm wins, $$$\gcd(5,3)=1$$$.  Flamm wins, $$$\gcd(5,4)=1$$$.  Lelle and Flamm agree to stop the match. The final score is $$$5\cdot2+4\cdot2=18$$$. Note that Lelle and Flamm can stop the match even if neither of them has $$$n$$$ wins."
2002E,Cosmic Rays,"brute force, data structures, dp",time limit per test,memory limit per test,"E. Cosmic Raystime limit per test2 secondsmemory limit per test512 megabytesinputstandard inputoutputstandard outputGiven an array of integers $$$s_1, s_2, \ldots, s_l$$$, every second, cosmic rays will cause all $$$s_i$$$ such that $$$i=1$$$ or $$$s_i\neq s_{i-1}$$$ to be deleted simultaneously, and the remaining parts will be concatenated together in order to form the new array $$$s_1, s_2, \ldots, s_{l'}$$$.Define the strength of an array as the number of seconds it takes to become empty.You are given an array of integers compressed in the form of $$$n$$$ pairs that describe the array left to right. Each pair $$$(a_i,b_i)$$$ represents $$$a_i$$$ copies of $$$b_i$$$, i.e. $$$\underbrace{b_i,b_i,\cdots,b_i}_{a_i\textrm{ times}}$$$.For each $$$i=1,2,\dots,n$$$, please find the strength of the sequence described by the first $$$i$$$ pairs.InputEach test contains multiple test cases. The first line contains the number of test cases $$$t$$$ ($$$1\le t\le10^4$$$). The description of the test cases follows. The first line of each test case contains a single integer $$$n$$$ ($$$1\le n\le3\cdot10^5$$$) — the length of sequence $$$a$$$.The next $$$n$$$ lines contain two integers each $$$a_i$$$, $$$b_i$$$ ($$$1\le a_i\le10^9,0\le b_i\le n$$$) — the pairs which describe the sequence. It is guaranteed that the sum of all $$$n$$$ does not exceed $$$3\cdot10^5$$$.It is guaranteed that for all $$$1\le i<n$$$, $$$b_i\neq b_{i+1}$$$ holds.OutputFor each test case, print one line containing $$$n$$$ integers — the answer for each prefix of pairs.ExampleInput
442 01 13 05 164 61 34 64 07 66 379 07 15 07 19 01 12 01010 74 92 27 92 88 511 715 512 74 0Output
2 2 4 5 
4 4 7 7 10 10 
9 9 9 9 9 9 10 
10 10 10 10 10 10 12 15 15 15 
NoteIn the first test case, for the prefix of length $$$4$$$, the changes will be $$$[0,0,1,0,0,0,1,1,1,1,1]\rightarrow[0,0,0,1,1,1,1]\rightarrow[0,0,1,1,1]\rightarrow[0,1,1]\rightarrow[1]\rightarrow[]$$$, so the array becomes empty after $$$5$$$ seconds.In the second test case, for the prefix of length $$$4$$$, the changes will be $$$[6,6,6,6,3,6,6,6,6,0,0,0,0]\rightarrow[6,6,6,6,6,6,0,0,0]\rightarrow[6,6,6,6,6,0,0]\rightarrow[6,6,6,6,0]\rightarrow[6,6,6]\rightarrow[6,6]\rightarrow[6]\rightarrow[]$$$, so the array becomes empty after $$$7$$$ seconds."
2002D2,DFS Checker (Hard Version),"binary search, data structures, dfs and similar, graphs, hashing, trees",time limit per test,memory limit per test,"D2. DFS Checker (Hard Version)time limit per test2 secondsmemory limit per test512 megabytesinputstandard inputoutputstandard outputThis is the hard version of the problem. In this version, you are given a generic tree and the constraints on $$$n$$$ and $$$q$$$ are higher. You can make hacks only if both versions of the problem are solved.You are given a rooted tree consisting of $$$n$$$ vertices. The vertices are numbered from $$$1$$$ to $$$n$$$, and the root is the vertex $$$1$$$. You are also given a permutation $$$p_1, p_2, \ldots, p_n$$$ of $$$[1,2,\ldots,n]$$$.You need to answer $$$q$$$ queries. For each query, you are given two integers $$$x$$$, $$$y$$$; you need to swap $$$p_x$$$ and $$$p_y$$$ and determine if $$$p_1, p_2, \ldots, p_n$$$ is a valid DFS order$$$^\dagger$$$ of the given tree.Please note that the swaps are persistent through queries.$$$^\dagger$$$ A DFS order is found by calling the following $$$\texttt{dfs}$$$ function on the given tree.dfs_order = []function dfs(v):    append v to the back of dfs_order    pick an arbitrary permutation s of children of v    for child in s:        dfs(child)dfs(1)Note that the DFS order is not unique.InputEach test contains multiple test cases. The first line contains the number of test cases $$$t$$$ ($$$1\le t\le10^4$$$). The description of the test cases follows. The first line of each test case contains two integers $$$n$$$, $$$q$$$ ($$$2\le n\le 3\cdot 10^5$$$, $$$2\le q\le 10^5$$$) — the number of vertices in the tree and the number of queries.The next line contains $$$n-1$$$ integers $$$a_2,a_3,\ldots,a_n$$$ ($$$1\le a_i<i$$$) — the parent of each vertex in the given tree.The next line contains $$$n$$$ integers $$$p_1,p_2,\ldots,p_n$$$ ($$$1\le p_i\le n$$$, all $$$p_i$$$ are distinct) — the initial permutation $$$p$$$.The next $$$q$$$ lines each contain two integers $$$x$$$, $$$y$$$ ($$$1\le x,y\le n,x\neq y$$$) — the positions of the elements to swap in the permutation.It is guaranteed that the sum of all $$$n$$$ does not exceed $$$3\cdot 10^5$$$, and the sum of all $$$q$$$ does not exceed $$$10^5$$$.OutputFor each test case, print $$$q$$$ lines corresponding to the $$$q$$$ queries. For each query, output $$$\texttt{YES}$$$ if there is a DFS order that exactly equals the current permutation, and output $$$\texttt{NO}$$$ otherwise.You can output $$$\texttt{Yes}$$$ and $$$\texttt{No}$$$ in any case (for example, strings $$$\texttt{yEs}$$$, $$$\texttt{yes}$$$, $$$\texttt{Yes}$$$, and $$$\texttt{YES}$$$ will be recognized as a positive response).ExampleInput
33 31 11 2 32 33 21 37 41 1 2 2 3 31 2 3 4 5 6 73 52 53 74 65 41 1 3 42 3 4 5 15 14 53 42 3Output
YES
YES
NO
YES
NO
NO
YES
YES
NO
NO
YES
NoteIn the first test case, the permutation $$$p_1, p_2, \ldots, p_n$$$ after each modification is $$$[1,3,2],[1,2,3],[3,2,1]$$$, respectively. The first two permutations are valid DFS orders; the third is not a DFS order.In the second test case, the permutation $$$p_1, p_2, \ldots, p_n$$$ after each modification is $$$[1,2,5,4,3,6,7],[1,3,5,4,2,6,7],[1,3,7,4,2,6,5],[1,3,7,6,2,4,5]$$$, respectively."
2002D1,DFS Checker (Easy Version),"brute force, data structures, dfs and similar, graphs, hashing, trees",time limit per test,memory limit per test,"D1. DFS Checker (Easy Version)time limit per test2 secondsmemory limit per test512 megabytesinputstandard inputoutputstandard outputThis is the easy version of the problem. In this version, the given tree is a perfect binary tree and the constraints on $$$n$$$ and $$$q$$$ are lower. You can make hacks only if both versions of the problem are solved.You are given a perfect binary tree$$$^\dagger$$$ consisting of $$$n$$$ vertices. The vertices are numbered from $$$1$$$ to $$$n$$$, and the root is the vertex $$$1$$$. You are also given a permutation $$$p_1, p_2, \ldots, p_n$$$ of $$$[1,2,\ldots,n]$$$.You need to answer $$$q$$$ queries. For each query, you are given two integers $$$x$$$, $$$y$$$; you need to swap $$$p_x$$$ and $$$p_y$$$ and determine if $$$p_1, p_2, \ldots, p_n$$$ is a valid DFS order$$$^\ddagger$$$ of the given tree.Please note that the swaps are persistent through queries.$$$^\dagger$$$ A perfect binary tree is a tree with vertex $$$1$$$ as its root, with size $$$n=2^k-1$$$ for a positive integer $$$k$$$, and where the parent of each vertex $$$i$$$ ($$$1<i\le n$$$) is $$$\left\lfloor\frac{i}{2}\right\rfloor$$$. Thus, all leaves of this tree are at a distance $$$k - 1$$$ from the root.$$$^\ddagger$$$ A DFS order is found by calling the following $$$\texttt{dfs}$$$ function on the given tree.dfs_order = []function dfs(v):    append v to the back of dfs_order    pick an arbitrary permutation s of children of v    for child in s:        dfs(child)dfs(1)Note that the DFS order is not unique.InputEach test contains multiple test cases. The first line contains the number of test cases $$$t$$$ ($$$1\le t\le10^4$$$). The description of the test cases follows. The first line of each test case contains two integers $$$n$$$, $$$q$$$ ($$$3\le n\le 65\,535$$$, $$$2\le q\le 5 \cdot 10^4$$$) — the number of vertices in the tree and the number of queries. It is guaranteed that $$$n=2^k-1$$$ for a positive integer $$$k$$$.The next line contains $$$n-1$$$ integers $$$a_2,a_3,\ldots,a_n$$$ ($$$1\le a_i<i$$$) — the parent of each vertex in the given tree. It is guaranteed that $$$a_i=\left\lfloor\frac{i}{2}\right\rfloor$$$.The next line contains $$$n$$$ integers $$$p_1,p_2,\ldots,p_n$$$ ($$$1\le p_i\le n$$$, all $$$p_i$$$ are distinct) — the initial permutation $$$p$$$.The next $$$q$$$ lines each contain two integers $$$x$$$, $$$y$$$ ($$$1\le x,y\le n,x\neq y$$$) — the positions of the elements to swap in the permutation.It is guaranteed that the sum of all $$$n$$$ does not exceed $$$65\,535$$$, and the sum of all $$$q$$$ does not exceed $$$5 \cdot 10^4$$$.OutputFor each test case, print $$$q$$$ lines corresponding to the $$$q$$$ queries. For each query, output $$$\texttt{YES}$$$ if there is a DFS order that exactly equals the current permutation, and output $$$\texttt{NO}$$$ otherwise.You can output $$$\texttt{Yes}$$$ and $$$\texttt{No}$$$ in any case (for example, strings $$$\texttt{yEs}$$$, $$$\texttt{yes}$$$, $$$\texttt{Yes}$$$ and $$$\texttt{YES}$$$ will be recognized as a positive response).ExampleInput
23 31 11 2 32 33 21 37 41 1 2 2 3 31 2 3 4 5 6 73 52 53 74 6Output
YES
YES
NO
YES
NO
NO
YES
NoteIn the first test case, the permutation $$$p_1, p_2, \ldots, p_n$$$ after each modification is $$$[1,3,2],[1,2,3],[3,2,1]$$$, respectively. The first two permutations are valid DFS orders; the third is not a DFS order.In the second test case, the permutation $$$p_1, p_2, \ldots, p_n$$$ after each modification is $$$[1,2,5,4,3,6,7],[1,3,5,4,2,6,7],[1,3,7,4,2,6,5],[1,3,7,6,2,4,5]$$$, respectively."
2002C,Black Circles,"brute force, geometry, greedy, math",time limit per test,memory limit per test,"C. Black Circlestime limit per test2 secondsmemory limit per test256 megabytesinputstandard inputoutputstandard outputThere are $$$n$$$ circles on a two-dimensional plane. The $$$i$$$-th circle is centered at $$$(x_i,y_i)$$$. Initially, all circles have a radius of $$$0$$$.The circles' radii increase at a rate of $$$1$$$ unit per second.You are currently at $$$(x_s,y_s)$$$; your goal is to reach $$$(x_t,y_t)$$$ without touching the circumference of any circle (including the moment you reach $$$(x_t,y_t)$$$). You can move in any direction you want. However, your speed is limited to $$$1$$$ unit per second.Please determine whether this is possible.InputEach test contains multiple test cases. The first line contains the number of test cases $$$t$$$ ($$$1\le t\le10^4$$$). The description of the test cases follows.The first line of each test case contains a single integer $$$n$$$ ($$$1\le n\le10^5$$$) — the number of circles.The next $$$n$$$ lines each contain two integers $$$x_i$$$, $$$y_i$$$ ($$$1\le x_i,y_i\le10^9$$$) — the center of each circle.The final line contains four integers $$$x_s$$$, $$$y_s$$$, $$$x_t$$$, $$$y_t$$$ ($$$1\le x_s,y_s,x_t,y_t\le10^9$$$) — the coordinates of the starting point and the goal, respectively.It is guaranteed that these $$$n+2$$$ points are distinct.It is guaranteed that the sum of $$$n$$$ over all testcases does not exceed $$$10^5$$$.OutputFor each test case, output $$$\texttt{YES}$$$ if it is possible to reach the goal without touching the circle boundaries, and output $$$\texttt{NO}$$$ otherwise.You can output $$$\texttt{Yes}$$$ and $$$\texttt{No}$$$ in any case (for example, strings $$$\texttt{yEs}$$$, $$$\texttt{yes}$$$, $$$\texttt{Yes}$$$, and $$$\texttt{YES}$$$ will be recognized as a positive response).ExampleInput
732 52 1410 134 9 9 7310 116 912 1214 13 4 815 712 6 11 1321000000000 22 10000000001 1 2 21999999998 1000000000999999999 999999999 1 111000000000 11 1000000000 1 110989237121 2397081206669655 527238537522705783 380636165532545346 320061691207818728 199485303884520552 315781807992311437 802563521205138355 324818663223575704 395073023281560523 236279118216941610 572010615 323956540 794523071Output
YES
NO
YES
YES
YES
NO
YES
NoteIn the first test case, a feasible way of movement is as follows."
2002B,Removals Game,"constructive algorithms, games",time limit per test,memory limit per test,"B. Removals Gametime limit per test1 secondmemory limit per test256 megabytesinputstandard inputoutputstandard outputAlice got a permutation $$$a_1, a_2, \ldots, a_n$$$ of $$$[1,2,\ldots,n]$$$, and Bob got another permutation $$$b_1, b_2, \ldots, b_n$$$ of $$$[1,2,\ldots,n]$$$. They are going to play a game with these arrays.In each turn, the following events happen in order:  Alice chooses either the first or the last element of her array and removes it from the array;  Bob chooses either the first or the last element of his array and removes it from the array. The game continues for $$$n-1$$$ turns, after which both arrays will have exactly one remaining element: $$$x$$$ in the array $$$a$$$ and $$$y$$$ in the array $$$b$$$.If $$$x=y$$$, Bob wins; otherwise, Alice wins. Find which player will win if both players play optimally.InputEach test contains multiple test cases. The first line contains the number of test cases $$$t$$$ ($$$1\le t\le10^4$$$). The description of the test cases follows. The first line of each test case contains a single integer $$$n$$$ ($$$1\le n\le 3\cdot 10^5$$$).The next line contains $$$n$$$ integers $$$a_1,a_2,\ldots,a_n$$$ ($$$1\le a_i\le n$$$, all $$$a_i$$$ are distinct) — the permutation of Alice.The next line contains $$$n$$$ integers $$$b_1,b_2,\ldots,b_n$$$ ($$$1\le b_i\le n$$$, all $$$b_i$$$ are distinct) — the permutation of Bob.It is guaranteed that the sum of all $$$n$$$ does not exceed $$$3\cdot 10^5$$$.OutputFor each test case, print a single line with the name of the winner, assuming both players play optimally. If Alice wins, print $$$\texttt{Alice}$$$; otherwise, print $$$\texttt{Bob}$$$.ExampleInput
221 21 231 2 32 3 1Output
Bob
Alice
NoteIn the first test case, Bob can win the game by deleting the same element as Alice did.In the second test case, Alice can delete $$$3$$$ in the first turn, and then in the second turn, delete the element that is different from the one Bob deleted in the first turn to win the game."
2002A,Distanced Coloring,"constructive algorithms, implementation, math",time limit per test,memory limit per test,"A. Distanced Coloringtime limit per test1 secondmemory limit per test256 megabytesinputstandard inputoutputstandard outputYou received an $$$n\times m$$$ grid from a mysterious source. The source also gave you a magic positive integer constant $$$k$$$.The source told you to color the grid with some colors, satisfying the following condition:  If $$$(x_1,y_1)$$$, $$$(x_2,y_2)$$$ are two distinct cells with the same color, then $$$\max(|x_1-x_2|,|y_1-y_2|)\ge k$$$. You don't like using too many colors. Please find the minimum number of colors needed to color the grid.InputEach test contains multiple test cases. The first line contains the number of test cases $$$t$$$ ($$$1\le t\le1000$$$). The description of the test cases follows.The only line of each test case consists of three positive integers $$$n$$$, $$$m$$$, $$$k$$$ ($$$1\le n,m,k\le10^4$$$) — the dimensions of the grid and the magic constant.OutputFor each test case, print a single integer — the minimum number of colors needed to color the grid.ExampleInput
63 3 25 1 100007 3 43 2 78 9 62 5 4Output
4
5
12
6
36
8
NoteIn the first test case, one of the optimal constructions is:  In the second test case, the color of all cells must be pairwise different, so the answer is $$$5$$$."
2001E2,Deterministic Heap (Hard Version),"combinatorics, dp, trees",time limit per test,memory limit per test,"E2. Deterministic Heap (Hard Version)time limit per test4 secondsmemory limit per test512 megabytesinputstandard inputoutputstandard outputThis is the hard version of the problem. The difference between the two versions is the definition of deterministic max-heap, time limit, and constraints on $$$n$$$ and $$$t$$$. You can make hacks only if both versions of the problem are solved.Consider a perfect binary tree with size $$$2^n - 1$$$, with nodes numbered from $$$1$$$ to $$$2^n-1$$$ and rooted at $$$1$$$. For each vertex $$$v$$$ ($$$1 \le v \le 2^{n - 1} - 1$$$), vertex $$$2v$$$ is its left child and vertex $$$2v + 1$$$ is its right child. Each node $$$v$$$ also has a value $$$a_v$$$ assigned to it.Define the operation $$$\mathrm{pop}$$$ as follows:  initialize variable $$$v$$$ as $$$1$$$;  repeat the following process until vertex $$$v$$$ is a leaf (i.e. until $$$2^{n - 1} \le v \le 2^n - 1$$$);   among the children of $$$v$$$, choose the one with the larger value on it and denote such vertex as $$$x$$$; if the values on them are equal (i.e. $$$a_{2v} = a_{2v + 1}$$$), you can choose any of them;  assign $$$a_x$$$ to $$$a_v$$$ (i.e. $$$a_v := a_x$$$);  assign $$$x$$$ to $$$v$$$ (i.e. $$$v := x$$$);   assign $$$-1$$$ to $$$a_v$$$ (i.e. $$$a_v := -1$$$). Then we say the $$$\mathrm{pop}$$$ operation is deterministic if there is a unique way to do such operation. In other words, $$$a_{2v} \neq a_{2v + 1}$$$ would hold whenever choosing between them.A binary tree is called a max-heap if for every vertex $$$v$$$ ($$$1 \le v \le 2^{n - 1} - 1$$$), both $$$a_v \ge a_{2v}$$$ and $$$a_v \ge a_{2v + 1}$$$ hold.A max-heap is deterministic if the $$$\mathrm{pop}$$$ operation is deterministic to the heap when we do it for the first and the second time.Initially, $$$a_v := 0$$$ for every vertex $$$v$$$ ($$$1 \le v \le 2^n - 1$$$), and your goal is to count the number of different deterministic max-heaps produced by applying the following operation $$$\mathrm{add}$$$ exactly $$$k$$$ times:  Choose an integer $$$v$$$ ($$$1 \le v \le 2^n - 1$$$) and, for every vertex $$$x$$$ on the path between $$$1$$$ and $$$v$$$, add $$$1$$$ to $$$a_x$$$. Two heaps are considered different if there is a node which has different values in the heaps. Since the answer might be large, print it modulo $$$p$$$.InputEach test contains multiple test cases. The first line contains the number of test cases $$$t$$$ ($$$1 \le t \le 50$$$). The description of the test cases follows.The first line of each test case contains three integers $$$n, k, p$$$ ($$$2 \le n \le 100$$$, $$$1 \le k \le 500$$$, $$$10^8 \le p \le 10^9$$$, $$$p$$$ is a prime).It is guaranteed that the sum of $$$n$$$ does not exceed $$$100$$$ and the sum of $$$k$$$ over all test cases does not exceed $$$500$$$.OutputFor each test case, output a single line containing an integer: the number of different deterministic max-heaps produced by applying the aforementioned operation $$$\mathrm{add}$$$ exactly $$$k$$$ times, modulo $$$p$$$.ExamplesInput
62 1 9982443533 2 9982448533 3 9982443533 4 1000000374 2 1000000394 3 100000037Output
2
12
40
100
32
224
Input
1100 500 100000037Output
66681128
Input
287 63 10000003713 437 100000039Output
83566569
54517140
NoteFor the first testcase, if we choose $$$v = 1$$$ and do the operation, we would have $$$a = [1, 0, 0]$$$, and since $$$a_2 = a_3$$$, we can choose either of them when doing the first $$$\mathrm{pop}$$$ operation, so such heap is not a deterministic max-heap. And if we choose $$$v = 2$$$, we would have $$$a = [1, 1, 0]$$$, during the first $$$\mathrm{pop}$$$, the following would happen:  initialize $$$v$$$ as $$$1$$$  since $$$a_{2v} > a_{2v + 1}$$$, choose $$$2v$$$ as $$$x$$$, then $$$x = 2$$$  assign $$$a_x$$$ to $$$a_v$$$, then $$$a = [1, 1, 0]$$$  assign $$$x$$$ to $$$v$$$, then $$$v = 2$$$  since $$$v$$$ is a leaf, assign $$$-1$$$ to $$$a_v$$$, then $$$a = [1, -1, 0]$$$ And during the second $$$\mathrm{pop}$$$, the following would happen:  initialize $$$v$$$ as $$$1$$$  since $$$a_{2v} < a_{2v + 1}$$$, choose $$$2v + 1$$$ as $$$x$$$, then $$$x = 3$$$  assign $$$a_x$$$ to $$$a_v$$$, then $$$a = [0, -1, 0]$$$  assign $$$x$$$ to $$$v$$$, then $$$v = 3$$$  since $$$v$$$ is a leaf, assign $$$-1$$$ to $$$a_v$$$, then $$$a = [0, -1, -1]$$$ Since both the first and the second $$$\mathrm{pop}$$$ operation are deterministic, this is a deterministic max-heap. Also, if we choose $$$v = 3$$$, $$$a$$$ would be a deterministic max-heap, so the answer is $$$2$$$."
2001E1,Deterministic Heap (Easy Version),"combinatorics, dp, math, trees",time limit per test,memory limit per test,"E1. Deterministic Heap (Easy Version)time limit per test3 secondsmemory limit per test512 megabytesinputstandard inputoutputstandard outputThis is the easy version of the problem. The difference between the two versions is the definition of deterministic max-heap, time limit, and constraints on $$$n$$$ and $$$t$$$. You can make hacks only if both versions of the problem are solved.Consider a perfect binary tree with size $$$2^n - 1$$$, with nodes numbered from $$$1$$$ to $$$2^n-1$$$ and rooted at $$$1$$$. For each vertex $$$v$$$ ($$$1 \le v \le 2^{n - 1} - 1$$$), vertex $$$2v$$$ is its left child and vertex $$$2v + 1$$$ is its right child. Each node $$$v$$$ also has a value $$$a_v$$$ assigned to it.Define the operation $$$\mathrm{pop}$$$ as follows:  initialize variable $$$v$$$ as $$$1$$$;  repeat the following process until vertex $$$v$$$ is a leaf (i.e. until $$$2^{n - 1} \le v \le 2^n - 1$$$);   among the children of $$$v$$$, choose the one with the larger value on it and denote such vertex as $$$x$$$; if the values on them are equal (i.e. $$$a_{2v} = a_{2v + 1}$$$), you can choose any of them;  assign $$$a_x$$$ to $$$a_v$$$ (i.e. $$$a_v := a_x$$$);  assign $$$x$$$ to $$$v$$$ (i.e. $$$v := x$$$);   assign $$$-1$$$ to $$$a_v$$$ (i.e. $$$a_v := -1$$$). Then we say the $$$\mathrm{pop}$$$ operation is deterministic if there is a unique way to do such operation. In other words, $$$a_{2v} \neq a_{2v + 1}$$$ would hold whenever choosing between them.A binary tree is called a max-heap if for every vertex $$$v$$$ ($$$1 \le v \le 2^{n - 1} - 1$$$), both $$$a_v \ge a_{2v}$$$ and $$$a_v \ge a_{2v + 1}$$$ hold.A max-heap is deterministic if the $$$\mathrm{pop}$$$ operation is deterministic to the heap when we do it for the first time.Initially, $$$a_v := 0$$$ for every vertex $$$v$$$ ($$$1 \le v \le 2^n - 1$$$), and your goal is to count the number of different deterministic max-heaps produced by applying the following operation $$$\mathrm{add}$$$ exactly $$$k$$$ times:  Choose an integer $$$v$$$ ($$$1 \le v \le 2^n - 1$$$) and, for every vertex $$$x$$$ on the path between $$$1$$$ and $$$v$$$, add $$$1$$$ to $$$a_x$$$. Two heaps are considered different if there is a node which has different values in the heaps. Since the answer might be large, print it modulo $$$p$$$.InputEach test contains multiple test cases. The first line contains the number of test cases $$$t$$$ ($$$1 \le t \le 500$$$). The description of the test cases follows.The first line of each test case contains three integers $$$n, k, p$$$ ($$$1 \le n, k \le 500$$$, $$$10^8 \le p \le 10^9$$$, $$$p$$$ is a prime).It is guaranteed that the sum of $$$n$$$ and the sum of $$$k$$$ over all test cases does not exceed $$$500$$$.OutputFor each test case, output a single line containing an integer: the number of different deterministic max-heaps produced by applying the aforementioned operation $$$\mathrm{add}$$$ exactly $$$k$$$ times, modulo $$$p$$$.ExamplesInput
71 13 9982443532 1 9982443533 2 9982448533 3 9982443533 4 1000000374 2 1000000394 3 100000037Output
1
2
12
52
124
32
304
Input
1500 500 100000007Output
76297230
Input
687 63 10000003777 77 100000039100 200 998244353200 100 99824435332 59 9982448531 1 998244353Output
26831232
94573603
37147649
847564946
727060898
1
NoteFor the first testcase, there is only one way to generate $$$a$$$, and such sequence is a deterministic max-heap, so the answer is $$$1$$$.For the second testcase, if we choose $$$v = 1$$$ and do the operation, we would have $$$a = [1, 0, 0]$$$, and since $$$a_2 = a_3$$$, we can choose either of them when doing the first $$$\mathrm{pop}$$$ operation, so such heap is not a deterministic max-heap. And if we choose $$$v = 2$$$, we would have $$$a = [1, 1, 0]$$$, during the first $$$\mathrm{pop}$$$, the following would happen:  initialize $$$v$$$ as $$$1$$$  since $$$a_{2v} > a_{2v + 1}$$$, choose $$$2v$$$ as $$$x$$$, then $$$x = 2$$$  assign $$$a_x$$$ to $$$a_v$$$, then $$$a = [1, 1, 0]$$$  assign $$$x$$$ to $$$v$$$, then $$$v = 2$$$  since $$$v$$$ is a leaf, assign $$$-1$$$ to $$$a_v$$$, then $$$a = [1, -1, 0]$$$ Since the first $$$\mathrm{pop}$$$ operation is deterministic, this is a deterministic max-heap. Also, if we choose $$$v = 3$$$, $$$a$$$ would be a deterministic max-heap, so the answer is $$$2$$$."
2001D,Longest Max Min Subsequence,"brute force, constructive algorithms, data structures, greedy, implementation",time limit per test,memory limit per test,"D. Longest Max Min Subsequencetime limit per test2 secondsmemory limit per test256 megabytesinputstandard inputoutputstandard outputYou are given an integer sequence $$$a_1, a_2, \ldots, a_n$$$. Let $$$S$$$ be the set of all possible non-empty subsequences of $$$a$$$ without duplicate elements. Your goal is to find the longest sequence in $$$S$$$. If there are multiple of them, find the one that minimizes lexicographical order after multiplying terms at odd positions by $$$-1$$$.For example, given $$$a = [3, 2, 3, 1]$$$, $$$S = \{[1], [2], [3], [2, 1], [2, 3], [3, 1], [3, 2], [2, 3, 1], [3, 2, 1]\}$$$. Then $$$[2, 3, 1]$$$ and $$$[3, 2, 1]$$$ would be the longest, and $$$[3, 2, 1]$$$ would be the answer since $$$[-3, 2, -1]$$$ is lexicographically smaller than $$$[-2, 3, -1]$$$.A sequence $$$c$$$ is a subsequence of a sequence $$$d$$$ if $$$c$$$ can be obtained from $$$d$$$ by the deletion of several (possibly, zero or all) elements.A sequence $$$c$$$ is lexicographically smaller than a sequence $$$d$$$ if and only if one of the following holds: $$$c$$$ is a prefix of $$$d$$$, but $$$c \ne d$$$; in the first position where $$$c$$$ and $$$d$$$ differ, the sequence $$$c$$$ has a smaller element than the corresponding element in $$$d$$$.InputEach test contains multiple test cases. The first line contains the number of test cases $$$t$$$ ($$$1 \le t \le 5 \cdot 10^4$$$). The description of the test cases follows.The first line of each test case contains an integer $$$n$$$ ($$$1 \le n \le 3 \cdot 10^5$$$) — the length of $$$a$$$.The second line of each test case contains $$$n$$$ integers $$$a_1, a_2, \ldots, a_n$$$ ($$$1 \le a_i \le n$$$) — the sequence $$$a$$$.It is guaranteed that the sum of $$$n$$$ over all test cases does not exceed $$$3 \cdot 10^5$$$.OutputFor each test case, output the answer in the following format:Output an integer $$$m$$$ in the first line — the length of $$$b$$$.Then output $$$m$$$ integers $$$b_1, b_2, \ldots, b_m$$$ in the second line — the sequence $$$b$$$.ExamplesInput
443 2 1 341 1 1 193 2 1 3 2 1 3 2 111Output
3
3 2 1
1
1
3
3 1 2
1
1
Input
1021 2105 2 1 7 9 7 2 5 5 221 2102 2 8 7 7 9 8 1 9 699 1 7 5 8 5 6 4 133 3 361 6 4 4 6 563 4 4 5 3 3104 1 4 5 4 5 10 1 5 171 2 1 3 2 4 6Output
2
1 2
5
5 1 9 7 2
2
1 2
6
2 7 9 8 1 6
7
9 1 7 5 8 6 4
1
3
4
1 4 6 5
3
4 5 3
4
5 4 10 1
5
2 1 3 4 6
NoteIn the first example, $$$S = \{[1], [2], [3], [1, 3], [2, 1], [2, 3], [3, 1], [3, 2], [2, 1, 3], [3, 2, 1]\}$$$. Among them, $$$[2, 1, 3]$$$ and $$$[3, 2, 1]$$$ are the longest and $$$[-3, 2, -1]$$$ is lexicographical smaller than $$$[-2, 1, -3]$$$, so $$$[3, 2, 1]$$$ is the answer.In the second example, $$$S = \{[1]\}$$$, so $$$[1]$$$ is the answer."
2001C,Guess The Tree,"binary search, brute force, dfs and similar, divide and conquer, dsu, greedy, interactive, trees",time limit per test,memory limit per test,"C. Guess The Treetime limit per test2 secondsmemory limit per test256 megabytesinputstandard inputoutputstandard outputThis is an interactive problem.Misuki has chosen a secret tree with $$$n$$$ nodes, indexed from $$$1$$$ to $$$n$$$, and asked you to guess it by using queries of the following type:   ""? a b"" — Misuki will tell you which node $$$x$$$ minimizes $$$|d(a,x) - d(b,x)|$$$, where $$$d(x,y)$$$ is the distance between nodes $$$x$$$ and $$$y$$$. If more than one such node exists, Misuki will tell you the one which minimizes $$$d(a,x)$$$. Find out the structure of Misuki's secret tree using at most $$$15n$$$ queries!InputEach test consists of multiple test cases. The first line contains a single integer $$$t$$$ ($$$1 \le t \le 200$$$) — the number of test cases.Each test case consists of a single line with an integer $$$n$$$ ($$$2 \le n \le 1000$$$), the number of nodes in the tree.It is guaranteed that the sum of $$$n$$$ across all test cases does not exceed $$$1000$$$.InteractionThe interaction begins by reading the integer $$$n$$$.Then you can make up to $$$15n$$$ queries.To make a query, output a line in the format ""? a b"" (without quotes) ($$$1 \le a,b \le n$$$). After each query, read an integer — the answer to your query.To report the answer, output a line in the format ""! $$$a_1$$$ $$$b_1$$$ $$$a_2$$$ $$$b_2$$$ ... $$$a_{n-1}$$$ $$$b_{n-1}$$$"" (without quotes), meaning that there is an edge between nodes $$$a_i$$$ and $$$b_i$$$, for each $$$1 \le i \le n-1$$$. You can print the edges in any order.After $$$15n$$$ queries have been made, the response to any other query will be $$$-1$$$. Once you receive such a response, terminate the program to receive the Wrong Answer verdict.After printing each line, do not forget to output the end of line and flush the output buffer. Otherwise, you will receive the Idleness limit exceeded verdict. To flush, use:  fflush(stdout) or cout.flush() in C++; System.out.flush() in Java; flush(output) in Pascal; stdout.flush() in Python; see the documentation for other languages.HacksFor hacks, use the following format: The first line contains an integer $$$t$$$ ($$$1 \le t \le 200$$$) — the number of test cases.The first line of each test contains an integer $$$n$$$ — the number of nodes in the hidden tree.Then $$$n-1$$$ lines follow. The $$$i$$$-th of them contains two integers $$$a_i$$$ and $$$b_i$$$ ($$$1 \le a_i, b_i \le n$$$), meaning that there is an edge between $$$a_i$$$ and $$$b_i$$$ in the hidden tree.The sum of $$$n$$$ over all test cases must not exceed $$$1000$$$.ExampleInput
1
4
1
1
3Output
? 1 2

? 1 3

? 1 4

! 1 2 1 3 3 4NoteA tree is an undirected acyclic connected graph. A tree with $$$n$$$ nodes will always have $$$n-1$$$ edges.In the example case, the answer to ""? 1 2"" is $$$1$$$. This means that there is an edge between nodes $$$1$$$ and $$$2$$$.The answer to ""? 1 3"" is $$$1$$$. This means that there is an edge between nodes $$$1$$$ and $$$3$$$.The answer to ""? 1 4"" is $$$3$$$. It can be proven that this can only happen if node $$$3$$$ is connected to both node $$$1$$$ and $$$4$$$.The edges of the tree are hence $$$(1,2)$$$, $$$(1,3)$$$ and $$$(3,4)$$$."
2001B,Generate Permutation,constructive algorithms,time limit per test,memory limit per test,"B. Generate Permutationtime limit per test1.5 secondsmemory limit per test256 megabytesinputstandard inputoutputstandard outputThere is an integer sequence $$$a$$$ of length $$$n$$$, where each element is initially $$$-1$$$.Misuki has two typewriters where the first one writes letters from left to right, with a pointer initially pointing to $$$1$$$, and another writes letters from right to left with a pointer initially pointing to $$$n$$$.Misuki would choose one of the typewriters and use it to perform the following operations until $$$a$$$ becomes a permutation of $$$[1, 2, \ldots, n]$$$  write number: write the minimum positive integer that isn't present in the array $$$a$$$ to the element $$$a_i$$$, $$$i$$$ is the position where the pointer points at. Such operation can be performed only when $$$a_i = -1$$$.  carriage return: return the pointer to its initial position (i.e. $$$1$$$ for the first typewriter, $$$n$$$ for the second)  move pointer: move the pointer to the next position, let $$$i$$$ be the position the pointer points at before this operation, if Misuki is using the first typewriter, $$$i := i + 1$$$ would happen, and $$$i := i - 1$$$ otherwise. Such operation can be performed only if after the operation, $$$1 \le i \le n$$$ holds. Your task is to construct any permutation $$$p$$$ of length $$$n$$$, such that the minimum number of carriage return operations needed to make $$$a = p$$$ is the same no matter which typewriter Misuki is using.InputEach test contains multiple test cases. The first line of input contains a single integer $$$t$$$ ($$$1 \le t \le 500$$$) — the number of test cases. The description of the test cases follows.The first line of each test case contains a single integer $$$n$$$ ($$$1 \le n \le 2 \cdot 10^5$$$) — the length of the permutation.It is guaranteed that the sum of $$$n$$$ over all test cases does not exceed $$$2 \cdot 10^5$$$.OutputFor each test case, output a line of $$$n$$$ integers, representing the permutation $$$p$$$ of length $$$n$$$ such that the minimum number of carriage return operations needed to make $$$a = p$$$ is the same no matter which typewriter Misuki is using, or $$$-1$$$ if it is impossible to do so.If there are multiple valid permutations, you can output any of them.ExampleInput
3
1
2
3
Output
1
-1
3 1 2NoteIn the first testcase, it's possible to make $$$a = p = [1]$$$ using $$$0$$$ carriage return operations.In the second testcase, it is possible to make $$$a = p = [1, 2]$$$ with the minimal number of carriage returns as follows:If Misuki is using the first typewriter:  Write number: write $$$1$$$ to $$$a_1$$$, $$$a$$$ becomes $$$[1, -1]$$$  Move pointer: move the pointer to the next position. (i.e. $$$2$$$)  Write number: write $$$2$$$ to $$$a_2$$$, $$$a$$$ becomes $$$[1, 2]$$$ If Misuki is using the second typewriter:  Move pointer: move the pointer to the next position. (i.e. $$$1$$$)  Write number: write $$$1$$$ to $$$a_1$$$, $$$a$$$ becomes $$$[1, -1]$$$  Carriage return: return the pointer to $$$2$$$.  Write number: write $$$2$$$ to $$$a_2$$$, $$$a$$$ becomes $$$[1, 2]$$$ It can be proven that the minimum number of carriage returns needed to transform $$$a$$$ into $$$p$$$ when using the first typewriter is $$$0$$$ and it is $$$1$$$ when using the second one, so this permutation is not valid.Similarly, $$$p = [2, 1]$$$ is also not valid, so there is no solution for $$$n = 2$$$.In the third testcase, it is possibile to make $$$a = p = [3, 1, 2]$$$ with $$$1$$$ carriage return with both the first and the second typewriter. It can be proven that, for both typewriters, it is impossible to write $$$p$$$ with $$$0$$$ carriage returns.With the first typewriter it is possible to:   Move pointer: move the pointer to the next position. (i.e. $$$2$$$)  Write number: write $$$1$$$ to $$$a_2$$$, $$$a$$$ becomes $$$[-1, 1, -1]$$$  Move pointer: move the pointer to the next position. (i.e. $$$3$$$)  Write number: write $$$2$$$ to $$$a_3$$$, $$$a$$$ becomes $$$[-1, 1, 2]$$$  Carriage return: return the pointer to $$$1$$$.  Write number: write $$$3$$$ to $$$a_1$$$, $$$a$$$ becomes $$$[3,1,2]$$$ With the second typewriter it is possible to:   Move pointer: move the pointer to the next position. (i.e. $$$2$$$)  Write number: write $$$1$$$ to $$$a_2$$$, $$$a$$$ becomes $$$[-1, 1, -1]$$$  Carriage return: return the pointer to $$$3$$$.  Write number: write $$$2$$$ to $$$a_3$$$, $$$a$$$ becomes $$$[-1, 1, 2]$$$  Move pointer: move the pointer to the next position. (i.e. $$$2$$$)  Move pointer: move the pointer to the next position. (i.e. $$$1$$$)  Write number: write $$$3$$$ to $$$a_1$$$, $$$a$$$ becomes $$$[3, 1, 2]$$$"
2001A,Make All Equal,"greedy, implementation",time limit per test,memory limit per test,"A. Make All Equaltime limit per test1 secondmemory limit per test256 megabytesinputstandard inputoutputstandard outputYou are given a cyclic array $$$a_1, a_2, \ldots, a_n$$$.You can perform the following operation on $$$a$$$ at most $$$n - 1$$$ times:  Let $$$m$$$ be the current size of $$$a$$$, you can choose any two adjacent elements where the previous one is no greater than the latter one (In particular, $$$a_m$$$ and $$$a_1$$$ are adjacent and $$$a_m$$$ is the previous one), and delete exactly one of them. In other words, choose an integer $$$i$$$ ($$$1 \leq i \leq m$$$) where $$$a_i \leq a_{(i \bmod m) + 1}$$$ holds, and delete exactly one of $$$a_i$$$ or $$$a_{(i \bmod m) + 1}$$$ from $$$a$$$. Your goal is to find the minimum number of operations needed to make all elements in $$$a$$$ equal.InputEach test contains multiple test cases. The first line contains the number of test cases $$$t$$$ ($$$1 \le t \le 500$$$). The description of the test cases follows.The first line of each test case contains a single integer $$$n$$$ ($$$1 \le n \le 100$$$) — the length of the array $$$a$$$.The second line of each test case contains $$$n$$$ integers $$$a_1, a_2, \ldots, a_n$$$ ($$$1 \le a_i \le n$$$) — the elements of array $$$a$$$.OutputFor each test case, output a single line containing an integer: the minimum number of operations needed to make all elements in $$$a$$$ equal.ExampleInput
71131 2 331 2 255 4 3 2 161 1 2 2 3 388 7 6 3 8 7 6 361 1 4 5 1 4Output
0
2
1
4
4
6
3
NoteIn the first test case, there is only one element in $$$a$$$, so we can't do any operation.In the second test case, we can perform the following operations to make all elements in $$$a$$$ equal:  choose $$$i = 2$$$, delete $$$a_3$$$, then $$$a$$$ would become $$$[1, 2]$$$.  choose $$$i = 1$$$, delete $$$a_1$$$, then $$$a$$$ would become $$$[2]$$$. It can be proven that we can't make all elements in $$$a$$$ equal using fewer than $$$2$$$ operations, so the answer is $$$2$$$."
2000H,Ksyusha and the Loaded Set,"binary search, brute force, data structures, implementation",time limit per test,memory limit per test,"H. Ksyusha and the Loaded Settime limit per test3 secondsmemory limit per test512 megabytesinputstandard inputoutputstandard outputKsyusha decided to start a game development company. To stand out among competitors and achieve success, she decided to write her own game engine. The engine must support a set initially consisting of $$$n$$$ distinct integers $$$a_1, a_2, \ldots, a_n$$$.The set will undergo $$$m$$$ operations sequentially. The operations can be of the following types:   Insert element $$$x$$$ into the set;  Remove element $$$x$$$ from the set;  Report the $$$k$$$-load of the set. The $$$k$$$-load of the set is defined as the minimum positive integer $$$d$$$ such that the integers $$$d, d + 1, \ldots, d + (k - 1)$$$ do not appear in this set. For example, the $$$3$$$-load of the set $$$\{3, 4, 6, 11\}$$$ is $$$7$$$, since the integers $$$7, 8, 9$$$ are absent from the set, and no smaller value fits.Ksyusha is busy with management tasks, so you will have to write the engine. Implement efficient support for the described operations.InputThe first line contains an integer $$$t$$$ ($$$1 \le t \le 10^4$$$) — the number of test cases.The following lines describe the test cases.The first line contains an integer $$$n$$$ ($$$1 \le n \le 2 \cdot 10^5$$$) — the initial size of the set.The second line contains $$$n$$$ integers $$$a_1, a_2, \ldots, a_n$$$ ($$$1 \le a_1 < a_2 < \ldots < a_n \le 2 \cdot 10^6$$$) — the initial state of the set.The third line contains an integer $$$m$$$ ($$$1 \le m \le 2 \cdot 10^5$$$) — the number of operations.The next $$$m$$$ lines contain the operations. The operations are given in the following format:   + $$$x$$$ ($$$1 \le x \le 2 \cdot 10^6$$$) — insert element $$$x$$$ into the set (it is guaranteed that $$$x$$$ is not in the set);  - $$$x$$$ ($$$1 \le x \le 2 \cdot 10^6$$$) — remove element $$$x$$$ from the set (it is guaranteed that $$$x$$$ is in the set);  ? $$$k$$$ ($$$1 \le k \le 2 \cdot 10^6$$$) — output the value of the $$$k$$$-load of the set. It is guaranteed that the sum of $$$n$$$ across all test cases does not exceed $$$2 \cdot 10^5$$$, and the same holds for $$$m$$$.OutputFor each test case, output the answers to the operations of type ""?"".ExampleInput
351 2 5 905 200000015- 2? 2? 1- 1? 1+ 4+ 2? 2+ 6- 4+ 7? 2? 3? 4? 200000053 4 5 6 89? 5- 5? 5+ 1? 2- 6- 8+ 6? 556 7 8 9 1010? 5- 6? 4- 10+ 5- 8+ 3+ 2- 3+ 10Output
2 2 1 6 3 8 8 2000001 
9 9 9 7 
1 1"
2000G,Call During the Journey,"binary search, brute force, graphs, greedy, shortest paths",time limit per test,memory limit per test,"G. Call During the Journeytime limit per test4 secondsmemory limit per test256 megabytesinputstandard inputoutputstandard outputYou live in a city consisting of $$$n$$$ intersections and $$$m$$$ streets connecting some pairs of intersections. You can travel in either direction on each street. No two streets connect the same pair of intersections, and no street connects an intersection to itself. You can reach any intersection from any other, possibly passing through some other intersections.Every minute, you can board a bus at intersection $$$u_i$$$ and travel for $$$l_{i1}$$$ minutes to intersection $$$v_i$$$. Conversely, you can travel from intersection $$$v_i$$$ to intersection $$$u_i$$$ in $$$l_{i1}$$$ minutes. You can only board and exit the bus at intersections. You can only board the bus at an intersection if you are currently there.You can also walk along each street, which takes $$$l_{i2} > l_{i1}$$$ minutes.You can make stops at intersections.You live at intersection number $$$1$$$. Today you woke up at time $$$0$$$, and you have an important event scheduled at intersection number $$$n$$$, which you must reach no later than time $$$t_0$$$. You also have a phone call planned that will last from $$$t_1$$$ to $$$t_2$$$ minutes ($$$t_1 < t_2 < t_0$$$). During the phone call, you cannot ride the bus, but you can walk along any streets, make stops, or stay at home. You can exit the bus at minute $$$t_1$$$ and board the bus again at minute $$$t_2$$$.Since you want to get enough sleep, you became curious — how late can you leave home to have time to talk on the phone and still not be late for the event?InputThe first line contains an integer $$$t$$$ ($$$1 \le t \le 10^4$$$) — the number of test cases. The following are the descriptions of the test cases.The first line of each test case contains two integers $$$n$$$, $$$m$$$ ($$$2 \le n \le 10^5, 1 \le m \le 10^5$$$) — the number of intersections and streets in the city.The second line of each test case contains three integers $$$t_0$$$, $$$t_1$$$, $$$t_2$$$ ($$$1 \le t_1 < t_2 < t_0 \le 10^9$$$) — the start time of the event, the start time of the phone call, and its end time, respectively.The next $$$m$$$ lines of each test case contain descriptions of the streets.The $$$i$$$-th line contains four integers $$$u_i$$$, $$$v_i$$$, $$$l_{i1}$$$, $$$l_{i2}$$$ ($$$1 \le u_i, v_i \le n$$$, $$$u_i \neq v_i$$$, $$$1 \le l_{i1} < l_{i2} \le 10^9$$$) — the numbers of the intersections connected by the $$$i$$$-th street, as well as the travel time along the street by bus and on foot. It is guaranteed that no two streets connect the same pair of intersections and that it is possible to reach any intersection from any other.It is guaranteed that the sum of the values of $$$n$$$ across all test cases does not exceed $$$10^5$$$. It is also guaranteed that the sum of the values of $$$m$$$ across all test cases does not exceed $$$10^5$$$.OutputFor each test case, output a single integer — the latest time you can leave home to have time to talk on the phone and not be late for the event. If you cannot reach the event on time, output -1.ExampleInput
75 5100 20 801 5 30 1001 2 20 502 3 20 503 4 20 504 5 20 502 1100 50 601 2 55 1104 4100 40 601 2 30 1002 4 30 1001 3 20 503 4 20 503 3100 80 901 2 1 102 3 10 501 3 20 213 258 55 572 1 1 32 3 3 42 112 9 102 1 6 105 58 5 62 1 1 82 3 4 84 2 2 45 3 3 44 5 2 6Output
0
-1
60
80
53
3
2"
2000F,Color Rows and Columns,"dp, greedy, implementation, math",time limit per test,memory limit per test,"F. Color Rows and Columnstime limit per test3 secondsmemory limit per test256 megabytesinputstandard inputoutputstandard outputYou have $$$n$$$ rectangles, the $$$i$$$-th of which has a width of $$$a_i$$$ and a height of $$$b_i$$$.You can perform the following operation an unlimited number of times: choose a rectangle and a cell in it, and then color it.Each time you completely color any row or column, you earn $$$1$$$ point. Your task is to score at least $$$k$$$ points with as few operations as possible.Suppose you have a rectangle with a width of $$$6$$$ and a height of $$$3$$$. You can score $$$4$$$ points by coloring all the cells in any $$$4$$$ columns, thus performing $$$12$$$ operations.InputThe first line contains an integer $$$t$$$ ($$$1 \le t \le 100$$$) — the number of test cases. The following are the descriptions of the test cases.The first line of each test case description contains two integers $$$n$$$ and $$$k$$$ ($$$1 \le n \le 1000, 1 \le k \le 100$$$) — the number of rectangles in the case and the required number of points.The next $$$n$$$ lines contain the descriptions of the rectangles. The $$$i$$$-th line contains two integers $$$a_i$$$ and $$$b_i$$$ ($$$1 \le a_i, b_i \le 100$$$) — the width and height of the $$$i$$$-th rectangle.It is guaranteed that the sum of the values of $$$n$$$ across all test cases does not exceed $$$1000$$$.OutputFor each test case, output a single integer — the minimum number of operations required to score at least $$$k$$$ points. If it is impossible to score at least $$$k$$$ points, output -1.ExampleInput
71 46 31 54 45 101 11 11 11 11 12 1001 25 63 112 23 34 43 259 24 38 104 185 48 58 36 2Output
12
14
5
-1
17
80
35"
2000E,Photoshoot for Gorillas,"combinatorics, data structures, greedy, math",time limit per test,memory limit per test,"E. Photoshoot for Gorillastime limit per test2 secondsmemory limit per test256 megabytesinputstandard inputoutputstandard outputYou really love gorillas, so you decided to organize a photoshoot for them. Gorillas live in the jungle. The jungle is represented as a grid of $$$n$$$ rows and $$$m$$$ columns. $$$w$$$ gorillas agreed to participate in the photoshoot, and the gorilla with index $$$i$$$ ($$$1 \le i \le w$$$) has a height of $$$a_i$$$. You want to place all the gorillas in the cells of the grid such that there is no more than one gorilla in each cell.The spectacle of the arrangement is equal to the sum of the spectacles of all sub-squares of the grid with a side length of $$$k$$$.The spectacle of a sub-square is equal to the sum of the heights of the gorillas in it.From all suitable arrangements, choose the arrangement with the maximum spectacle.InputThe first line contains an integer $$$t$$$ ($$$1 \le t \le 10^3$$$) — the number of test cases.The descriptions of the test cases follow.The first line contains integers $$$n$$$, $$$m$$$, $$$k$$$ ($$$1 \le n, m \le 2 \cdot 10^5$$$, $$$1 \le n \cdot m \le 2 \cdot 10^5$$$, $$$1 \le k \le \min(n, m)$$$) — the dimensions of the grid and the side length of the square.The second line contains an integer $$$w$$$ ($$$1 \le w \le n \cdot m$$$) — the number of gorillas.The third line contains $$$w$$$ integers $$$a_1, a_2, \ldots, a_w$$$ ($$$1 \le a_i \le 10^9$$$) — the heights of the gorillas.It is guaranteed that the sum of $$$n \cdot m$$$ across all test cases does not exceed $$$2 \cdot 10^5$$$. The same guarantee applies to $$$w$$$.OutputFor each test case, output a single integer — the maximum spectacle of a suitable arrangement.ExampleInput
53 4 291 1 1 1 1 1 1 1 12 1 125 720 15 794 1 4 5 6 1 1000000000 898 7771984 1 145 4 1499 20049 5 566 7 14 16 16 6Output
21
12
49000083104
3512
319
NoteIn the first test case of the first input set, the spectacle of the following sub-squares is summed:  Yellow color corresponds to the sub-squares, green — to the rest of the grid squares. The picture shows the optimal arrangement of the gorillas. The spectacle of the arrangement is $$$4 + 4 + 3 + 3 + 4 + 3 = 21$$$."
2000D,Right Left Wrong,"greedy, implementation, two pointers",time limit per test,memory limit per test,"D. Right Left Wrongtime limit per test2 secondsmemory limit per test256 megabytesinputstandard inputoutputstandard outputVlad found a strip of $$$n$$$ cells, numbered from left to right from $$$1$$$ to $$$n$$$. In the $$$i$$$-th cell, there is a positive integer $$$a_i$$$ and a letter $$$s_i$$$, where all $$$s_i$$$ are either 'L' or 'R'.Vlad invites you to try to score the maximum possible points by performing any (possibly zero) number of operations.In one operation, you can choose two indices $$$l$$$ and $$$r$$$ ($$$1 \le l < r \le n$$$) such that $$$s_l$$$ = 'L' and $$$s_r$$$ = 'R' and do the following:  add $$$a_l + a_{l + 1} + \dots + a_{r - 1} + a_r$$$ points to the current score;  replace $$$s_i$$$ with '.' for all $$$l \le i \le r$$$, meaning you can no longer choose these indices. For example, consider the following strip: $$$3$$$$$$5$$$$$$1$$$$$$4$$$$$$3$$$$$$2$$$LRLLLR You can first choose $$$l = 1$$$, $$$r = 2$$$ and add $$$3 + 5 = 8$$$ to your score. $$$3$$$$$$5$$$$$$1$$$$$$4$$$$$$3$$$$$$2$$$..LLLR Then choose $$$l = 3$$$, $$$r = 6$$$ and add $$$1 + 4 + 3 + 2 = 10$$$ to your score. $$$3$$$$$$5$$$$$$1$$$$$$4$$$$$$3$$$$$$2$$$...... As a result, it is impossible to perform another operation, and the final score is $$$18$$$.What is the maximum score that can be achieved?InputThe first line contains one integer $$$t$$$ ($$$1 \le t \le 10^4$$$) — the number of test cases.The first line of each test case contains one integer $$$n$$$ ($$$2 \le n \le 2 \cdot 10^5$$$) — the length of the strip.The second line of each test case contains $$$n$$$ integers $$$a_1, a_2, \dots, a_n$$$ ($$$1 \le a_i \le 10^5$$$) — the numbers written on the strip.The third line of each test case contains a string $$$s$$$ of $$$n$$$ characters 'L' and 'R'.It is guaranteed that the sum of the values of $$$n$$$ across all test cases does not exceed $$$2 \cdot 10^5$$$.OutputFor each test case, output one integer — the maximum possible number of points that can be scored.ExampleInput
463 5 1 4 3 2LRLLLR22 8LR23 9RL51 2 3 4 5LRLRROutput
18
10
0
22"
2000C,Numeric String Template,"data structures, strings",time limit per test,memory limit per test,"C. Numeric String Templatetime limit per test2 secondsmemory limit per test256 megabytesinputstandard inputoutputstandard outputKristina has an array $$$a$$$, called a template, consisting of $$$n$$$ integers. She also has $$$m$$$ strings, each consisting only of lowercase Latin letters. The strings are numbered from $$$1$$$ to $$$m$$$. She wants to check which strings match the template.A string $$$s$$$ is considered to match the template if all of the following conditions are simultaneously satisfied:  The length of the string $$$s$$$ is equal to the number of elements in the array $$$a$$$. The same numbers from $$$a$$$ correspond to the same symbols from $$$s$$$. So, if $$$a_i = a_j$$$, then $$$s_i = s_j$$$ for ($$$1 \le i, j \le n$$$). The same symbols from $$$s$$$ correspond to the same numbers from $$$a$$$. So, if $$$s_i = s_j$$$, then $$$a_i = a_j$$$ for ($$$1 \le i, j \le n$$$). In other words, there must be a one-to-one correspondence between the characters of the string and the elements of the array.For example, if $$$a$$$ = [$$$3, 5, 2, 1, 3$$$], then the string ""abfda"" matches the template, while the string ""afbfa"" does not, since the character ""f"" corresponds to both numbers $$$1$$$ and $$$5$$$.InputThe first line of input contains a single integer $$$t$$$ ($$$1 \le t \le 10^4$$$) — the number of test cases.The following descriptions are for the test cases.The first line of each test case contains a single integer $$$n$$$ ($$$1 \le n \le 2 \cdot 10^5$$$) — the number of elements in the array $$$a$$$.The second line of each test case contains exactly $$$n$$$ integers $$$a_i$$$ ($$$-10^9 \le a_i \le 10^9$$$) — the elements of the array $$$a$$$.The third line of each test case contains a single integer $$$m$$$ ($$$1 \le m \le 2 \cdot 10^5$$$) — the number of strings to check for template matching.Following are $$$m$$$ strings, each containing a non-empty string $$$s_j$$$ ($$$1 \le |s_j| \le 2 \cdot 10^5$$$), consisting of lowercase Latin letters.It is guaranteed that the sum of $$$n$$$ across all test cases does not exceed $$$2 \cdot 10^5$$$, and that the sum of the lengths of all strings does not exceed $$$2 \cdot 10^5$$$.OutputFor each test case, output $$$m$$$ lines. On the $$$i$$$-th line ($$$1 \le i \le m$$$) output:   ""YES"", if the string with index $$$i$$$ matches the template;  ""NO"" otherwise. You may output the answer in any case (for example, the strings ""yEs"", ""yes"", ""Yes"", and ""YES"" will be recognized as a positive answer).ExampleInput
353 5 2 1 32abfdaafbfa21 23ababcaa45 -3 5 -34aaaabcbcabacbcbOutput
YES
NO
YES
NO
NO
NO
YES
NO
YESNoteThe first test case is explained in the problem statement."
2000B,Seating in a Bus,two pointers,time limit per test,memory limit per test,"B. Seating in a Bustime limit per test2 secondsmemory limit per test256 megabytesinputstandard inputoutputstandard outputIn Berland, a bus consists of a row of $$$n$$$ seats numbered from $$$1$$$ to $$$n$$$. Passengers are advised to always board the bus following these rules:   If there are no occupied seats in the bus, a passenger can sit in any free seat; Otherwise, a passenger should sit in any free seat that has at least one occupied neighboring seat. In other words, a passenger can sit in a seat with index $$$i$$$ ($$$1 \le i \le n$$$) only if at least one of the seats with indices $$$i-1$$$ or $$$i+1$$$ is occupied. Today, $$$n$$$ passengers boarded the bus. The array $$$a$$$ chronologically records the seat numbers they occupied. That is, $$$a_1$$$ contains the seat number where the first passenger sat, $$$a_2$$$ — the seat number where the second passenger sat, and so on.You know the contents of the array $$$a$$$. Determine whether all passengers followed the recommendations.For example, if $$$n = 5$$$, and $$$a$$$ = [$$$5, 4, 2, 1, 3$$$], then the recommendations were not followed, as the $$$3$$$-rd passenger sat in seat number $$$2$$$, while the neighboring seats with numbers $$$1$$$ and $$$3$$$ were free.InputThe first line of input contains a single integer $$$t$$$ ($$$1 \le t \le 10^4$$$) — the number of test cases.The following describes the input test cases.The first line of each test case contains exactly one integer $$$n$$$ ($$$1 \le n \le 2 \cdot 10^5$$$) — the number of seats in the bus and the number of passengers who boarded the bus.The second line of each test case contains $$$n$$$ distinct integers $$$a_i$$$ ($$$1 \le a_i \le n$$$) — the seats that the passengers occupied in chronological order.It is guaranteed that the sum of $$$n$$$ values across all test cases does not exceed $$$2 \cdot 10^5$$$, and that no passenger sits in an already occupied seat.OutputFor each test case, output on a separate line:   ""YES"", if all passengers followed the recommendations;  ""NO"" otherwise. You may output the answer in any case (for example, the strings ""yEs"", ""yes"", ""Yes"", and ""YES"" will be recognized as a positive answer).ExampleInput
455 4 2 1 332 3 142 3 1 451 2 3 5 4Output
NO
YES
YES
NONoteThe first test case is explained in the problem statement."
2000A,Primary Task,"implementation, math, strings",time limit per test,memory limit per test,"A. Primary Tasktime limit per test1 secondmemory limit per test256 megabytesinputstandard inputoutputstandard outputDmitry wrote down $$$t$$$ integers on the board, and that is good. He is sure that he lost an important integer $$$n$$$ among them, and that is bad.The integer $$$n$$$ had the form $$$\text{10^x}$$$ ($$$x \ge 2$$$), where the symbol '$$$\text{^}$$$' denotes exponentiation.. Something went wrong, and Dmitry missed the symbol '$$$\text{^}$$$' when writing the important integer. For example, instead of the integer $$$10^5$$$, he would have written $$$105$$$, and instead of $$$10^{19}$$$, he would have written $$$1019$$$.Dmitry wants to understand which of the integers on the board could have been the important integer and which could not.InputThe first line of the input contains one integer $$$t$$$ ($$$1 \le t \le 10^4$$$) — the number of integers on the board.The next $$$t$$$ lines each contain an integer $$$a$$$ ($$$1 \le a \le 10000$$$) — the next integer from the board.OutputFor each integer on the board, output ""YES"" if it could have been the important integer and ""NO"" otherwise.You may output each letter in any case (lowercase or uppercase). For example, the strings ""yEs"", ""yes"", ""Yes"", and ""YES"" will be accepted as a positive answer.ExampleInput
71001010101105203310191002Output
NO
YES
NO
YES
NO
YES
NO"
1999G2,Ruler (hard version),"binary search, interactive, ternary search",time limit per test,memory limit per test,"G2. Ruler (hard version)time limit per test1 secondmemory limit per test256 megabytesinputstandard inputoutputstandard outputThis is the hard version of the problem. The only difference between the two versions is that in this version, you can make at most $$$\mathbf{7}$$$ queries.This is an interactive problem. If you are unsure how interactive problems work, then it is recommended to read the guide for participants.We have a secret ruler that is missing one number $$$x$$$ ($$$2 \leq x \leq 999$$$). When you measure an object of length $$$y$$$, the ruler reports the following values:   If $$$y < x$$$, the ruler (correctly) measures the object as having length $$$y$$$.  If $$$y \geq x$$$, the ruler incorrectly measures the object as having length $$$y+1$$$.  The ruler above is missing the number $$$4$$$, so it correctly measures the first segment as length $$$3$$$ but incorrectly measures the second segment as length $$$6$$$ even though it is actually $$$5$$$. You need to find the value of $$$x$$$. To do that, you can make queries of the following form:  $$$\texttt{?}~a~b$$$ — in response, we will measure the side lengths of an $$$a \times b$$$ rectangle with our ruler and multiply the results, reporting the measured area of the rectangle back to you. For example, if $$$x=4$$$ and you query a $$$3 \times 5$$$ rectangle, we will measure its side lengths as $$$3 \times 6$$$ and report $$$18$$$ back to you. Find the value of $$$x$$$. You can ask at most $$$\mathbf{7}$$$ queries.InputEach test contains multiple test cases. The first line of input contains a single integer $$$t$$$ ($$$1 \leq t \leq 1000$$$) — the number of test cases.InteractionThere is no initial input for each test case. You should begin the interaction by asking a query.To make a query, output a single line of the form $$$\texttt{?}~a~b$$$ ($$$1 \leq a, b \leq 1000$$$). In response, you will be told the measured area of the rectangle, according to our secret ruler.When you are ready to print the answer, output a single line of the form $$$\texttt{!}~x$$$ ($$$2 \leq x \leq 999$$$). After that, proceed to process the next test case or terminate the program if it was the last test case. Printing the answer does not count as a query.The interactor is not adaptive, meaning that the answer is known before the participant asks the queries and doesn't depend on the queries asked by the participant.If your program makes more than $$$7$$$ queries for one set of input data, makes an invalid query, or prints the wrong value of $$$x$$$, then the response to the query will be $$$-1$$$. After receiving such a response, your program should immediately terminate to receive the verdict Wrong Answer. Otherwise, you can get an arbitrary verdict because your solution will continue to read from a closed stream.After printing a query do not forget to output the end of line and flush the output. Otherwise, you may get Idleness limit exceeded verdict. To do this, use:   fflush(stdout) or cout.flush() in C++;  System.out.flush() in Java;  flush(output) in Pascal;  stdout.flush() in Python;  see the documentation for other languages. HacksTo make a hack, use the following format.The first line should contain a single integer $$$t$$$ ($$$1 \leq t \leq 1000$$$) — the number of test cases.The only line of each test case should contain a single integer $$$x$$$ ($$$2 \leq x \leq 999$$$) — the missing number on the ruler.ExampleInput
2

18

25


9999Output
? 3 5

? 4 4

! 4
? 99 100

! 100NoteIn the first test, the interaction proceeds as follows. SolutionJuryExplanation$$$\texttt{2}$$$There are 2 test cases.$$$\texttt{? 3 5}$$$$$$\texttt{18}$$$Secretly, the jury picked $$$x=4$$$. The solution requests the $$$3 \times 5$$$ rectangle, and the jury responds with $$$3 \times 6 = 18$$$, as described in the statement.$$$\texttt{? 4 4}$$$$$$\texttt{25}$$$The solution requests the $$$4 \times 4$$$ rectangle, which the jury measures as $$$5 \times 5$$$ and responds with $$$25$$$.$$$\texttt{! 4}$$$The solution has somehow determined that $$$x=4$$$, and outputs it. Since the output is correct, the jury continues to the next test case.$$$\texttt{? 99 100}$$$$$$\texttt{1}$$$Secretly, the jury picked $$$x=100$$$. The solution requests the $$$99 \times 100$$$ rectangle, which the jury measures as $$$99 \times 101$$$ and responds with $$$9999$$$.$$$\texttt{! 100}$$$The solution has somehow determined that $$$x=100$$$, and outputs it. Since the output is correct and there are no more test cases, the jury and the solution exit. Note that the line breaks in the example input and output are for the sake of clarity, and do not occur in the real interaction."
1999G1,Ruler (easy version),"binary search, interactive",time limit per test,memory limit per test,"G1. Ruler (easy version)time limit per test1 secondmemory limit per test256 megabytesinputstandard inputoutputstandard outputThis is the easy version of the problem. The only difference between the two versions is that in this version, you can make at most $$$\mathbf{10}$$$ queries.This is an interactive problem. If you are unsure how interactive problems work, then it is recommended to read the guide for participants.We have a secret ruler that is missing one number $$$x$$$ ($$$2 \leq x \leq 999$$$). When you measure an object of length $$$y$$$, the ruler reports the following values:   If $$$y < x$$$, the ruler (correctly) measures the object as having length $$$y$$$.  If $$$y \geq x$$$, the ruler incorrectly measures the object as having length $$$y+1$$$.  The ruler above is missing the number $$$4$$$, so it correctly measures the first segment as length $$$3$$$ but incorrectly measures the second segment as length $$$6$$$ even though it is actually $$$5$$$. You need to find the value of $$$x$$$. To do that, you can make queries of the following form:  $$$\texttt{?}~a~b$$$ — in response, we will measure the side lengths of an $$$a \times b$$$ rectangle with our ruler and multiply the results, reporting the measured area of the rectangle back to you. For example, if $$$x=4$$$ and you query a $$$3 \times 5$$$ rectangle, we will measure its side lengths as $$$3 \times 6$$$ and report $$$18$$$ back to you. Find the value of $$$x$$$. You can ask at most $$$\mathbf{10}$$$ queries.InputEach test contains multiple test cases. The first line of input contains a single integer $$$t$$$ ($$$1 \leq t \leq 1000$$$) — the number of test cases.InteractionThere is no initial input for each test case. You should begin the interaction by asking a query.To make a query, output a single line of the form $$$\texttt{?}~a~b$$$ ($$$1 \leq a, b \leq 1000$$$). In response, you will be told the measured area of the rectangle, according to our secret ruler.When you are ready to print the answer, output a single line of the form $$$\texttt{!}~x$$$ ($$$2 \leq x \leq 999$$$). After that, proceed to process the next test case or terminate the program if it was the last test case. Printing the answer does not count as a query.The interactor is not adaptive, meaning that the answer is known before the participant asks the queries and doesn't depend on the queries asked by the participant.If your program makes more than $$$10$$$ queries for one set of input data, makes an invalid query, or prints the wrong value of $$$x$$$, then the response to the query will be $$$-1$$$. After receiving such a response, your program should immediately terminate to receive the verdict Wrong Answer. Otherwise, you can get an arbitrary verdict because your solution will continue to read from a closed stream.After printing a query do not forget to output the end of line and flush the output. Otherwise, you may get Idleness limit exceeded verdict. To do this, use:   fflush(stdout) or cout.flush() in C++;  System.out.flush() in Java;  flush(output) in Pascal;  stdout.flush() in Python;  see the documentation for other languages. HacksTo make a hack, use the following format.The first line should contain a single integer $$$t$$$ ($$$1 \leq t \leq 1000$$$) — the number of test cases.The only line of each test case should contain a single integer $$$x$$$ ($$$2 \leq x \leq 999$$$) — the missing number on the ruler.ExampleInput
2

18

25


9999Output
? 3 5

? 4 4

! 4
? 99 100

! 100NoteIn the first test, the interaction proceeds as follows. SolutionJuryExplanation$$$\texttt{2}$$$There are 2 test cases.$$$\texttt{? 3 5}$$$$$$\texttt{18}$$$Secretly, the jury picked $$$x=4$$$. The solution requests the $$$3 \times 5$$$ rectangle, and the jury responds with $$$3 \times 6 = 18$$$, as described in the statement.$$$\texttt{? 4 4}$$$$$$\texttt{25}$$$The solution requests the $$$4 \times 4$$$ rectangle, which the jury measures as $$$5 \times 5$$$ and responds with $$$25$$$.$$$\texttt{! 4}$$$The solution has somehow determined that $$$x=4$$$, and outputs it. Since the output is correct, the jury continues to the next test case.$$$\texttt{? 99 100}$$$$$$\texttt{1}$$$Secretly, the jury picked $$$x=100$$$. The solution requests the $$$99 \times 100$$$ rectangle, which the jury measures as $$$99 \times 101$$$ and responds with $$$9999$$$.$$$\texttt{! 100}$$$The solution has somehow determined that $$$x=100$$$, and outputs it. Since the output is correct and there are no more test cases, the jury and the solution exit. Note that the line breaks in the example input and output are for the sake of clarity, and do not occur in the real interaction."
1999F,Expected Median,"combinatorics, math",time limit per test,memory limit per test,"F. Expected Mediantime limit per test3 secondsmemory limit per test256 megabytesinputstandard inputoutputstandard outputArul has a binary array$$$^{\text{∗}}$$$ $$$a$$$ of length $$$n$$$.He will take all subsequences$$$^{\text{†}}$$$ of length $$$k$$$ ($$$k$$$ is odd) of this array and find their median.$$$^{\text{‡}}$$$What is the sum of all these values?As this sum can be very large, output it modulo $$$10^9 + 7$$$. In other words, print the remainder of this sum when divided by $$$10^9 + 7$$$.$$$^{\text{∗}}$$$A binary array is an array consisting only of zeros and ones.$$$^{\text{†}}$$$An array $$$b$$$ is a subsequence of an array $$$a$$$ if $$$b$$$ can be obtained from $$$a$$$ by the deletion of several (possibly, zero or all) elements. Subsequences don't have to be contiguous.$$$^{\text{‡}}$$$The median of an array of odd length $$$k$$$ is the $$$\frac{k+1}{2}$$$-th element when sorted.InputThe first line contains a single integer $$$t$$$ ($$$1 \leq t \leq 10^4$$$) — the number of test cases.The first line of each test case contains two integers $$$n$$$ and $$$k$$$ ($$$1 \leq k \leq n \leq 2 \cdot 10^5$$$, $$$k$$$ is odd) — the length of the array and the length of the subsequence, respectively.The second line of each test case contains $$$n$$$ integers $$$a_i$$$ ($$$0 \leq a_i \leq 1$$$) — the elements of the array.It is guaranteed that sum of $$$n$$$ over all test cases does not exceed $$$2 \cdot 10^5$$$.OutputFor each test case, print the sum modulo $$$10^9 + 7$$$.ExampleInput
84 31 0 0 15 11 1 1 1 15 50 1 0 1 06 31 0 1 0 1 14 31 0 1 15 31 0 1 1 02 10 034 171 1 1 1 1 1 1 1 1 1 1 1 1 1 1 1 1 1 1 1 1 1 1 1 1 1 1 1 1 1 1 1 1 1Output
2
5
0
16
4
7
0
333606206
NoteIn the first test case, there are four subsequences of $$$[1,0,0,1]$$$ with length $$$k=3$$$:   $$$[1,0,0]$$$: median $$$= 0$$$.  $$$[1,0,1]$$$: median $$$= 1$$$.  $$$[1,0,1]$$$: median $$$= 1$$$.  $$$[0,0,1]$$$: median $$$= 0$$$.  The sum of the results is $$$0+1+1+0=2$$$.In the second test case, all subsequences of length $$$1$$$ have median $$$1$$$, so the answer is $$$5$$$."
1999E,Triple Operations,"dp, implementation, math",time limit per test,memory limit per test,"E. Triple Operationstime limit per test1 secondmemory limit per test256 megabytesinputstandard inputoutputstandard outputOn the board Ivy wrote down all integers from $$$l$$$ to $$$r$$$, inclusive.In an operation, she does the following:   pick two numbers $$$x$$$ and $$$y$$$ on the board, erase them, and in their place write the numbers $$$3x$$$ and $$$\lfloor \frac{y}{3} \rfloor$$$. (Here $$$\lfloor \bullet \rfloor$$$ denotes rounding down to the nearest integer). What is the minimum number of operations Ivy needs to make all numbers on the board equal $$$0$$$? We have a proof that this is always possible.InputThe first line contains an integer $$$t$$$ ($$$1 \leq t \leq 10^4$$$) — the number of test cases.The only line of each test case contains two integers $$$l$$$ and $$$r$$$ ($$$1 \leq l < r \leq 2 \cdot 10^5$$$).OutputFor each test case, output a single integer — the minimum number of operations needed to make all numbers on the board equal $$$0$$$.ExampleInput
41 32 4199999 20000019 84Output
5
6
36
263
NoteIn the first test case, we can perform $$$5$$$ operations as follows: $$$$$$ 1,2,3 \xrightarrow[x=1,\,y=2]{} 3,0,3 \xrightarrow[x=0,\,y=3]{} 1,0,3 \xrightarrow[x=0,\,y=3]{} 1,0,1 \xrightarrow[x=0,\,y=1]{} 0,0,1 \xrightarrow[x=0,\,y=1]{} 0,0,0 .$$$$$$"
1999D,Slavic's Exam,"greedy, implementation, strings",time limit per test,memory limit per test,"D. Slavic's Examtime limit per test2 secondsmemory limit per test256 megabytesinputstandard inputoutputstandard outputSlavic has a very tough exam and needs your help in order to pass it. Here is the question he is struggling with:There exists a string $$$s$$$, which consists of lowercase English letters and possibly zero or more ""?"". Slavic is asked to change each ""?"" to a lowercase English letter such that string $$$t$$$ becomes a subsequence (not necessarily continuous) of the string $$$s$$$. Output any such string, or say that it is impossible in case no string that respects the conditions exists.InputThe first line contains a single integer $$$T$$$ ($$$1 \leq T \leq 10^4$$$) — the number of test cases.The first line of each test case contains a single string $$$s$$$ ($$$1 \leq |s| \leq 2 \cdot 10^5$$$, and $$$s$$$ consists only of lowercase English letters and ""?""-s)  – the original string you have.The second line of each test case contains a single string $$$t$$$ ($$$1 \leq |t| \leq |s|$$$, and $$$t$$$ consists only of lowercase English letters)  – the string that should be a subsequence of string $$$s$$$.The sum of $$$|s|$$$ over all test cases doesn't exceed $$$2 \cdot 10^5$$$, where $$$|x|$$$ denotes the length of the string $$$x$$$.OutputFor each test case, if no such string exists as described in the statement, output ""NO"" (without quotes).Otherwise, output ""YES"" (without quotes). Then, output one line — the string that respects all conditions.You can output ""YES"" and ""NO"" in any case (for example, strings ""yEs"", ""yes"", and ""Yes"" will be recognized as a positive response).If multiple answers are possible, you can output any of them.ExampleInput
5?????xbxab??eabcdeayy?xaab??edacpaiumomOutput
YES
xabax
YES
abcde
YES
ayyyx
NO
NO"
1999C,Showering,"greedy, implementation",time limit per test,memory limit per test,"C. Showeringtime limit per test2 secondsmemory limit per test256 megabytesinputstandard inputoutputstandard outputAs a computer science student, Alex faces a hard challenge — showering. He tries to shower daily, but despite his best efforts there are always challenges. He takes $$$s$$$ minutes to shower and a day only has $$$m$$$ minutes! He already has $$$n$$$ tasks planned for the day. Task $$$i$$$ is represented as an interval $$$(l_i$$$, $$$r_i)$$$, which means that Alex is busy and can not take a shower in that time interval (at any point in time strictly between $$$l_i$$$ and $$$r_i$$$). No two tasks overlap.Given all $$$n$$$ time intervals, will Alex be able to shower that day? In other words, will Alex have a free time interval of length at least $$$s$$$? In the first test case, Alex can shower for the first $$$3$$$ minutes of the day and not miss any of the tasks. InputThe first line contains a single integer $$$t$$$ ($$$1 \leq t \leq 10^4$$$) — the number of test cases.The first line of each test case contains three integers $$$n$$$, $$$s$$$, and $$$m$$$ ($$$1 \leq n \leq 2 \cdot 10^5$$$; $$$1 \leq s, m \leq 10^9$$$) — the number of time intervals Alex already has planned, the amount of time Alex takes to take a shower, and the amount of minutes a day has.Then $$$n$$$ lines follow, the $$$i$$$-th of which contains two integers $$$l_i$$$ and $$$r_i$$$ ($$$0 \leq l_i < r_i \leq m$$$) — the time interval of the $$$i$$$-th task. No two tasks overlap.Additional constraint on the input: $$$l_i > r_{i-1}$$$ for every $$$i > 1$$$.The sum of $$$n$$$ over all test cases does not exceed $$$2 \cdot 10^5$$$. OutputFor each test case output ""YES"" (without quotes) if Alex can take a shower for that given test case, and ""NO"" (also without quotes) otherwise.You can output ""YES"" and ""NO"" in any case (for example, strings ""yEs"", ""yes"", and ""Yes"" will be recognized as a positive response).ExampleInput
43 3 103 56 89 103 3 101 23 56 73 3 101 23 56 83 4 101 26 78 9Output
YES
YES
NO
YES"
1999B,Card Game,"brute force, constructive algorithms, implementation",time limit per test,memory limit per test,"B. Card Gametime limit per test2 secondsmemory limit per test256 megabytesinputstandard inputoutputstandard outputSuneet and Slavic play a card game. The rules of the game are as follows:  Each card has an integer value between $$$1$$$ and $$$10$$$.  Each player receives $$$2$$$ cards which are face-down (so a player doesn't know their cards).  The game is turn-based and consists exactly of two turns. In a round, both players pick a random unflipped card and flip it. The player who flipped a card with a strictly greater number wins the round. In case of equality, no one wins the round.  A player wins a game if he wins the most number of rounds (i.e. strictly greater than the other player). In case of equality, no one wins the game. Since Suneet and Slavic aren't best friends, you need to calculate the number of ways the game could happen that Suneet would end up as the winner.For a better understanding, please check the notes section.InputThe first line contains an integer $$$t$$$ ($$$1 \leq t \leq 10^4$$$) — the number of test cases.The first and only line of each test case contains $$$4$$$ integers $$$a_1$$$, $$$a_2$$$, $$$b_1$$$, $$$b_2$$$ ($$$1 \leq a_1, a_2, b_1, b_2 \leq 10$$$) where $$$a_1$$$ and $$$a_2$$$ represent the cards Suneet has, and $$$b_1$$$ and $$$b_2$$$ represent the cards Slavic has, respectively.OutputFor each test case, output a single integer — the number of games Suneet would win considering all possible games.ExampleInput
53 8 2 61 1 1 110 10 2 21 1 10 103 8 7 2Output
2
0
4
0
2
NoteConsider the first test case when Slavic starts with the cards that have the values $$$2$$$ and $$$6$$$, and Suneet starts with cards that have the values $$$3$$$ and $$$8$$$. The game could happen in $$$4$$$ different ways:  Suneet flips $$$3$$$ and Slavic flips $$$2$$$. Suneet wins the first round. Then, Suneet flips $$$8$$$ and Slavic flips $$$6$$$. Suneet wins the second round as well. Since Suneet won $$$2$$$ rounds, he wins the game.  Suneet flips $$$3$$$ and Slavic flips $$$6$$$. Slavic wins the first round. Then, Suneet flips $$$8$$$ and Slavic flips $$$2$$$. Suneet wins the second round. Nobody wins since both players won an equal amount of rounds.  Suneet flips $$$8$$$ and Slavic flips $$$6$$$. Suneet wins the first round. Then, Suneet flips $$$3$$$ and Slavic flips $$$2$$$. Suneet wins the second round as well. Since Suneet won $$$2$$$ rounds, he wins the game.  Suneet flips $$$8$$$ and Slavic flips $$$2$$$. Suneet wins the first round. Then, Suneet flips $$$3$$$ and Slavic flips $$$6$$$. Slavic wins the round. Nobody wins since both players won an equal amount of rounds."
1999A,A+B Again?,"implementation, math",time limit per test,memory limit per test,"A. A+B Again?time limit per test1 secondmemory limit per test256 megabytesinputstandard inputoutputstandard outputGiven a two-digit positive integer $$$n$$$, find the sum of its digits.InputThe first line contains an integer $$$t$$$ ($$$1 \leq t \leq 90$$$) — the number of test cases.The only line of each test case contains a single two-digit positive integer $$$n$$$ ($$$10 \leq n \leq 99$$$).OutputFor each test case, output a single integer — the sum of the digits of $$$n$$$.ExampleInput
87721403419841099Output
14
3
4
7
10
12
1
18"
1998E2,Eliminating Balls With Merging (Hard Version),"binary search, brute force, data structures, divide and conquer, greedy, implementation",time limit per test,memory limit per test,"E2. Eliminating Balls With Merging (Hard Version)time limit per test4 secondsmemory limit per test512 megabytesinputstandard inputoutputstandard outputDrink water.— Sun Tzu, The Art of Becoming a Healthy ProgrammerThis is the hard version of the problem. The only difference is that $$$x=1$$$ in this version. You must solve both versions to be able to hack.You are given two integers $$$n$$$ and $$$x$$$ ($$$x=1$$$). There are $$$n$$$ balls lined up in a row, numbered from $$$1$$$ to $$$n$$$ from left to right. Initially, there is a value $$$a_i$$$ written on the $$$i$$$-th ball.For each integer $$$i$$$ from $$$1$$$ to $$$n$$$, we define a function $$$f(i)$$$ as follows:   Suppose you have a set $$$S = \{1, 2, \ldots, i\}$$$.  In each operation, you have to select an integer $$$l$$$ ($$$1 \leq l < i$$$) from $$$S$$$ such that $$$l$$$ is not the largest element of $$$S$$$. Suppose $$$r$$$ is the smallest element in $$$S$$$ which is greater than $$$l$$$.   If $$$a_l > a_r$$$, you set $$$a_l = a_l + a_r$$$ and remove $$$r$$$ from $$$S$$$.  If $$$a_l < a_r$$$, you set $$$a_r = a_l + a_r$$$ and remove $$$l$$$ from $$$S$$$.  If $$$a_l = a_r$$$, you choose either the integer $$$l$$$ or $$$r$$$ to remove from $$$S$$$:   If you choose to remove $$$l$$$ from $$$S$$$, you set $$$a_r = a_l + a_r$$$ and remove $$$l$$$ from $$$S$$$.  If you choose to remove $$$r$$$ from $$$S$$$, you set $$$a_l = a_l + a_r$$$ and remove $$$r$$$ from $$$S$$$.    $$$f(i)$$$ denotes the number of integers $$$j$$$ ($$$1 \le j \le i$$$) such that it is possible to obtain $$$S = \{j\}$$$ after performing the above operations exactly $$$i - 1$$$ times. For each integer $$$i$$$ from $$$x$$$ to $$$n$$$, you need to find $$$f(i)$$$.InputThe first line contains $$$t$$$ ($$$1 \leq t \leq 10^4$$$) — the number of test cases.The first line of each test case contains two integers $$$n$$$ and $$$x$$$ ($$$1 \leq n \leq 2 \cdot 10^5; x = 1$$$) — the number of balls and the smallest index $$$i$$$ for which you need to find $$$f(i)$$$.The second line of each test case contains $$$a_1, a_2, \ldots, a_n$$$ ($$$1 \leq a_i \leq 10^9$$$) — the initial number written on each ball.It is guaranteed that the sum of $$$n$$$ over all test cases does not exceed $$$2 \cdot 10^5$$$.OutputFor each test case, output $$$n-x+1$$$ space separated integers on a new line, where the $$$j$$$-th integer should represent $$$f(x+j-1)$$$.ExampleInput
35 11 2 3 2 17 14 5 1 2 1 4 511 11 2 3 1 1 9 3 2 4 1 3Output
1 1 2 2 3
1 1 1 1 1 3 4
1 1 2 2 2 1 1 1 3 3 4
NoteIn the first test case, below are the possible values of $$$j$$$ for each $$$f(i)$$$ from $$$1$$$ to $$$n$$$.  For $$$f(1)$$$, the only possible value of $$$j$$$ is $$$1$$$.  For $$$f(2)$$$, the only possible value of $$$j$$$ is $$$2$$$.  For $$$f(3)$$$, the possible values of $$$j$$$ are $$$2$$$ and $$$3$$$.  For $$$f(4)$$$, the possible values of $$$j$$$ are $$$2$$$ and $$$3$$$.  For $$$f(5)$$$, the possible values of $$$j$$$ are $$$2$$$, $$$3$$$, and $$$4$$$."
1998E1,Eliminating Balls With Merging (Easy Version),"binary search, brute force, data structures, divide and conquer, greedy",time limit per test,memory limit per test,"E1. Eliminating Balls With Merging (Easy Version)time limit per test4 secondsmemory limit per test512 megabytesinputstandard inputoutputstandard outputDrink water.— Sun Tzu, The Art of Becoming a Healthy ProgrammerThis is the easy version of the problem. The only difference is that $$$x=n$$$ in this version. You must solve both versions to be able to hack.You are given two integers $$$n$$$ and $$$x$$$ ($$$x=n$$$). There are $$$n$$$ balls lined up in a row, numbered from $$$1$$$ to $$$n$$$ from left to right. Initially, there is a value $$$a_i$$$ written on the $$$i$$$-th ball.For each integer $$$i$$$ from $$$1$$$ to $$$n$$$, we define a function $$$f(i)$$$ as follows:   Suppose you have a set $$$S = \{1, 2, \ldots, i\}$$$.  In each operation, you have to select an integer $$$l$$$ ($$$1 \leq l < i$$$) from $$$S$$$ such that $$$l$$$ is not the largest element of $$$S$$$. Suppose $$$r$$$ is the smallest element in $$$S$$$ which is greater than $$$l$$$.   If $$$a_l > a_r$$$, you set $$$a_l = a_l + a_r$$$ and remove $$$r$$$ from $$$S$$$.  If $$$a_l < a_r$$$, you set $$$a_r = a_l + a_r$$$ and remove $$$l$$$ from $$$S$$$.  If $$$a_l = a_r$$$, you choose either the integer $$$l$$$ or $$$r$$$ to remove from $$$S$$$:   If you choose to remove $$$l$$$ from $$$S$$$, you set $$$a_r = a_l + a_r$$$ and remove $$$l$$$ from $$$S$$$.  If you choose to remove $$$r$$$ from $$$S$$$, you set $$$a_l = a_l + a_r$$$ and remove $$$r$$$ from $$$S$$$.    $$$f(i)$$$ denotes the number of integers $$$j$$$ ($$$1 \le j \le i$$$) such that it is possible to obtain $$$S = \{j\}$$$ after performing the above operations exactly $$$i - 1$$$ times. For each integer $$$i$$$ from $$$x$$$ to $$$n$$$, you need to find $$$f(i)$$$.InputThe first line contains $$$t$$$ ($$$1 \leq t \leq 10^4$$$) — the number of test cases.The first line of each test case contains two integers $$$n$$$ and $$$x$$$ ($$$1 \leq n \leq 2 \cdot 10^5; x = n$$$) — the number of balls and the smallest index $$$i$$$ for which you need to find $$$f(i)$$$.The second line of each test case contains $$$a_1, a_2, \ldots, a_n$$$ ($$$1 \leq a_i \leq 10^9$$$) — the initial number written on each ball.It is guaranteed that the sum of $$$n$$$ over all test cases does not exceed $$$2 \cdot 10^5$$$.OutputFor each test case, output $$$n-x+1$$$ space separated integers on a new line, where the $$$j$$$-th integer should represent $$$f(x+j-1)$$$.ExampleInput
35 51 2 3 2 17 74 5 1 2 1 4 511 111 2 3 1 1 9 3 2 4 1 3Output
3
4
4
NoteIn the first test case, you are required to calculate $$$f(5)$$$. It can be shown that after $$$4$$$ operations, $$$S$$$ can contain $$$2$$$, $$$3$$$, or $$$4$$$. The following shows the operations required to make $$$S = \{4\}$$$.  Initially, $$$S = \{1, 2, 3, 4, 5\}$$$ and $$$a = [1, 2, 3, 2, 1]$$$.  Choose $$$l = 1$$$. Naturally, $$$r = 2$$$. Since $$$a_1 < a_2$$$, we set $$$a_2 = 1 + 2$$$ and remove $$$1$$$ from $$$S$$$. Now, $$$S = \{2, 3, 4, 5\}$$$ and $$$a = [1, 3, 3, 2, 1]$$$.  Choose $$$l = 4$$$. Naturally, $$$r = 5$$$. Since $$$a_4 > a_5$$$, we set $$$a_4 = 2 + 1$$$ and remove $$$5$$$ from $$$S$$$. Now, $$$S = \{2, 3, 4\}$$$ and $$$a = [1, 3, 3, 3, 1]$$$.  Choose $$$l = 3$$$. Naturally, $$$r = 4$$$. Since $$$a_3 = a_4$$$, we have a choice whether to remove $$$3$$$ or $$$4$$$. Since we want to preserve $$$4$$$, let's remove $$$3$$$. So, set $$$a_4 = 3 + 3$$$ and remove $$$3$$$ from $$$S$$$. Now, $$$S = \{2, 4\}$$$ and $$$a = [1, 3, 3, 6, 1]$$$.  Choose $$$l = 2$$$. Naturally, $$$r = 4$$$. Since $$$a_2 < a_4$$$, we set $$$a_4 = 3 + 6$$$ and remove $$$2$$$ from $$$S$$$. Finally, $$$S = \{4\}$$$ and $$$a = [1, 3, 3, 9, 1]$$$. In the second test case, you are required to calculate $$$f(7)$$$. It can be shown that after $$$6$$$ operations, $$$S$$$ can contain $$$2$$$, $$$4$$$, $$$6$$$, or $$$7$$$."
1998D,Determine Winning Islands in Race,"data structures, dp, graphs, greedy, shortest paths",time limit per test,memory limit per test,"D. Determine Winning Islands in Racetime limit per test2 secondsmemory limit per test256 megabytesinputstandard inputoutputstandard outputMOOOOOOOOOOOOOOOOO— Bessie the Cow, The Art of Racing on IslandsTwo of Farmer John's cows, Bessie and Elsie, are planning to race on $$$n$$$ islands. There are $$$n - 1$$$ main bridges, connecting island $$$i$$$ to island $$$i + 1$$$ for all $$$1 \leq i \leq n - 1$$$. Additionally, there are $$$m$$$ alternative bridges. Elsie can use both main and alternative bridges, while Bessie can only use main bridges. All bridges are one way and can only be used to travel from an island with a lower index to an island with a higher index.Initially, Elsie starts on island $$$1$$$, and Bessie starts on island $$$s$$$. The cows alternate turns, with Bessie making the first turn. Suppose the cow is on island $$$i$$$. During a cow's turn, if there are any bridges connecting island $$$i$$$ to island $$$j$$$, then the cow can move to island $$$j$$$. Then, island $$$i$$$ collapses, and all bridges connecting to island $$$i$$$ also collapse. Also, note the following:  If there are no bridges connecting island $$$i$$$ to another island, then island $$$i$$$ collapses, and this cow is eliminated from the race.  If the other cow is also on island $$$i$$$, then after this cow moves to another island, the island collapses, and the other cow is eliminated from the race.  After an island or bridge collapses, no cows may use them.  If a cow is eliminated, their turn is skipped for the rest of the race. The race ends once either cow reaches island $$$n$$$. It can be shown that regardless of the cows' strategies, at least one cow reaches island $$$n$$$. Bessie wins if and only if she reaches island $$$n$$$ first.For each $$$1 \leq s \leq n - 1$$$, determine whether Bessie wins if she starts the race on island $$$s$$$. Assume both cows follow optimal strategies to ensure their own respective victories.InputThe first line contains $$$t$$$ ($$$1 \leq t \leq 10^4$$$) – the number of test cases.The first line of each test case contains $$$n$$$ and $$$m$$$ ($$$2 \leq n \leq 2 \cdot 10^5$$$, $$$0 \leq m \leq 2 \cdot 10^5$$$) – the number of islands and the number of alternative bridges.The next $$$m$$$ lines of each test case contain $$$u$$$ and $$$v$$$ ($$$1 \leq u < v \leq n$$$) – the islands that the alternative bridge connects. It is guaranteed all alternative bridges are distinct, and they do not coincide with the main bridges.It is guaranteed that neither the sum of $$$n$$$ nor the sum of $$$m$$$ over all test cases exceeds $$$2 \cdot 10^5$$$.OutputFor each test case, output a binary string of length $$$n - 1$$$ on a new line. The $$$i$$$'th character is $$$1$$$ if it is possible for Bessie to win if she starts on island $$$i$$$. Otherwise, it is $$$0$$$.ExampleInput
56 06 12 66 11 510 41 31 62 73 815 32 84 98 15Output
11111
11011
10011
100001111
11000111000111
NoteIn the first test case, there are no alternative bridges for Elsie to overtake Bessie and reach island $$$n$$$ first, so Bessie will win on all islands because she always moves first.In the second case, Bessie will lose if she starts on island $$$3$$$ because:  Bessie's Turn: Take a main bridge from island $$$3$$$ to island $$$4$$$.  Elsie's Turn: Take a main bridge from island $$$1$$$ to island $$$2$$$.  Bessie's Turn: Take a main bridge from island $$$4$$$ to island $$$5$$$.  Elsie's Turn: Take an alternative bridge from island $$$2$$$ to island $$$6$$$. Elsie reaches island $$$n$$$ first."
1998C,Perform Operations to Maximize Score,"binary search, brute force, constructive algorithms, greedy, implementation",time limit per test,memory limit per test,"C. Perform Operations to Maximize Scoretime limit per test3 secondsmemory limit per test256 megabytesinputstandard inputoutputstandard outputI see satyam343. I'm shaking. Please more median problems this time. I love those. Please satyam343 we believe in you.— satyam343's biggest fanYou are given an array $$$a$$$ of length $$$n$$$ and an integer $$$k$$$. You are also given a binary array $$$b$$$ of length $$$n$$$. You can perform the following operation at most $$$k$$$ times:   Select an index $$$i$$$ ($$$1 \leq i \leq n$$$) such that $$$b_i = 1$$$. Set $$$a_i = a_i + 1$$$ (i.e., increase $$$a_i$$$ by $$$1$$$). Your score is defined to be $$$\max\limits_{i = 1}^{n} \left( a_i + \operatorname{median}(c_i) \right)$$$, where $$$c_i$$$ denotes the array of length $$$n-1$$$ that you get by deleting $$$a_i$$$ from $$$a$$$. In other words, your score is the maximum value of $$$a_i + \operatorname{median}(c_i)$$$ over all $$$i$$$ from $$$1$$$ to $$$n$$$.Find the maximum score that you can achieve if you perform the operations optimally.For an arbitrary array $$$p$$$, $$$\operatorname{median}(p)$$$ is defined as the $$$\left\lfloor \frac{|p|+1}{2} \right\rfloor$$$-th smallest element of $$$p$$$. For example, $$$\operatorname{median} \left( [3,2,1,3] \right) = 2$$$ and $$$\operatorname{median} \left( [6,2,4,5,1] \right) = 4$$$.InputThe first line contains an integer $$$t$$$ ($$$1 \leq t \leq 10^4$$$) — the number of test cases.Each test case begins with two integers $$$n$$$ and $$$k$$$ ($$$2 \leq n \leq 2 \cdot 10^5$$$, $$$0 \leq k \leq 10^9$$$) — the length of the $$$a$$$ and the number of operations you can perform.The following line contains $$$n$$$ space separated integers $$$a_1, a_2, \ldots, a_n$$$ ($$$1 \leq a_i \leq 10^9$$$) — denoting the array $$$a$$$.The following line contains $$$n$$$ space separated integers $$$b_1, b_2, \ldots, b_n$$$ ($$$b_i$$$ is $$$0$$$ or $$$1$$$) — denoting the array $$$b$$$.It is guaranteed that the sum of $$$n$$$ over all test cases does not exceed $$$2 \cdot 10^5$$$.OutputFor each test case, output the maximum value of score you can get on a new line.ExampleInput
82 103 31 13 103 3 30 0 04 42 1 5 10 1 0 15 47 5 2 5 40 0 1 0 15 15 15 15 2 111 0 0 1 15 210 11 4 10 151 1 0 1 04 41 1 2 51 1 0 02 10000000001000000000 10000000001 1Output
16
6
8
13
21
26
8
3000000000
NoteFor the first test case, it is optimal to perform $$$5$$$ operations on both elements so $$$a = [8,8]$$$. So, the maximum score we can achieve is $$$\max(8 + \operatorname{median}[8], 8 + \operatorname{median}[8]) = 16$$$, as $$$c_1 = [a_2] = [8]$$$. It can be proven that you cannot get a better score.For the second test case, you are not able to perform operations on any elements, so $$$a$$$ remains $$$[3,3,3]$$$. So, the maximum score we can achieve is $$$3 + \operatorname{median}[3, 3] = 6$$$, as $$$c_1 = [a_2, a_3] = [3, 3]$$$. It can be proven that you cannot get a better score."
1998B,Minimize Equal Sum Subarrays,"constructive algorithms, math, number theory",time limit per test,memory limit per test,"B. Minimize Equal Sum Subarraystime limit per test1.5 secondsmemory limit per test256 megabytesinputstandard inputoutputstandard outputIt is known that Farmer John likes Permutations, but I like them too!— Sun Tzu, The Art of Constructing PermutationsYou are given a permutation$$$^{\text{∗}}$$$ $$$p$$$ of length $$$n$$$.Find a permutation $$$q$$$ of length $$$n$$$ that minimizes the number of pairs ($$$i, j$$$) ($$$1 \leq i \leq j \leq n$$$) such that $$$p_i + p_{i+1} + \ldots + p_j = q_i + q_{i+1} + \ldots + q_j$$$.$$$^{\text{∗}}$$$A permutation of length $$$n$$$ is an array consisting of $$$n$$$ distinct integers from $$$1$$$ to $$$n$$$ in arbitrary order. For example, $$$[2,3,1,5,4]$$$ is a permutation, but $$$[1,2,2]$$$ is not a permutation ($$$2$$$ appears twice in the array), and $$$[1,3,4]$$$ is also not a permutation ($$$n=3$$$ but there is $$$4$$$ in the array).InputThe first line contains $$$t$$$ ($$$1 \leq t \leq 10^4$$$) — the number of test cases.The first line of each test case contains $$$n$$$ ($$$1 \leq n \leq 2 \cdot 10^5$$$).The following line contains $$$n$$$ space-separated integers $$$p_1, p_2, \ldots, p_n$$$ ($$$1 \leq p_i \leq n$$$) — denoting the permutation $$$p$$$ of length $$$n$$$.It is guaranteed that the sum of $$$n$$$ over all test cases does not exceed $$$2 \cdot 10^5$$$.OutputFor each test case, output one line containing any permutation of length $$$n$$$ (the permutation $$$q$$$) such that $$$q$$$ minimizes the number of pairs.ExampleInput
321 251 2 3 4 574 7 5 1 2 6 3Output
2 1
3 5 4 2 1
6 2 1 4 7 3 5NoteFor the first test, there exists only one pair ($$$i, j$$$) ($$$1 \leq i \leq j \leq n$$$) such that $$$p_i + p_{i+1} + \ldots + p_j = q_i + q_{i+1} + \ldots + q_j$$$, which is ($$$1, 2$$$). It can be proven that no such $$$q$$$ exists for which there are no pairs."
1998A,Find K Distinct Points with Fixed Center,"constructive algorithms, implementation, math",time limit per test,memory limit per test,"A. Find K Distinct Points with Fixed Centertime limit per test1 secondmemory limit per test256 megabytesinputstandard inputoutputstandard outputI couldn't think of a good title for this problem, so I decided to learn from LeetCode.— Sun Tzu, The Art of WarYou are given three integers $$$x_c$$$, $$$y_c$$$, and $$$k$$$ ($$$-100 \leq x_c, y_c \leq 100$$$, $$$1 \leq k \leq 1000$$$). You need to find $$$k$$$ distinct points ($$$x_1, y_1$$$), ($$$x_2, y_2$$$), $$$\ldots$$$, ($$$x_k, y_k$$$), having integer coordinates, on the 2D coordinate plane such that:   their center$$$^{\text{∗}}$$$ is ($$$x_c, y_c$$$)  $$$-10^9 \leq x_i, y_i \leq 10^9$$$ for all $$$i$$$ from $$$1$$$ to $$$k$$$  It can be proven that at least one set of $$$k$$$ distinct points always exists that satisfies these conditions.$$$^{\text{∗}}$$$The center of $$$k$$$ points ($$$x_1, y_1$$$), ($$$x_2, y_2$$$), $$$\ldots$$$, ($$$x_k, y_k$$$) is $$$\left( \frac{x_1 + x_2 + \ldots + x_k}{k}, \frac{y_1 + y_2 + \ldots + y_k}{k} \right)$$$.InputThe first line contains $$$t$$$ ($$$1 \leq t \leq 100$$$) — the number of test cases.Each test case contains three integers $$$x_c$$$, $$$y_c$$$, and $$$k$$$ ($$$-100 \leq x_c, y_c \leq 100$$$, $$$1 \leq k \leq 1000$$$) — the coordinates of the center and the number of distinct points you must output.It is guaranteed that the sum of $$$k$$$ over all test cases does not exceed $$$1000$$$.OutputFor each test case, output $$$k$$$ lines, the $$$i$$$-th line containing two space separated integers, $$$x_i$$$ and $$$y_i$$$, ($$$-10^9 \leq x_i, y_i \leq 10^9$$$) — denoting the position of the $$$i$$$-th point.If there are multiple answers, print any of them. It can be shown that a solution always exists under the given constraints.ExampleInput
410 10 10 0 3-5 -8 84 -5 3Output
10 10
-1 -1
5 -1
-4 2
-6 -7
-5 -7
-4 -7
-4 -8
-4 -9
-5 -9
-6 -9
-6 -8
1000 -1000
-996 995
8 -10NoteFor the first test case, $$$\left( \frac{10}{1}, \frac{10}{1} \right) = (10, 10)$$$.For the second test case, $$$\left( \frac{-1 + 5 - 4}{3}, \frac{-1 -1 + 2}{3} \right) = (0, 0)$$$."
1997F,Chips on a Line,"brute force, combinatorics, dp, greedy, math",time limit per test,memory limit per test,"F. Chips on a Linetime limit per test5 secondsmemory limit per test512 megabytesinputstandard inputoutputstandard outputYou have $$$n$$$ chips, and you are going to place all of them in one of $$$x$$$ points, numbered from $$$1$$$ to $$$x$$$. There can be multiple chips in each point.After placing the chips, you can perform the following four operations (in any order, any number of times):  choose a chip in point $$$i \ge 3$$$, remove it and place two chips: one in $$$i-1$$$, one in $$$i-2$$$;  choose two chips in adjacent points $$$i$$$ and $$$i+1$$$, remove them and place a new chip in $$$i+2$$$;  choose a chip in point $$$1$$$ and move it to $$$2$$$;  choose a chip in point $$$2$$$ and move it to $$$1$$$. Note that the coordinates of the chips you place during the operations cannot be less than $$$1$$$, but can be greater than $$$x$$$.Denote the cost of chip placement as the minimum number of chips which can be present on the line after you perform these operations, starting from the placement you've chosen.For example, the cost of placing two chips in points $$$3$$$ and one chip in point $$$5$$$ is $$$2$$$, because you can reduce the number of chips to $$$2$$$ as follows:  choose a chip in point $$$3$$$, remove it, place a chip in $$$1$$$ and another chip in $$$2$$$;  choose the chips in points $$$2$$$ and $$$3$$$, remove them and place a chip in $$$4$$$;  choose the chips in points $$$4$$$ and $$$5$$$, remove them and place a chip in $$$6$$$. You are given three integers $$$n$$$, $$$x$$$ and $$$m$$$. Calculate the number of placements of exactly $$$n$$$ chips in points from $$$1$$$ to $$$x$$$ having cost equal to $$$m$$$, and print it modulo $$$998244353$$$. Two placements are considered different if the number of chips in some point differs between these placements.InputThe only line contains three integers $$$n$$$, $$$x$$$ and $$$m$$$ ($$$1 \le m \le n \le 1000$$$; $$$2 \le x \le 10$$$).OutputPrint one integer — the number of placements with cost equal to $$$m$$$, taken modulo $$$998244353$$$.ExamplesInput
2 3 1Output
5
Input
42 10 5Output
902673363
Input
1000 10 8Output
187821763
NoteIn the first example, there are five ways to place $$$2$$$ chips in points from $$$1$$$ to $$$3$$$ so that the cost is $$$1$$$:  $$$(1, 1)$$$;  $$$(1, 2)$$$;  $$$(1, 3)$$$;  $$$(2, 2)$$$;  $$$(2, 3)$$$."
1997E,Level Up,"binary search, brute force, data structures, divide and conquer, implementation",time limit per test,memory limit per test,"E. Level Uptime limit per test4 secondsmemory limit per test512 megabytesinputstandard inputoutputstandard outputMonocarp is playing a computer game. He starts the game being level $$$1$$$. He is about to fight $$$n$$$ monsters, in order from $$$1$$$ to $$$n$$$. The level of the $$$i$$$-th monster is $$$a_i$$$.For each monster in the given order, Monocarp's encounter goes as follows:  if Monocarp's level is strictly higher than the monster's level, the monster flees (runs away);  otherwise, Monocarp fights the monster. After every $$$k$$$-th fight with a monster (fleeing monsters do not count), Monocarp's level increases by $$$1$$$. So, his level becomes $$$2$$$ after $$$k$$$ monsters he fights, $$$3$$$ after $$$2k$$$ monsters, $$$4$$$ after $$$3k$$$ monsters, and so on.You need to process $$$q$$$ queries of the following form:  $$$i~x$$$: will Monocarp fight the $$$i$$$-th monster (or will this monster flee) if the parameter $$$k$$$ is equal to $$$x$$$? InputThe first line contains two integers $$$n$$$ and $$$q$$$ ($$$1 \le n, q \le 2 \cdot 10^5$$$) — the number of monsters and the number of queries.The second line contains $$$n$$$ integers $$$a_1, a_2, \dots, a_n$$$ ($$$1 \le a_i \le 2 \cdot 10^5$$$) — the levels of the monsters.In the $$$j$$$-th of the following $$$q$$$ lines, two integers $$$i$$$ and $$$x$$$ ($$$1 \le i, x \le n$$$) — the index of the monster and the number of fights required for a level up in the $$$j$$$-th query.OutputFor each query, output ""YES"", if Monocarp will fight the $$$i$$$-th monster in this query, and ""NO"", if the $$$i$$$-th monster flees.ExamplesInput
4 162 1 2 11 12 13 14 11 22 23 24 21 32 33 34 31 42 43 44 4Output
YES
NO
YES
NO
YES
YES
YES
NO
YES
YES
YES
NO
YES
YES
YES
YES
Input
7 151 1 2 1 1 1 15 32 22 21 65 15 57 73 57 44 32 51 25 64 16 1Output
NO
YES
YES
YES
NO
YES
YES
YES
NO
NO
YES
YES
YES
NO
NO"
1997D,Maximize the Root,"binary search, dfs and similar, dp, greedy, trees",time limit per test,memory limit per test,"D. Maximize the Roottime limit per test3 secondsmemory limit per test256 megabytesinputstandard inputoutputstandard outputYou are given a rooted tree, consisting of $$$n$$$ vertices. The vertices in the tree are numbered from $$$1$$$ to $$$n$$$, and the root is the vertex $$$1$$$. The value $$$a_i$$$ is written at the $$$i$$$-th vertex.You can perform the following operation any number of times (possibly zero): choose a vertex $$$v$$$ which has at least one child; increase $$$a_v$$$ by $$$1$$$; and decrease $$$a_u$$$ by $$$1$$$ for all vertices $$$u$$$ that are in the subtree of $$$v$$$ (except $$$v$$$ itself). However, after each operation, the values on all vertices should be non-negative.Your task is to calculate the maximum possible value written at the root using the aforementioned operation.InputThe first line contains a single integer $$$t$$$ ($$$1 \le t \le 10^4$$$) — the number of test cases.The first line of each test case contains a single integer $$$n$$$ ($$$2 \le n \le 2 \cdot 10^5$$$) — the number of vertices in the tree.The second line contains $$$n$$$ integers $$$a_1, a_2, \dots, a_n$$$ ($$$0 \le a_i \le 10^9$$$) — the initial values written at vertices.The third line contains $$$n-1$$$ integers $$$p_2, p_3, \dots, p_n$$$ ($$$1 \le p_i \le n$$$), where $$$p_i$$$ is the parent of the $$$i$$$-th vertex in the tree. Vertex $$$1$$$ is the root.Additional constraint on the input: the sum of $$$n$$$ over all test cases doesn't exceed $$$2 \cdot 10^5$$$.OutputFor each test case, print a single integer — the maximum possible value written at the root using the aforementioned operation.ExampleInput
340 1 0 21 1 323 0152 5 3 9 63 1 5 2Output
1
3
6
NoteIn the first test case, the following sequence of operations is possible:  perform the operation on $$$v=3$$$, then the values on the vertices will be $$$[0, 1, 1, 1]$$$;  perform the operation on $$$v=1$$$, then the values on the vertices will be $$$[1, 0, 0, 0]$$$."
1997C,Even Positions,"constructive algorithms, data structures, greedy",time limit per test,memory limit per test,"C. Even Positionstime limit per test2 secondsmemory limit per test256 megabytesinputstandard inputoutputstandard outputMonocarp had a regular bracket sequence $$$s$$$ of length $$$n$$$ ($$$n$$$ is even). He even came up with his own way to calculate its cost.He knows that in a regular bracket sequence (RBS), each opening bracket is paired up with the corresponding closing bracket. So he decided to calculate the cost of RBS as the sum of distances between pairs of corresponding bracket pairs.For example, let's look at RBS (())(). It has three pairs of brackets:   (__)__: the distance between brackets at position $$$1$$$ and at $$$4$$$ is $$$4 - 1 = 3$$$;  _()___: the distance is $$$3 - 2 = 1$$$;  ____(): the distance is $$$6 - 5 = 1$$$.  So the cost of (())() is $$$3 + 1 + 1 = 5$$$.Unfortunately, due to data corruption, Monocarp lost all characters on odd positions $$$s_1, s_3, \dots, s_{n-1}$$$. Only characters on even positions ($$$s_2, s_4, \dots, s_{n}$$$) remain. For example, (())() turned to _(_)_).Monocarp wants to restore his RBS by placing brackets on the odd positions. But since the restored RBS may not be unique, he wants to choose one with minimum cost. It's too hard to do for Monocarp alone, so can you help him?Reminder: A regular bracket sequence is a string consisting of only brackets, such that this sequence, when inserted 1-s and +-s, gives a valid mathematical expression. For example, (), (()) or (()())() are RBS, while ), ()( or ())(() are not.InputThe first line contains a single integer $$$t$$$ ($$$1 \le t \le 5000$$$) — the number of test cases. Next $$$t$$$ cases follow.The first line of each test case contains a single integer $$$n$$$ ($$$2 \le n \le 2 \cdot 10^5$$$; $$$n$$$ is even) — the length of string $$$s$$$.The second line of each test case contains a string $$$s$$$ of length $$$n$$$, where all characters on the odd positions are '_' and all characters on the even positions are either '(' or ')'.Additional constraints:   $$$s$$$ can be restored to at least one regular bracket sequence;  the total sum of $$$n$$$ over all test cases doesn't exceed $$$2 \cdot 10^5$$$. OutputFor each test case, print one integer — the minimum cost of the regular bracket sequence that can be obtained from $$$s$$$ by replacing '_'-s with brackets.ExampleInput
46_(_)_)2_)8_)_)_)_)8_(_)_(_)Output
5
1
4
8
NoteIn the first test case, it's optimal to make $$$s$$$ equal to (())(). The cost of $$$s$$$ will be equal to $$$3 + 1 + 1 = 5$$$.In the second test case, the only option is to make $$$s$$$ equal to () with cost $$$1$$$.In the third test case, the only possible RBS is ()()()() with cost $$$1 + 1 + 1 + 1 = 4$$$.In the fourth test case, it's optimal to make $$$s$$$ equal to (())(()) with cost $$$3 + 1 + 3 + 1 = 8$$$."
1997B,Make Three Regions,"constructive algorithms, two pointers",time limit per test,memory limit per test,"B. Make Three Regionstime limit per test2 secondsmemory limit per test256 megabytesinputstandard inputoutputstandard outputThere is a grid, consisting of $$$2$$$ rows and $$$n$$$ columns. Each cell of the grid is either free or blocked.A free cell $$$y$$$ is reachable from a free cell $$$x$$$ if at least one of these conditions holds:   $$$x$$$ and $$$y$$$ share a side;  there exists a free cell $$$z$$$ such that $$$z$$$ is reachable from $$$x$$$ and $$$y$$$ is reachable from $$$z$$$. A connected region is a set of free cells of the grid such that all cells in it are reachable from one another, but adding any other free cell to the set violates this rule.For example, consider the following layout, where white cells are free, and dark grey cells are blocked:   There are $$$3$$$ regions in it, denoted with red, green and blue color respectively:   The given grid contains at most $$$1$$$ connected region. Your task is to calculate the number of free cells meeting the following constraint:  if this cell is blocked, the number of connected regions becomes exactly $$$3$$$. InputThe first line contains a single integer $$$t$$$ ($$$1 \le t \le 10^4$$$) — the number of test cases.The first line of each test case contains a single integer $$$n$$$ ($$$1 \le n \le 2 \cdot 10^5$$$) — the number of columns.The $$$i$$$-th of the next two lines contains a description of the $$$i$$$-th row of the grid — the string $$$s_i$$$, consisting of $$$n$$$ characters. Each character is either . (denoting a free cell) or x (denoting a blocked cell). Additional constraint on the input:   the given grid contains at most $$$1$$$ connected region;  the sum of $$$n$$$ over all test cases doesn't exceed $$$2 \cdot 10^5$$$. OutputFor each test case, print a single integer — the number of cells such that the number of connected regions becomes $$$3$$$ if this cell is blocked.ExampleInput
48.......x.x.xx...2....3xxxxxx9..x.x.x.xx.......xOutput
1
0
0
2
NoteIn the first test case, if the cell $$$(1, 3)$$$ is blocked, the number of connected regions becomes $$$3$$$ (as shown in the picture from the statement)."
1997A,Strong Password,"brute force, implementation, strings",time limit per test,memory limit per test,"A. Strong Passwordtime limit per test2 secondsmemory limit per test512 megabytesinputstandard inputoutputstandard outputMonocarp's current password on Codeforces is a string $$$s$$$, consisting of lowercase Latin letters. Monocarp thinks that his current password is too weak, so he wants to insert exactly one lowercase Latin letter into the password to make it stronger. Monocarp can choose any letter and insert it anywhere, even before the first character or after the last character.Monocarp thinks that the password's strength is proportional to the time it takes him to type the password. The time it takes to type the password is calculated as follows:  the time to type the first character is $$$2$$$ seconds;  for each character other than the first, the time it takes to type it is $$$1$$$ second if it is the same as the previous character, or $$$2$$$ seconds otherwise. For example, the time it takes to type the password abacaba is $$$14$$$; the time it takes to type the password a is $$$2$$$; the time it takes to type the password aaabacc is $$$11$$$.You have to help Monocarp — insert a lowercase Latin letter into his password so that the resulting password takes the maximum possible amount of time to type.InputThe first line contains one integer $$$t$$$ ($$$1 \le t \le 1000$$$) — the number of test cases.Each test case consists of one line containing the string $$$s$$$ ($$$1 \le |s| \le 10$$$), consisting of lowercase Latin letters.OutputFor each test case, print one line containing the new password — a string which can be obtained from $$$s$$$ by inserting one lowercase Latin letter. The string you print should have the maximum possible required time to type it. If there are multiple answers, print any of them.ExampleInput
4aaaaabbpasswordOutput
wa
aada
abcb
pastsword"
1996G,Penacony,"brute force, data structures, graphs, greedy, hashing",time limit per test,memory limit per test,"G. Penaconytime limit per test3 secondsmemory limit per test512 megabytesinputstandard inputoutputstandard outputOn Penacony, The Land of the Dreams, there exists $$$n$$$ houses and $$$n$$$ roads. There exists a road between house $$$i$$$ and $$$i+1$$$ for all $$$1 \leq i \leq n-1$$$ and a road between house $$$n$$$ and house $$$1$$$. All roads are bidirectional. However, due to the crisis on Penacony, the overseeing family has gone into debt and may not be able to maintain all roads.There are $$$m$$$ pairs of friendships between the residents of Penacony. If the resident living in house $$$a$$$ is friends with the resident living in house $$$b$$$, there must be a path between houses $$$a$$$ and $$$b$$$ through maintained roads. What is the minimum number of roads that must be maintained?InputThe first line contains $$$t$$$ ($$$1 \leq t \leq 10^4$$$) – the number of test cases.The first line of each test case contains two integers $$$n$$$ and $$$m$$$ ($$$3 \leq n \leq 2 \cdot 10^5, 1 \leq m \leq 2 \cdot 10^5$$$) – the number of houses and the number of friendships.The next $$$m$$$ lines contain two integers $$$a$$$ and $$$b$$$ ($$$1 \leq a < b \leq n$$$) – the resident in house $$$a$$$ is friends with the resident in house $$$b$$$. It is guaranteed all ($$$a, b$$$) are distinct.It is guaranteed the sum of $$$n$$$ and $$$m$$$ over all test cases does not exceed $$$2 \cdot 10^5$$$.OutputFor each test case, output an integer, the minimum number of roads that must be maintained.ExampleInput
78 31 82 74 513 41 132 123 114 1010 22 33 410 43 85 102 104 104 11 35 23 51 45 22 51 3Output
4
7
2
7
2
3
3
NoteFor the first test case, the following roads must be maintained:  $$$8 \leftarrow \rightarrow 1$$$  $$$7 \leftarrow \rightarrow 8$$$  $$$1 \leftarrow \rightarrow 2$$$  $$$4 \leftarrow \rightarrow 5$$$"
1996F,Bomb,"binary search, greedy, math",time limit per test,memory limit per test,"F. Bombtime limit per test2 secondsmemory limit per test256 megabytesinputstandard inputoutputstandard outputSparkle gives you two arrays $$$a$$$ and $$$b$$$ of length $$$n$$$. Initially, your score is $$$0$$$. In one operation, you can choose an integer $$$i$$$ and add $$$a_i$$$ to your score. Then, you must set $$$a_i$$$ = $$$\max(0, a_i - b_i)$$$.You only have time to perform $$$k$$$ operations before Sparkle sets off a nuclear bomb! What is the maximum score you can acquire after $$$k$$$ operations?InputThe first line contains $$$t$$$ ($$$1 \leq t \leq 1000$$$) — the number of test cases.The first line of each test case contains $$$n$$$ and $$$k$$$ ($$$1 \leq n \leq 2 \cdot 10^5, 1 \leq k \leq 10^9$$$) — the length of the arrays and the number of operations you can perform.The following line contains $$$n$$$ integers $$$a_1, a_2, ... a_n$$$ ($$$1 \leq a_i \leq 10^9$$$).The following line contains $$$n$$$ integers $$$b_1, b_2, ... b_n$$$ ($$$1 \leq b_i \leq 10^9$$$).It is guaranteed that the sum of $$$n$$$ for all test cases does not exceed $$$2 \cdot 10^5$$$.OutputFor each test case, output an integer, the maximum score you can acquire after $$$k$$$ operations.ExampleInput
53 45 6 72 3 45 932 52 68 64 1418 14 53 24 85 10001 2 3 4 55 4 3 2 11 10000001000000110 63 3 5 10 6 8 6 8 7 76 1 7 4 1 1 8 9 3 1Output
21
349
27
500000500000
47"
1996E,Decode,"combinatorics, data structures, implementation, math",time limit per test,memory limit per test,"E. Decodetime limit per test2 secondsmemory limit per test256 megabytesinputstandard inputoutputstandard outputIn a desperate attempt to obtain your waifu favorite character, you have hacked into the source code of the game. After days of struggling, you finally find the binary string that encodes the gacha system of the game. In order to decode it, you must first solve the following problem. You are given a binary string $$$s$$$ of length $$$n$$$. For each pair of integers $$$(l, r)$$$ $$$(1 \leq l \leq r \leq n)$$$, count the number of pairs $$$(x, y)$$$ $$$(l \leq x \leq y \leq r)$$$ such that the amount of $$$\mathtt{0}$$$ equals the amount of $$$\mathtt{1}$$$ in the substring $$$s_xs_{x+1}...s_y$$$. Output the sum of counts over all possible $$$(l, r)$$$ modulo $$$10^9+7$$$.InputThe first line contains $$$t$$$ ($$$1 \leq t \leq 1000$$$) — the number of test cases.Each test case contains a binary string $$$s$$$ ($$$1 \leq |s| \leq 2 \cdot 10^5$$$). It is guaranteed $$$s$$$ only contains characters $$$\mathtt{0}$$$ and $$$\mathtt{1}$$$.It is guaranteed the sum of $$$|s|$$$ over all test cases does not exceed $$$2 \cdot 10^5$$$.OutputFor each test case, output an integer, the answer modulo $$$10^9+7$$$.ExampleInput
4000001010101110011100111000000111Output
0
130
147
70"
1996D,Fun,"binary search, brute force, combinatorics, math, number theory",time limit per test,memory limit per test,"D. Funtime limit per test2 secondsmemory limit per test256 megabytesinputstandard inputoutputstandard outputCounting is Fun!— satyam343Given two integers $$$n$$$ and $$$x$$$, find the number of triplets ($$$a,b,c$$$) of positive integers such that $$$ab + ac + bc \le n$$$ and $$$a + b + c \le x$$$. Note that order matters (e.g. ($$$1, 1, 2$$$) and ($$$1, 2, 1$$$) are treated as different) and $$$a$$$, $$$b$$$, $$$c$$$ must be strictly greater than $$$0$$$.InputThe first line contains a single integer $$$t$$$ ($$$1 \leq t \leq 10^4$$$)  — the number of test cases.Each test case contains two integers $$$n$$$ and $$$x$$$ ($$$1 \leq n,x \leq 10^6$$$).It is guaranteed that the sum of $$$n$$$ over all test cases does not exceed $$$10^6$$$ and that the sum of $$$x$$$ over all test cases does not exceed $$$10^6$$$.OutputOutput a single integer — the number of triplets ($$$a,b,c$$$) of positive integers such that $$$ab + ac + bc \le n$$$ and $$$a + b + c \le x$$$.ExampleInput
47 410 57 1000900000 400000Output
4
10
7
1768016938
NoteIn the first test case, the triplets are ($$$1, 1, 1$$$), ($$$1, 1, 2$$$), ($$$1, 2, 1$$$), and ($$$2, 1, 1$$$).In the second test case, the triplets are ($$$1, 1, 1$$$), ($$$1, 1, 2$$$), ($$$1, 1, 3$$$), ($$$1, 2, 1$$$), ($$$1, 2, 2$$$), ($$$1, 3, 1$$$), ($$$2, 1, 1$$$), ($$$2, 1, 2$$$), ($$$2, 2, 1$$$), and ($$$3, 1, 1$$$)."
1996C,Sort,"dp, greedy, sortings, strings",time limit per test,memory limit per test,"C. Sorttime limit per test5 secondsmemory limit per test256 megabytesinputstandard inputoutputstandard outputYou are given two strings $$$a$$$ and $$$b$$$ of length $$$n$$$. Then, you are (forced against your will) to answer $$$q$$$ queries.For each query, you are given a range bounded by $$$l$$$ and $$$r$$$. In one operation, you can choose an integer $$$i$$$ ($$$l \leq i \leq r$$$) and set $$$a_i = x$$$ where $$$x$$$ is any character you desire. Output the minimum number of operations you must perform such that $$$\texttt{sorted(a[l..r])} = \texttt{sorted(b[l..r])}$$$. The operations you perform on one query does not affect other queries.For an arbitrary string $$$c$$$, $$$\texttt{sorted(c[l..r])}$$$ denotes the substring consisting of characters $$$c_l, c_{l+1}, ... , c_r$$$ sorted in lexicographical order.InputThe first line contains $$$t$$$ ($$$1 \leq t \leq 1000$$$) – the number of test cases.The first line of each test case contains two integers $$$n$$$ and $$$q$$$ ($$$1 \leq n, q \leq 2 \cdot 10^5$$$) – the length of both strings and the number of queries.The following line contains $$$a$$$ of length $$$n$$$. It is guaranteed $$$a$$$ only contains lowercase latin letters.The following line contains $$$b$$$ of length $$$n$$$. It is guaranteed $$$b$$$ only contains lowercase latin letters.The following $$$q$$$ lines contain two integers $$$l$$$ and $$$r$$$ ($$$1 \leq l \leq r \leq n$$$) – the range of the query.It is guaranteed the sum of $$$n$$$ and $$$q$$$ over all test cases does not exceed $$$2 \cdot 10^5$$$.OutputFor each query, output an integer, the minimum number of operations you need to perform in a new line.ExampleInput
35 3abcdeedcba1 51 43 34 2zzdeazbe1 31 46 3uwuwuwwuwuwu2 41 31 6Output
0
1
0
2
2
1
1
0
NoteFor the first query, $$$\texttt{sorted(a[1..5])} =$$$ abcde and $$$\texttt{sorted(b[1..5])} =$$$ abcde, so no operations are necessary.For the second query, you need to set $$$a_1 = $$$ e. Then, $$$\texttt{sorted(a[1..4])} = \texttt{sorted(b[1..4])} = $$$ bcde."
1996B,Scale,"greedy, implementation",time limit per test,memory limit per test,"B. Scaletime limit per test2 secondsmemory limit per test256 megabytesinputstandard inputoutputstandard outputTina has a square grid with $$$n$$$ rows and $$$n$$$ columns. Each cell in the grid is either $$$0$$$ or $$$1$$$. Tina wants to reduce the grid by a factor of $$$k$$$ ($$$k$$$ is a divisor of $$$n$$$). To do this, Tina splits the grid into $$$k \times k$$$ nonoverlapping blocks of cells such that every cell belongs to exactly one block.Tina then replaces each block of cells with a single cell equal to the value of the cells in the block. It is guaranteed that every cell in the same block has the same value. For example, the following demonstration shows a grid being reduced by factor of $$$3$$$. Original grid $$$0$$$$$$0$$$$$$0$$$$$$1$$$$$$1$$$$$$1$$$$$$0$$$$$$0$$$$$$0$$$$$$1$$$$$$1$$$$$$1$$$$$$0$$$$$$0$$$$$$0$$$$$$1$$$$$$1$$$$$$1$$$$$$1$$$$$$1$$$$$$1$$$$$$0$$$$$$0$$$$$$0$$$$$$1$$$$$$1$$$$$$1$$$$$$0$$$$$$0$$$$$$0$$$$$$1$$$$$$1$$$$$$1$$$$$$0$$$$$$0$$$$$$0$$$  Reduced grid $$$0$$$$$$1$$$$$$1$$$$$$0$$$ Help Tina reduce the grid by a factor of $$$k$$$.InputThe first line contains $$$t$$$ ($$$1 \leq t \leq 100$$$) – the number of test cases.The first line of each test case contains two integers $$$n$$$ and $$$k$$$ ($$$1 \leq n \leq 1000$$$, $$$1 \le k \le n$$$, $$$k$$$ is a divisor of $$$n$$$) — the number of rows and columns of the grid, and the factor that Tina wants to reduce the grid by. Each of the following $$$n$$$ lines contain $$$n$$$ characters describing the cells of the grid. Each character is either $$$0$$$ or $$$1$$$. It is guaranteed every $$$k$$$ by $$$k$$$ block has the same value.It is guaranteed the sum of $$$n$$$ over all test cases does not exceed $$$1000$$$.OutputFor each test case, output the grid reduced by a factor of $$$k$$$ on a new line.ExampleInput
44 400000000000000006 30001110001110001111110001110001110006 20011000011001111111111111100001100008 11111111111111111111111111111111111111111111111111111111111111111Output
0
01
10
010
111
100
11111111
11111111
11111111
11111111
11111111
11111111
11111111
11111111"
1996A,Legs,"binary search, math, ternary search",time limit per test,memory limit per test,"A. Legstime limit per test2 secondsmemory limit per test256 megabytesinputstandard inputoutputstandard outputIt's another beautiful day on Farmer John's farm.After Farmer John arrived at his farm, he counted $$$n$$$ legs. It is known only chickens and cows live on the farm, and a chicken has $$$2$$$ legs while a cow has $$$4$$$. What is the minimum number of animals Farmer John can have on his farm assuming he counted the legs of all animals? InputThe first line contains single integer $$$t$$$ ($$$1 \leq t \leq 10^3$$$) — the number of test cases.Each test case contains an integer $$$n$$$ ($$$2 \leq n \leq 2 \cdot 10^3$$$, $$$n$$$ is even).OutputFor each test case, output an integer, the minimum number of animals Farmer John can have on his farm.ExampleInput
3268Output
1
2
2"
1995E2,Let Me Teach You a Lesson (Hard Version),"data structures, dp, matrices, two pointers",time limit per test,memory limit per test,"E2. Let Me Teach You a Lesson (Hard Version)time limit per test2 secondsmemory limit per test256 megabytesinputstandard inputoutputstandard outputThis is the hard version of a problem. The only difference between an easy and a hard version is the constraints on $$$t$$$ and $$$n$$$. You can make hacks only if both versions of the problem are solved.Arthur is giving a lesson to his famous $$$2 n$$$ knights. Like any other students, they're sitting at the desks in pairs, but out of habit in a circle. The knight $$$2 i - 1$$$ is sitting at the desk with the knight $$$2 i$$$.Each knight has intelligence, which can be measured by an integer. Let's denote the intelligence of the $$$i$$$-th knight as $$$a_i$$$. Arthur wants the maximal difference in total intelligence over all pairs of desks to be as small as possible. More formally, he wants to minimize $$$\max\limits_{1 \le i \le n} (a_{2 i - 1} + a_{2 i}) - \min\limits_{1 \le i \le n} (a_{2 i - 1} + a_{2 i})$$$.However, the Code of Chivalry only allows swapping the opposite knights in the circle, i.e., Arthur can simultaneously perform $$$a_i := a_{i + n}$$$, $$$a_{i + n} := a_i$$$ for any $$$1 \le i \le n$$$. Arthur can make any number of such swaps. What is the best result he can achieve?InputEach test consists of several test cases. The first line contains a single integer $$$t$$$ ($$$1 \le t \le 10\,000$$$) — the number of test cases. It is followed by descriptions of the test cases.The first line of each test case contains a single integer $$$n$$$ ($$$1 \le n \le 100\,000$$$) — the number of desks.The second line consists of $$$2n$$$ integers $$$a_1, a_2, \ldots, a_{2 n}$$$ ($$$1 \le a_i \le 10^9$$$) — the intelligence values of the knights.It is guaranteed that the sum of $$$n$$$ over all test cases does not exceed $$$100\,000$$$.OutputFor each test case, output a single line containing one integer — the minimal difference Arthur can achieve.ExampleInput
526 6 4 4110 1731 10 1 10 1 1033 3 4 5 5 451 2 3 4 5 6 7 8 9 10Output
0
0
0
2
4
NoteIn the first test case, Arthur can swap the second and the fourth knights. Then the total intelligence at both desks will be $$$10$$$.In the third test case, Arthur can make $$$0$$$ operations, which will result in the total intelligence of $$$11$$$ at each of the desks.In the fourth test case, Arthur can swap knights with indices $$$2$$$ and $$$5$$$ and achieve the difference of $$$2$$$. It can be proven that he cannot improve his result any further."
1995E1,Let Me Teach You a Lesson (Easy Version),"2-sat, data structures, dp, matrices, two pointers",time limit per test,memory limit per test,"E1. Let Me Teach You a Lesson (Easy Version)time limit per test2 secondsmemory limit per test256 megabytesinputstandard inputoutputstandard outputThis is the easy version of a problem. The only difference between an easy and a hard version is the constraints on $$$t$$$ and $$$n$$$. You can make hacks only if both versions of the problem are solved.Arthur is giving a lesson to his famous $$$2 n$$$ knights. Like any other students, they're sitting at the desks in pairs, but out of habit in a circle. The knight $$$2 i - 1$$$ is sitting at the desk with the knight $$$2 i$$$.Each knight has intelligence, which can be measured by an integer. Let's denote the intelligence of the $$$i$$$-th knight as $$$a_i$$$. Arthur wants the maximal difference in total intelligence over all pairs of desks to be as small as possible. More formally, he wants to minimize $$$\max\limits_{1 \le i \le n} (a_{2 i - 1} + a_{2 i}) - \min\limits_{1 \le i \le n} (a_{2 i - 1} + a_{2 i})$$$.However, the Code of Chivalry only allows swapping the opposite knights in the circle, i.e., Arthur can simultaneously perform $$$a_i := a_{i + n}$$$, $$$a_{i + n} := a_i$$$ for any $$$1 \le i \le n$$$. Arthur can make any number of such swaps. What is the best result he can achieve?InputEach test consists of several test cases. The first line contains a single integer $$$t$$$ ($$$1 \le t \le 1000$$$) — the number of test cases. It is followed by descriptions of the test cases.The first line of each test case contains a single integer $$$n$$$ ($$$1 \le n \le 2000$$$) — the number of desks.The second line consists of $$$2n$$$ integers $$$a_1, a_2, \ldots, a_{2 n}$$$ ($$$1 \le a_i \le 10^9$$$) — the intelligence values of the knights.It is guaranteed that the sum of $$$n$$$ over all test cases does not exceed $$$2000$$$.OutputFor each test case, output a single line containing one integer — the minimal difference Arthur can achieve.ExampleInput
526 6 4 4110 1731 10 1 10 1 1033 3 4 5 5 451 2 3 4 5 6 7 8 9 10Output
0
0
0
2
4
NoteIn the first test case, Arthur can swap the second and the fourth knights. Then the total intelligence at both desks will be $$$10$$$.In the third test case, Arthur can make $$$0$$$ operations, which will result in the total intelligence of $$$11$$$ at each of the desks.In the fourth test case, Arthur can swap knights with indices $$$2$$$ and $$$5$$$ and achieve the difference of $$$2$$$. It can be proven that he cannot improve his result any further."
