contestId,index,timeLimit,memoryLimit
2035,H,No Time Limit,No Memory Limit
2035,G2,No Time Limit,No Memory Limit
2035,G1,No Time Limit,No Memory Limit
2035,F,No Time Limit,No Memory Limit
2035,E,No Time Limit,No Memory Limit
2035,D,No Time Limit,No Memory Limit
2035,C,No Time Limit,No Memory Limit
2035,B,No Time Limit,No Memory Limit
2035,A,No Time Limit,No Memory Limit
2033,G,No Time Limit,No Memory Limit
2033,F,No Time Limit,No Memory Limit
2033,E,No Time Limit,No Memory Limit
2033,D,No Time Limit,No Memory Limit
2033,C,No Time Limit,No Memory Limit
2033,B,No Time Limit,No Memory Limit
2033,A,No Time Limit,No Memory Limit
2030,G2,No Time Limit,No Memory Limit
2030,G1,No Time Limit,No Memory Limit
2030,F,No Time Limit,No Memory Limit
2030,E,No Time Limit,No Memory Limit
2030,D,No Time Limit,No Memory Limit
2030,C,No Time Limit,No Memory Limit
2030,B,No Time Limit,No Memory Limit
2030,A,No Time Limit,No Memory Limit
2027,E2,No Time Limit,No Memory Limit
2027,E1,No Time Limit,No Memory Limit
2027,D2,No Time Limit,No Memory Limit
2027,D1,No Time Limit,No Memory Limit
2027,C,No Time Limit,No Memory Limit
2027,B,No Time Limit,No Memory Limit
2027,A,No Time Limit,No Memory Limit
2025,G,No Time Limit,No Memory Limit
2025,F,No Time Limit,No Memory Limit
2025,E,No Time Limit,No Memory Limit
2025,D,No Time Limit,No Memory Limit
2025,C,No Time Limit,No Memory Limit
2025,B,No Time Limit,No Memory Limit
2025,A,No Time Limit,No Memory Limit
2024,B,No Time Limit,No Memory Limit
2024,A,No Time Limit,No Memory Limit
2023,F,No Time Limit,No Memory Limit
2023,E,No Time Limit,No Memory Limit
2023,D,No Time Limit,No Memory Limit
2023,C,No Time Limit,No Memory Limit
2023,B,No Time Limit,No Memory Limit
2023,A,No Time Limit,No Memory Limit
2022,E2,No Time Limit,No Memory Limit
2022,E1,No Time Limit,No Memory Limit
2022,D2,No Time Limit,No Memory Limit
2022,D1,No Time Limit,No Memory Limit
2022,C,No Time Limit,No Memory Limit
2022,B,No Time Limit,No Memory Limit
2022,A,No Time Limit,No Memory Limit
2021,E3,No Time Limit,No Memory Limit
2021,E2,No Time Limit,No Memory Limit
2021,E1,No Time Limit,No Memory Limit
2021,D,No Time Limit,No Memory Limit
2021,C2,No Time Limit,No Memory Limit
2021,C1,No Time Limit,No Memory Limit
2021,B,No Time Limit,No Memory Limit
2021,A,No Time Limit,No Memory Limit
2020,F,No Time Limit,No Memory Limit
2020,E,No Time Limit,No Memory Limit
2020,D,No Time Limit,No Memory Limit
2020,C,No Time Limit,No Memory Limit
2020,B,No Time Limit,No Memory Limit
2020,A,No Time Limit,No Memory Limit
2019,B,No Time Limit,No Memory Limit
2019,A,No Time Limit,No Memory Limit
2018,F3,No Time Limit,No Memory Limit
2018,F2,No Time Limit,No Memory Limit
2018,F1,No Time Limit,No Memory Limit
2018,E2,No Time Limit,No Memory Limit
2018,E1,No Time Limit,No Memory Limit
2018,D,No Time Limit,No Memory Limit
2018,C,No Time Limit,No Memory Limit
2018,B,No Time Limit,No Memory Limit
2018,A,No Time Limit,No Memory Limit
2014,H,No Time Limit,No Memory Limit
2014,G,No Time Limit,No Memory Limit
2014,F,No Time Limit,No Memory Limit
2014,E,No Time Limit,No Memory Limit
2014,D,No Time Limit,No Memory Limit
2014,C,No Time Limit,No Memory Limit
2014,B,No Time Limit,No Memory Limit
2014,A,No Time Limit,No Memory Limit
2013,F2,No Time Limit,No Memory Limit
2013,F1,No Time Limit,No Memory Limit
2013,E,No Time Limit,No Memory Limit
2013,D,No Time Limit,No Memory Limit
2013,C,No Time Limit,No Memory Limit
2013,B,No Time Limit,No Memory Limit
2013,A,No Time Limit,No Memory Limit
2011,I,No Time Limit,No Memory Limit
2011,H,No Time Limit,No Memory Limit
2011,G,No Time Limit,No Memory Limit
2011,F,No Time Limit,No Memory Limit
2011,E,No Time Limit,No Memory Limit
2011,D,No Time Limit,No Memory Limit
2011,C,No Time Limit,No Memory Limit
2011,B,No Time Limit,No Memory Limit
2011,A,No Time Limit,No Memory Limit
2010,C2,No Time Limit,No Memory Limit
2010,C1,No Time Limit,No Memory Limit
2010,B,No Time Limit,No Memory Limit
2010,A,No Time Limit,No Memory Limit
2009,G3,No Time Limit,No Memory Limit
2009,G2,No Time Limit,No Memory Limit
2009,G1,No Time Limit,No Memory Limit
2009,F,No Time Limit,No Memory Limit
2009,E,No Time Limit,No Memory Limit
2009,D,No Time Limit,No Memory Limit
2009,C,No Time Limit,No Memory Limit
2009,B,No Time Limit,No Memory Limit
2009,A,No Time Limit,No Memory Limit
2008,H,No Time Limit,No Memory Limit
2008,G,No Time Limit,No Memory Limit
2008,F,No Time Limit,No Memory Limit
2008,E,No Time Limit,No Memory Limit
2008,D,No Time Limit,No Memory Limit
2008,C,No Time Limit,No Memory Limit
2008,B,No Time Limit,No Memory Limit
2008,A,No Time Limit,No Memory Limit
2007,C,No Time Limit,No Memory Limit
2007,B,No Time Limit,No Memory Limit
2007,A,No Time Limit,No Memory Limit
2006,F,No Time Limit,No Memory Limit
2006,E,No Time Limit,No Memory Limit
2006,D,No Time Limit,No Memory Limit
2006,C,No Time Limit,No Memory Limit
2006,B,No Time Limit,No Memory Limit
2006,A,No Time Limit,No Memory Limit
2005,E2,No Time Limit,No Memory Limit
2005,E1,No Time Limit,No Memory Limit
2005,D,No Time Limit,No Memory Limit
2005,C,No Time Limit,No Memory Limit
2005,B2,No Time Limit,No Memory Limit
2005,B1,No Time Limit,No Memory Limit
2005,A,No Time Limit,No Memory Limit
2004,G,No Time Limit,No Memory Limit
2004,F,No Time Limit,No Memory Limit
2004,E,No Time Limit,No Memory Limit
2004,D,No Time Limit,No Memory Limit
2004,C,No Time Limit,No Memory Limit
2004,B,No Time Limit,No Memory Limit
2004,A,No Time Limit,No Memory Limit
2003,F,No Time Limit,No Memory Limit
2003,E2,No Time Limit,No Memory Limit
2003,E1,No Time Limit,No Memory Limit
2003,D2,No Time Limit,No Memory Limit
2003,D1,No Time Limit,No Memory Limit
2003,C,No Time Limit,No Memory Limit
2003,B,No Time Limit,No Memory Limit
2003,A,No Time Limit,No Memory Limit
2002,H,No Time Limit,No Memory Limit
2002,G,No Time Limit,No Memory Limit
2002,F2,No Time Limit,No Memory Limit
2002,F1,No Time Limit,No Memory Limit
2002,E,No Time Limit,No Memory Limit
2002,D2,No Time Limit,No Memory Limit
2002,D1,No Time Limit,No Memory Limit
2002,C,No Time Limit,No Memory Limit
2002,B,No Time Limit,No Memory Limit
2002,A,No Time Limit,No Memory Limit
2001,E2,No Time Limit,No Memory Limit
2001,E1,No Time Limit,No Memory Limit
2001,D,No Time Limit,No Memory Limit
2001,C,No Time Limit,No Memory Limit
2001,B,No Time Limit,No Memory Limit
2001,A,No Time Limit,No Memory Limit
2000,H,No Time Limit,No Memory Limit
2000,G,No Time Limit,No Memory Limit
2000,F,No Time Limit,No Memory Limit
2000,E,No Time Limit,No Memory Limit
2000,D,No Time Limit,No Memory Limit
2000,C,No Time Limit,No Memory Limit
2000,B,No Time Limit,No Memory Limit
2000,A,No Time Limit,No Memory Limit
1999,G2,No Time Limit,No Memory Limit
1999,G1,No Time Limit,No Memory Limit
1999,F,No Time Limit,No Memory Limit
1999,E,No Time Limit,No Memory Limit
1999,D,No Time Limit,No Memory Limit
1999,C,No Time Limit,No Memory Limit
1999,B,No Time Limit,No Memory Limit
1999,A,No Time Limit,No Memory Limit
1998,E2,No Time Limit,No Memory Limit
1998,E1,No Time Limit,No Memory Limit
1998,D,No Time Limit,No Memory Limit
1998,C,No Time Limit,No Memory Limit
1998,B,No Time Limit,No Memory Limit
1998,A,No Time Limit,No Memory Limit
1997,F,No Time Limit,No Memory Limit
1997,E,No Time Limit,No Memory Limit
1997,D,No Time Limit,No Memory Limit
1997,C,No Time Limit,No Memory Limit
1997,B,No Time Limit,No Memory Limit
1997,A,No Time Limit,No Memory Limit
1996,G,No Time Limit,No Memory Limit
1996,F,No Time Limit,No Memory Limit
1996,E,No Time Limit,No Memory Limit
1996,D,No Time Limit,No Memory Limit
1996,C,No Time Limit,No Memory Limit
1996,B,No Time Limit,No Memory Limit
1996,A,No Time Limit,No Memory Limit
1995,E2,No Time Limit,No Memory Limit
1995,E1,No Time Limit,No Memory Limit
1995,D,No Time Limit,No Memory Limit
1995,C,No Time Limit,No Memory Limit
1995,B2,No Time Limit,No Memory Limit
1995,B1,No Time Limit,No Memory Limit
1995,A,No Time Limit,No Memory Limit
1994,H,No Time Limit,No Memory Limit
1994,G,No Time Limit,No Memory Limit
1994,F,No Time Limit,No Memory Limit
1994,E,No Time Limit,No Memory Limit
1994,D,No Time Limit,No Memory Limit
1994,C,No Time Limit,No Memory Limit
1994,B,No Time Limit,No Memory Limit
1994,A,No Time Limit,No Memory Limit
1993,F2,No Time Limit,No Memory Limit
1993,F1,No Time Limit,No Memory Limit
1993,E,No Time Limit,No Memory Limit
1993,D,No Time Limit,No Memory Limit
1993,C,No Time Limit,No Memory Limit
1993,B,No Time Limit,No Memory Limit
1993,A,No Time Limit,No Memory Limit
1992,G,No Time Limit,No Memory Limit
1992,F,No Time Limit,No Memory Limit
1992,E,No Time Limit,No Memory Limit
1992,D,No Time Limit,No Memory Limit
1992,C,No Time Limit,No Memory Limit
1992,B,No Time Limit,No Memory Limit
1992,A,No Time Limit,No Memory Limit
1991,I,No Time Limit,No Memory Limit
1991,H,No Time Limit,No Memory Limit
1991,G,No Time Limit,No Memory Limit
1991,F,No Time Limit,No Memory Limit
1991,E,No Time Limit,No Memory Limit
1991,D,No Time Limit,No Memory Limit
1991,C,No Time Limit,No Memory Limit
1991,B,No Time Limit,No Memory Limit
1991,A,No Time Limit,No Memory Limit
1990,F,No Time Limit,No Memory Limit
1990,E2,No Time Limit,No Memory Limit
1990,E1,No Time Limit,No Memory Limit
1990,D,No Time Limit,No Memory Limit
1990,C,No Time Limit,No Memory Limit
1990,B,No Time Limit,No Memory Limit
1990,A,No Time Limit,No Memory Limit
1989,F,No Time Limit,No Memory Limit
1989,E,No Time Limit,No Memory Limit
1989,D,No Time Limit,No Memory Limit
1989,C,No Time Limit,No Memory Limit
1989,B,No Time Limit,No Memory Limit
1989,A,No Time Limit,No Memory Limit
1988,F,No Time Limit,No Memory Limit
1988,E,No Time Limit,No Memory Limit
1988,D,No Time Limit,No Memory Limit
1988,C,No Time Limit,No Memory Limit
1988,B,No Time Limit,No Memory Limit
1988,A,No Time Limit,No Memory Limit
1987,H,No Time Limit,No Memory Limit
1987,G2,No Time Limit,No Memory Limit
1987,G1,No Time Limit,No Memory Limit
1987,F2,No Time Limit,No Memory Limit
1987,F1,No Time Limit,No Memory Limit
1987,E,No Time Limit,No Memory Limit
1987,D,No Time Limit,No Memory Limit
1987,C,No Time Limit,No Memory Limit
1987,B,No Time Limit,No Memory Limit
1987,A,No Time Limit,No Memory Limit
1986,G2,No Time Limit,No Memory Limit
1986,G1,No Time Limit,No Memory Limit
1986,F,No Time Limit,No Memory Limit
1986,E,No Time Limit,No Memory Limit
1986,D,No Time Limit,No Memory Limit
1986,C,No Time Limit,No Memory Limit
1986,B,No Time Limit,No Memory Limit
1986,A,No Time Limit,No Memory Limit
1985,H2,No Time Limit,No Memory Limit
1985,H1,No Time Limit,No Memory Limit
1985,G,No Time Limit,No Memory Limit
1985,F,No Time Limit,No Memory Limit
1985,E,No Time Limit,No Memory Limit
1985,D,No Time Limit,No Memory Limit
1985,C,No Time Limit,No Memory Limit
1985,B,No Time Limit,No Memory Limit
1985,A,No Time Limit,No Memory Limit
1984,H,No Time Limit,No Memory Limit
1984,G,No Time Limit,No Memory Limit
1984,F,No Time Limit,No Memory Limit
1984,E,No Time Limit,No Memory Limit
1984,D,No Time Limit,No Memory Limit
1984,C2,No Time Limit,No Memory Limit
1984,C1,No Time Limit,No Memory Limit
1984,B,No Time Limit,No Memory Limit
1984,A,No Time Limit,No Memory Limit
1983,G,No Time Limit,No Memory Limit
1983,F,No Time Limit,No Memory Limit
1983,E,No Time Limit,No Memory Limit
1983,D,No Time Limit,No Memory Limit
1983,C,No Time Limit,No Memory Limit
1983,B,No Time Limit,No Memory Limit
1983,A,No Time Limit,No Memory Limit
1982,F,No Time Limit,No Memory Limit
1982,E,No Time Limit,No Memory Limit
1982,D,No Time Limit,No Memory Limit
1982,C,No Time Limit,No Memory Limit
1982,B,No Time Limit,No Memory Limit
1982,A,No Time Limit,No Memory Limit
1981,F,No Time Limit,No Memory Limit
1981,E,No Time Limit,No Memory Limit
1981,D,No Time Limit,No Memory Limit
1981,C,No Time Limit,No Memory Limit
1981,B,No Time Limit,No Memory Limit
1981,A,No Time Limit,No Memory Limit
1980,G,No Time Limit,No Memory Limit
1980,F2,No Time Limit,No Memory Limit
1980,F1,No Time Limit,No Memory Limit
1980,E,No Time Limit,No Memory Limit
1980,D,No Time Limit,No Memory Limit
1980,C,No Time Limit,No Memory Limit
1980,B,No Time Limit,No Memory Limit
1980,A,No Time Limit,No Memory Limit
1979,F,No Time Limit,No Memory Limit
1979,E,No Time Limit,No Memory Limit
1979,D,No Time Limit,No Memory Limit
1979,C,No Time Limit,No Memory Limit
1979,B,No Time Limit,No Memory Limit
1979,A,No Time Limit,No Memory Limit
1978,F,No Time Limit,No Memory Limit
1978,E,No Time Limit,No Memory Limit
1978,D,No Time Limit,No Memory Limit
1978,C,No Time Limit,No Memory Limit
1978,B,No Time Limit,No Memory Limit
1978,A,No Time Limit,No Memory Limit
1977,E,No Time Limit,No Memory Limit
1977,D,No Time Limit,No Memory Limit
1977,C,No Time Limit,No Memory Limit
1977,B,No Time Limit,No Memory Limit
1977,A,No Time Limit,No Memory Limit
1976,F,No Time Limit,No Memory Limit
1976,E,No Time Limit,No Memory Limit
1976,D,No Time Limit,No Memory Limit
1976,C,No Time Limit,No Memory Limit
1976,B,No Time Limit,No Memory Limit
1976,A,No Time Limit,No Memory Limit
1975,I,No Time Limit,No Memory Limit
1975,H,No Time Limit,No Memory Limit
1975,G,No Time Limit,No Memory Limit
1975,F,No Time Limit,No Memory Limit
1975,E,No Time Limit,No Memory Limit
1975,D,No Time Limit,No Memory Limit
1975,C,No Time Limit,No Memory Limit
1975,B,No Time Limit,No Memory Limit
1975,A,No Time Limit,No Memory Limit
1974,G,No Time Limit,No Memory Limit
1974,F,No Time Limit,No Memory Limit
1974,E,No Time Limit,No Memory Limit
1974,D,No Time Limit,No Memory Limit
1974,C,No Time Limit,No Memory Limit
1974,B,No Time Limit,No Memory Limit
1974,A,No Time Limit,No Memory Limit
1973,F,No Time Limit,No Memory Limit
1973,E,No Time Limit,No Memory Limit
1973,D,No Time Limit,No Memory Limit
1973,C,No Time Limit,No Memory Limit
1973,B,No Time Limit,No Memory Limit
1973,A,No Time Limit,No Memory Limit
1972,B,No Time Limit,No Memory Limit
1972,A,No Time Limit,No Memory Limit
1971,H,No Time Limit,No Memory Limit
1971,G,No Time Limit,No Memory Limit
1971,F,No Time Limit,No Memory Limit
1971,E,No Time Limit,No Memory Limit
1971,D,No Time Limit,No Memory Limit
1971,C,No Time Limit,No Memory Limit
1971,B,No Time Limit,No Memory Limit
1971,A,No Time Limit,No Memory Limit
1970,G3,No Time Limit,No Memory Limit
1970,G2,No Time Limit,No Memory Limit
1970,G1,No Time Limit,No Memory Limit
1970,F3,No Time Limit,No Memory Limit
1970,F2,No Time Limit,No Memory Limit
1970,F1,No Time Limit,No Memory Limit
1970,E3,No Time Limit,No Memory Limit
1970,E2,No Time Limit,No Memory Limit
1970,E1,No Time Limit,No Memory Limit
1970,D3,No Time Limit,No Memory Limit
1970,D2,No Time Limit,No Memory Limit
1970,D1,No Time Limit,No Memory Limit
1970,C3,No Time Limit,No Memory Limit
1970,C2,No Time Limit,No Memory Limit
1970,C1,No Time Limit,No Memory Limit
1970,B3,No Time Limit,No Memory Limit
1970,B2,No Time Limit,No Memory Limit
1970,B1,No Time Limit,No Memory Limit
1970,A3,No Time Limit,No Memory Limit
1970,A2,No Time Limit,No Memory Limit
1970,A1,No Time Limit,No Memory Limit
1969,F,No Time Limit,No Memory Limit
1969,E,No Time Limit,No Memory Limit
1969,D,No Time Limit,No Memory Limit
1969,C,No Time Limit,No Memory Limit
1969,B,No Time Limit,No Memory Limit
1969,A,No Time Limit,No Memory Limit
1968,G2,No Time Limit,No Memory Limit
1968,G1,No Time Limit,No Memory Limit
1968,F,No Time Limit,No Memory Limit
1968,E,No Time Limit,No Memory Limit
1968,D,No Time Limit,No Memory Limit
1968,C,No Time Limit,No Memory Limit
1968,B,No Time Limit,No Memory Limit
1968,A,No Time Limit,No Memory Limit
1967,F,No Time Limit,No Memory Limit
1967,E2,No Time Limit,No Memory Limit
1967,E1,No Time Limit,No Memory Limit
1967,D,No Time Limit,No Memory Limit
1967,C,No Time Limit,No Memory Limit
1967,B2,No Time Limit,No Memory Limit
1967,B1,No Time Limit,No Memory Limit
1967,A,No Time Limit,No Memory Limit
1966,B,No Time Limit,No Memory Limit
1966,A,No Time Limit,No Memory Limit
1965,F,No Time Limit,No Memory Limit
1965,E,No Time Limit,No Memory Limit
1965,D,No Time Limit,No Memory Limit
1965,C,No Time Limit,No Memory Limit
1965,B,No Time Limit,No Memory Limit
1965,A,No Time Limit,No Memory Limit
1958,J,No Time Limit,No Memory Limit
1958,I,No Time Limit,No Memory Limit
1958,H,No Time Limit,No Memory Limit
1958,G,No Time Limit,No Memory Limit
1958,F,No Time Limit,No Memory Limit
1958,E,No Time Limit,No Memory Limit
1958,D,No Time Limit,No Memory Limit
1958,C,No Time Limit,No Memory Limit
1958,B,No Time Limit,No Memory Limit
1958,A,No Time Limit,No Memory Limit
1957,F2,No Time Limit,No Memory Limit
1957,F1,No Time Limit,No Memory Limit
1957,E,No Time Limit,No Memory Limit
1957,D,No Time Limit,No Memory Limit
1957,C,No Time Limit,No Memory Limit
1957,B,No Time Limit,No Memory Limit
1957,A,No Time Limit,No Memory Limit
1956,F,No Time Limit,No Memory Limit
1956,E2,No Time Limit,No Memory Limit
1956,E1,No Time Limit,No Memory Limit
1956,D,No Time Limit,No Memory Limit
1956,C,No Time Limit,No Memory Limit
1956,B,No Time Limit,No Memory Limit
1956,A,No Time Limit,No Memory Limit
1955,H,No Time Limit,No Memory Limit
1955,G,No Time Limit,No Memory Limit
1955,F,No Time Limit,No Memory Limit
1955,E,No Time Limit,No Memory Limit
1955,D,No Time Limit,No Memory Limit
1955,C,No Time Limit,No Memory Limit
1955,B,No Time Limit,No Memory Limit
1955,A,No Time Limit,No Memory Limit
1954,F,No Time Limit,No Memory Limit
1954,E,No Time Limit,No Memory Limit
1954,D,No Time Limit,No Memory Limit
1954,C,No Time Limit,No Memory Limit
1954,B,No Time Limit,No Memory Limit
1954,A,No Time Limit,No Memory Limit
1953,A,No Time Limit,No Memory Limit
1952,J,No Time Limit,No Memory Limit
1952,I,No Time Limit,No Memory Limit
1952,H,No Time Limit,No Memory Limit
1952,G,No Time Limit,No Memory Limit
1952,F,No Time Limit,No Memory Limit
1952,E,No Time Limit,No Memory Limit
1952,D,No Time Limit,No Memory Limit
1952,C,No Time Limit,No Memory Limit
1952,B,No Time Limit,No Memory Limit
1952,A,No Time Limit,No Memory Limit
1951,I,No Time Limit,No Memory Limit
1951,H,No Time Limit,No Memory Limit
1951,G,No Time Limit,No Memory Limit
1951,F,No Time Limit,No Memory Limit
1951,E,No Time Limit,No Memory Limit
1951,D,No Time Limit,No Memory Limit
1951,C,No Time Limit,No Memory Limit
1951,B,No Time Limit,No Memory Limit
1951,A,No Time Limit,No Memory Limit
1950,G,No Time Limit,No Memory Limit
1950,F,No Time Limit,No Memory Limit
1950,E,No Time Limit,No Memory Limit
1950,D,No Time Limit,No Memory Limit
1950,C,No Time Limit,No Memory Limit
1950,B,No Time Limit,No Memory Limit
1950,A,No Time Limit,No Memory Limit
1949,K,No Time Limit,No Memory Limit
1949,J,No Time Limit,No Memory Limit
1949,I,No Time Limit,No Memory Limit
1949,H,No Time Limit,No Memory Limit
1949,G,No Time Limit,No Memory Limit
1949,F,No Time Limit,No Memory Limit
1949,E,No Time Limit,No Memory Limit
1949,D,No Time Limit,No Memory Limit
1949,C,No Time Limit,No Memory Limit
1949,B,No Time Limit,No Memory Limit
1949,A,No Time Limit,No Memory Limit
1948,G,No Time Limit,No Memory Limit
1948,F,No Time Limit,No Memory Limit
1948,E,No Time Limit,No Memory Limit
1948,D,No Time Limit,No Memory Limit
1948,C,No Time Limit,No Memory Limit
1948,B,No Time Limit,No Memory Limit
1948,A,No Time Limit,No Memory Limit
1946,F,No Time Limit,No Memory Limit
1946,E,No Time Limit,No Memory Limit
1946,D,No Time Limit,No Memory Limit
1946,C,No Time Limit,No Memory Limit
1946,B,No Time Limit,No Memory Limit
1946,A,No Time Limit,No Memory Limit
1945,H,No Time Limit,No Memory Limit
1945,G,No Time Limit,No Memory Limit
1945,F,No Time Limit,No Memory Limit
1945,E,No Time Limit,No Memory Limit
1945,D,No Time Limit,No Memory Limit
1945,C,No Time Limit,No Memory Limit
1945,B,No Time Limit,No Memory Limit
1945,A,No Time Limit,No Memory Limit
1944,B,No Time Limit,No Memory Limit
1944,A,No Time Limit,No Memory Limit
1943,F,No Time Limit,No Memory Limit
1943,E2,No Time Limit,No Memory Limit
1943,E1,No Time Limit,No Memory Limit
1943,D2,No Time Limit,No Memory Limit
1943,D1,No Time Limit,No Memory Limit
1943,C,No Time Limit,No Memory Limit
1943,B,No Time Limit,No Memory Limit
1943,A,No Time Limit,No Memory Limit
1942,H,No Time Limit,No Memory Limit
1942,G,No Time Limit,No Memory Limit
1942,F,No Time Limit,No Memory Limit
1942,E,No Time Limit,No Memory Limit
1942,D,No Time Limit,No Memory Limit
1942,C2,No Time Limit,No Memory Limit
1942,C1,No Time Limit,No Memory Limit
1942,B,No Time Limit,No Memory Limit
1942,A,No Time Limit,No Memory Limit
1941,G,No Time Limit,No Memory Limit
1941,F,No Time Limit,No Memory Limit
1941,E,No Time Limit,No Memory Limit
1941,D,No Time Limit,No Memory Limit
1941,C,No Time Limit,No Memory Limit
1941,B,No Time Limit,No Memory Limit
1941,A,No Time Limit,No Memory Limit
1940,D,No Time Limit,No Memory Limit
1940,C,No Time Limit,No Memory Limit
1940,B,No Time Limit,No Memory Limit
1940,A,No Time Limit,No Memory Limit
1939,D,No Time Limit,No Memory Limit
1939,C,No Time Limit,No Memory Limit
1939,B,No Time Limit,No Memory Limit
1939,A,No Time Limit,No Memory Limit
1938,M,No Time Limit,No Memory Limit
1938,L,No Time Limit,No Memory Limit
1938,K,No Time Limit,No Memory Limit
1938,J,No Time Limit,No Memory Limit
1938,I,No Time Limit,No Memory Limit
1938,H,No Time Limit,No Memory Limit
1938,G,No Time Limit,No Memory Limit
1938,F,No Time Limit,No Memory Limit
1938,E,No Time Limit,No Memory Limit
1938,D,No Time Limit,No Memory Limit
1938,C,No Time Limit,No Memory Limit
1938,B,No Time Limit,No Memory Limit
1938,A,No Time Limit,No Memory Limit
1937,B,No Time Limit,No Memory Limit
1937,A,No Time Limit,No Memory Limit
1936,F,No Time Limit,No Memory Limit
1936,E,No Time Limit,No Memory Limit
1936,D,No Time Limit,No Memory Limit
1936,C,No Time Limit,No Memory Limit
1936,B,No Time Limit,No Memory Limit
1936,A,No Time Limit,No Memory Limit
1935,F,No Time Limit,No Memory Limit
1935,E,No Time Limit,No Memory Limit
1935,D,No Time Limit,No Memory Limit
1935,C,No Time Limit,No Memory Limit
1935,B,No Time Limit,No Memory Limit
1935,A,No Time Limit,No Memory Limit
1934,E,No Time Limit,No Memory Limit
1934,D2,No Time Limit,No Memory Limit
1934,D1,No Time Limit,No Memory Limit
1934,C,No Time Limit,No Memory Limit
1934,B,No Time Limit,No Memory Limit
1934,A,No Time Limit,No Memory Limit
1933,G,No Time Limit,No Memory Limit
1933,F,No Time Limit,No Memory Limit
1933,E,No Time Limit,No Memory Limit
1933,D,No Time Limit,No Memory Limit
1933,C,No Time Limit,No Memory Limit
1933,B,No Time Limit,No Memory Limit
1933,A,No Time Limit,No Memory Limit
1932,G,No Time Limit,No Memory Limit
1932,F,No Time Limit,No Memory Limit
1932,E,No Time Limit,No Memory Limit
1932,D,No Time Limit,No Memory Limit
1932,C,No Time Limit,No Memory Limit
1932,B,No Time Limit,No Memory Limit
1932,A,No Time Limit,No Memory Limit
1931,G,No Time Limit,No Memory Limit
1931,F,No Time Limit,No Memory Limit
1931,E,No Time Limit,No Memory Limit
1931,D,No Time Limit,No Memory Limit
1931,C,No Time Limit,No Memory Limit
1931,B,No Time Limit,No Memory Limit
1931,A,No Time Limit,No Memory Limit
1930,I,No Time Limit,No Memory Limit
1930,H,No Time Limit,No Memory Limit
1930,G,No Time Limit,No Memory Limit
1930,F,No Time Limit,No Memory Limit
1930,E,No Time Limit,No Memory Limit
1930,D2,No Time Limit,No Memory Limit
1930,D1,No Time Limit,No Memory Limit
1930,C,No Time Limit,No Memory Limit
1930,B,No Time Limit,No Memory Limit
1930,A,No Time Limit,No Memory Limit
1929,F,No Time Limit,No Memory Limit
1929,E,No Time Limit,No Memory Limit
1929,D,No Time Limit,No Memory Limit
1929,C,No Time Limit,No Memory Limit
1929,B,No Time Limit,No Memory Limit
1929,A,No Time Limit,No Memory Limit
1928,F,No Time Limit,No Memory Limit
1928,E,No Time Limit,No Memory Limit
1928,D,No Time Limit,No Memory Limit
1928,C,No Time Limit,No Memory Limit
1928,B,No Time Limit,No Memory Limit
1928,A,No Time Limit,No Memory Limit
1927,G,No Time Limit,No Memory Limit
1927,F,No Time Limit,No Memory Limit
1927,E,No Time Limit,No Memory Limit
1927,D,No Time Limit,No Memory Limit
1927,C,No Time Limit,No Memory Limit
1927,B,No Time Limit,No Memory Limit
1927,A,No Time Limit,No Memory Limit
1926,G,No Time Limit,No Memory Limit
1926,F,No Time Limit,No Memory Limit
1926,E,No Time Limit,No Memory Limit
1926,D,No Time Limit,No Memory Limit
1926,C,No Time Limit,No Memory Limit
1926,B,No Time Limit,No Memory Limit
1926,A,No Time Limit,No Memory Limit
1925,D,No Time Limit,No Memory Limit
1925,B,No Time Limit,No Memory Limit
1925,A,No Time Limit,No Memory Limit
1924,F,No Time Limit,No Memory Limit
1924,E,No Time Limit,No Memory Limit
1924,D,No Time Limit,No Memory Limit
1924,C,No Time Limit,No Memory Limit
1924,B,No Time Limit,No Memory Limit
1924,A,No Time Limit,No Memory Limit
1923,F,No Time Limit,No Memory Limit
1923,E,No Time Limit,No Memory Limit
1923,D,No Time Limit,No Memory Limit
1923,C,No Time Limit,No Memory Limit
1923,B,No Time Limit,No Memory Limit
1923,A,No Time Limit,No Memory Limit
1922,F,No Time Limit,No Memory Limit
1922,E,No Time Limit,No Memory Limit
1922,D,No Time Limit,No Memory Limit
1922,C,No Time Limit,No Memory Limit
1922,B,No Time Limit,No Memory Limit
1922,A,No Time Limit,No Memory Limit
1921,G,No Time Limit,No Memory Limit
1921,F,No Time Limit,No Memory Limit
1921,E,No Time Limit,No Memory Limit
1921,D,No Time Limit,No Memory Limit
1921,C,No Time Limit,No Memory Limit
1921,B,No Time Limit,No Memory Limit
1921,A,No Time Limit,No Memory Limit
1920,F2,No Time Limit,No Memory Limit
1920,F1,No Time Limit,No Memory Limit
1920,E,No Time Limit,No Memory Limit
1920,D,No Time Limit,No Memory Limit
1920,C,No Time Limit,No Memory Limit
1920,B,No Time Limit,No Memory Limit
1920,A,No Time Limit,No Memory Limit
1919,H,No Time Limit,No Memory Limit
1919,G,No Time Limit,No Memory Limit
1919,F2,No Time Limit,No Memory Limit
1919,F1,No Time Limit,No Memory Limit
1919,E,No Time Limit,No Memory Limit
1919,D,No Time Limit,No Memory Limit
1919,C,No Time Limit,No Memory Limit
1919,B,No Time Limit,No Memory Limit
1919,A,No Time Limit,No Memory Limit
1918,G,No Time Limit,No Memory Limit
1918,F,No Time Limit,No Memory Limit
1918,E,No Time Limit,No Memory Limit
1918,D,No Time Limit,No Memory Limit
1918,C,No Time Limit,No Memory Limit
1918,B,No Time Limit,No Memory Limit
1918,A,No Time Limit,No Memory Limit
1917,F,No Time Limit,No Memory Limit
1917,E,No Time Limit,No Memory Limit
1917,D,No Time Limit,No Memory Limit
1917,C,No Time Limit,No Memory Limit
1917,B,No Time Limit,No Memory Limit
1917,A,No Time Limit,No Memory Limit
1916,H2,No Time Limit,No Memory Limit
1916,H1,No Time Limit,No Memory Limit
1916,G,No Time Limit,No Memory Limit
1916,F,No Time Limit,No Memory Limit
1916,E,No Time Limit,No Memory Limit
1916,D,No Time Limit,No Memory Limit
1916,C,No Time Limit,No Memory Limit
1916,B,No Time Limit,No Memory Limit
1916,A,No Time Limit,No Memory Limit
1915,G,No Time Limit,No Memory Limit
1915,F,No Time Limit,No Memory Limit
1915,E,No Time Limit,No Memory Limit
1915,D,No Time Limit,No Memory Limit
1915,C,No Time Limit,No Memory Limit
1915,B,No Time Limit,No Memory Limit
1915,A,No Time Limit,No Memory Limit
1914,G2,No Time Limit,No Memory Limit
1914,G1,No Time Limit,No Memory Limit
1914,F,No Time Limit,No Memory Limit
1914,E2,No Time Limit,No Memory Limit
1914,E1,No Time Limit,No Memory Limit
1914,D,No Time Limit,No Memory Limit
1914,C,No Time Limit,No Memory Limit
1914,B,No Time Limit,No Memory Limit
1914,A,No Time Limit,No Memory Limit
1913,F,No Time Limit,No Memory Limit
1913,E,No Time Limit,No Memory Limit
1913,D,No Time Limit,No Memory Limit
1913,C,No Time Limit,No Memory Limit
1913,B,No Time Limit,No Memory Limit
1913,A,No Time Limit,No Memory Limit
1912,L,No Time Limit,No Memory Limit
1912,K,No Time Limit,No Memory Limit
1912,J,No Time Limit,No Memory Limit
1912,I,No Time Limit,No Memory Limit
1912,H,No Time Limit,No Memory Limit
1912,G,No Time Limit,No Memory Limit
1912,F,No Time Limit,No Memory Limit
1912,E,No Time Limit,No Memory Limit
1912,D,No Time Limit,No Memory Limit
1912,C,No Time Limit,No Memory Limit
1912,B,No Time Limit,No Memory Limit
1912,A,No Time Limit,No Memory Limit
1910,J,No Time Limit,No Memory Limit
1910,I,No Time Limit,No Memory Limit
1910,H,No Time Limit,No Memory Limit
1910,G,No Time Limit,No Memory Limit
1910,F,No Time Limit,No Memory Limit
1910,E,No Time Limit,No Memory Limit
1910,D,No Time Limit,No Memory Limit
1910,C,No Time Limit,No Memory Limit
1910,B,No Time Limit,No Memory Limit
1910,A,No Time Limit,No Memory Limit
1909,I,No Time Limit,No Memory Limit
1909,H,No Time Limit,No Memory Limit
1909,G,No Time Limit,No Memory Limit
1909,F2,No Time Limit,No Memory Limit
1909,F1,No Time Limit,No Memory Limit
1909,E,No Time Limit,No Memory Limit
1909,D,No Time Limit,No Memory Limit
1909,C,No Time Limit,No Memory Limit
1909,B,No Time Limit,No Memory Limit
1909,A,No Time Limit,No Memory Limit
1907,G,No Time Limit,No Memory Limit
1907,F,No Time Limit,No Memory Limit
1907,E,No Time Limit,No Memory Limit
1907,D,No Time Limit,No Memory Limit
1907,C,No Time Limit,No Memory Limit
1907,B,No Time Limit,No Memory Limit
1907,A,No Time Limit,No Memory Limit
1906,M,No Time Limit,No Memory Limit
1906,L,No Time Limit,No Memory Limit
1906,K,No Time Limit,No Memory Limit
1906,J,No Time Limit,No Memory Limit
1906,I,No Time Limit,No Memory Limit
1906,H,No Time Limit,No Memory Limit
1906,G,No Time Limit,No Memory Limit
1906,F,No Time Limit,No Memory Limit
1906,E,No Time Limit,No Memory Limit
1906,D,No Time Limit,No Memory Limit
1906,C,No Time Limit,No Memory Limit
1906,B,No Time Limit,No Memory Limit
1906,A,No Time Limit,No Memory Limit
1905,F,No Time Limit,No Memory Limit
1905,E,No Time Limit,No Memory Limit
1905,D,No Time Limit,No Memory Limit
1905,C,No Time Limit,No Memory Limit
1905,B,No Time Limit,No Memory Limit
1905,A,No Time Limit,No Memory Limit
1904,F,No Time Limit,No Memory Limit
1904,E,No Time Limit,No Memory Limit
1904,D2,No Time Limit,No Memory Limit
1904,D1,No Time Limit,No Memory Limit
1904,C,No Time Limit,No Memory Limit
1904,B,No Time Limit,No Memory Limit
1904,A,No Time Limit,No Memory Limit
1903,F,No Time Limit,No Memory Limit
1903,E,No Time Limit,No Memory Limit
1903,D2,No Time Limit,No Memory Limit
1903,D1,No Time Limit,No Memory Limit
1903,C,No Time Limit,No Memory Limit
1903,B,No Time Limit,No Memory Limit
1903,A,No Time Limit,No Memory Limit
1902,F,No Time Limit,No Memory Limit
1902,E,No Time Limit,No Memory Limit
1902,D,No Time Limit,No Memory Limit
1902,C,No Time Limit,No Memory Limit
1902,B,No Time Limit,No Memory Limit
1902,A,No Time Limit,No Memory Limit
1901,F,No Time Limit,No Memory Limit
1901,E,No Time Limit,No Memory Limit
1901,D,No Time Limit,No Memory Limit
1901,C,No Time Limit,No Memory Limit
1901,B,No Time Limit,No Memory Limit
1901,A,No Time Limit,No Memory Limit
1900,F,No Time Limit,No Memory Limit
1900,E,No Time Limit,No Memory Limit
1900,D,No Time Limit,No Memory Limit
1900,C,No Time Limit,No Memory Limit
1900,B,No Time Limit,No Memory Limit
1900,A,No Time Limit,No Memory Limit
1899,G,No Time Limit,No Memory Limit
1899,F,No Time Limit,No Memory Limit
1899,E,No Time Limit,No Memory Limit
1899,D,No Time Limit,No Memory Limit
1899,C,No Time Limit,No Memory Limit
1899,B,No Time Limit,No Memory Limit
1899,A,No Time Limit,No Memory Limit
1898,F,No Time Limit,No Memory Limit
1898,E,No Time Limit,No Memory Limit
1898,D,No Time Limit,No Memory Limit
1898,C,No Time Limit,No Memory Limit
1898,B,No Time Limit,No Memory Limit
1898,A,No Time Limit,No Memory Limit
1896,H2,No Time Limit,No Memory Limit
1896,H1,No Time Limit,No Memory Limit
1896,G,No Time Limit,No Memory Limit
1896,F,No Time Limit,No Memory Limit
1896,E,No Time Limit,No Memory Limit
1896,D,No Time Limit,No Memory Limit
1896,C,No Time Limit,No Memory Limit
1896,B,No Time Limit,No Memory Limit
1896,A,No Time Limit,No Memory Limit
1895,G,No Time Limit,No Memory Limit
1895,F,No Time Limit,No Memory Limit
1895,E,No Time Limit,No Memory Limit
1895,D,No Time Limit,No Memory Limit
1895,C,No Time Limit,No Memory Limit
1895,B,No Time Limit,No Memory Limit
1895,A,No Time Limit,No Memory Limit
1894,B,No Time Limit,No Memory Limit
1894,A,No Time Limit,No Memory Limit
1893,E,No Time Limit,No Memory Limit
1893,D,No Time Limit,No Memory Limit
1893,C,No Time Limit,No Memory Limit
1893,B,No Time Limit,No Memory Limit
1893,A,No Time Limit,No Memory Limit
1891,F,No Time Limit,No Memory Limit
1891,E,No Time Limit,No Memory Limit
1891,D,No Time Limit,No Memory Limit
1891,C,No Time Limit,No Memory Limit
1891,B,No Time Limit,No Memory Limit
1891,A,No Time Limit,No Memory Limit
1890,B,No Time Limit,No Memory Limit
1890,A,No Time Limit,No Memory Limit
1889,F,No Time Limit,No Memory Limit
1889,E,No Time Limit,No Memory Limit
1889,D,No Time Limit,No Memory Limit
1889,C2,No Time Limit,No Memory Limit
1889,C1,No Time Limit,No Memory Limit
1889,B,No Time Limit,No Memory Limit
1889,A,No Time Limit,No Memory Limit
1887,F,No Time Limit,No Memory Limit
1887,E,No Time Limit,No Memory Limit
1887,D,No Time Limit,No Memory Limit
1887,C,No Time Limit,No Memory Limit
1887,B,No Time Limit,No Memory Limit
1886,F,No Time Limit,No Memory Limit
1886,E,No Time Limit,No Memory Limit
1886,D,No Time Limit,No Memory Limit
1886,C,No Time Limit,No Memory Limit
1886,B,No Time Limit,No Memory Limit
1886,A,No Time Limit,No Memory Limit
1885,A,No Time Limit,No Memory Limit
1884,E,No Time Limit,No Memory Limit
1884,D,No Time Limit,No Memory Limit
1884,C,No Time Limit,No Memory Limit
1884,B,No Time Limit,No Memory Limit
1884,A,No Time Limit,No Memory Limit
1883,G2,No Time Limit,No Memory Limit
1883,G1,No Time Limit,No Memory Limit
1883,F,No Time Limit,No Memory Limit
1883,E,No Time Limit,No Memory Limit
1883,D,No Time Limit,No Memory Limit
1883,C,No Time Limit,No Memory Limit
1883,B,No Time Limit,No Memory Limit
1883,A,No Time Limit,No Memory Limit
1882,E2,No Time Limit,No Memory Limit
1882,E1,No Time Limit,No Memory Limit
1882,D,No Time Limit,No Memory Limit
1882,C,No Time Limit,No Memory Limit
1882,B,No Time Limit,No Memory Limit
1882,A,No Time Limit,No Memory Limit
1881,G,No Time Limit,No Memory Limit
1881,F,No Time Limit,No Memory Limit
1881,E,No Time Limit,No Memory Limit
1881,D,No Time Limit,No Memory Limit
1881,C,No Time Limit,No Memory Limit
1881,B,No Time Limit,No Memory Limit
1881,A,No Time Limit,No Memory Limit
1879,F,No Time Limit,No Memory Limit
1879,E,No Time Limit,No Memory Limit
1879,D,No Time Limit,No Memory Limit
1879,C,No Time Limit,No Memory Limit
1879,B,No Time Limit,No Memory Limit
1879,A,No Time Limit,No Memory Limit
1878,G,No Time Limit,No Memory Limit
1878,F,No Time Limit,No Memory Limit
1878,E,No Time Limit,No Memory Limit
1878,D,No Time Limit,No Memory Limit
1878,C,No Time Limit,No Memory Limit
1878,B,No Time Limit,No Memory Limit
1878,A,No Time Limit,No Memory Limit
1877,C,No Time Limit,No Memory Limit
1877,A,No Time Limit,No Memory Limit
1876,G,No Time Limit,No Memory Limit
1876,F,No Time Limit,No Memory Limit
1876,E,No Time Limit,No Memory Limit
1876,D,No Time Limit,No Memory Limit
1876,C,No Time Limit,No Memory Limit
1876,B,No Time Limit,No Memory Limit
1876,A,No Time Limit,No Memory Limit
1875,D,No Time Limit,No Memory Limit
1875,C,No Time Limit,No Memory Limit
1875,A,No Time Limit,No Memory Limit
1874,G,No Time Limit,No Memory Limit
1874,F,No Time Limit,No Memory Limit
1874,E,No Time Limit,No Memory Limit
1874,D,No Time Limit,No Memory Limit
1874,C,No Time Limit,No Memory Limit
1874,B,No Time Limit,No Memory Limit
1874,A,No Time Limit,No Memory Limit
1873,H,No Time Limit,No Memory Limit
1873,G,No Time Limit,No Memory Limit
1873,F,No Time Limit,No Memory Limit
1873,E,No Time Limit,No Memory Limit
1873,D,No Time Limit,No Memory Limit
1873,C,No Time Limit,No Memory Limit
1873,B,No Time Limit,No Memory Limit
1873,A,No Time Limit,No Memory Limit
1872,G,No Time Limit,No Memory Limit
1872,F,No Time Limit,No Memory Limit
1872,E,No Time Limit,No Memory Limit
1872,D,No Time Limit,No Memory Limit
1872,C,No Time Limit,No Memory Limit
1872,B,No Time Limit,No Memory Limit
1872,A,No Time Limit,No Memory Limit
1870,H,No Time Limit,No Memory Limit
1870,G,No Time Limit,No Memory Limit
1870,F,No Time Limit,No Memory Limit
1870,E,No Time Limit,No Memory Limit
1870,D,No Time Limit,No Memory Limit
1870,C,No Time Limit,No Memory Limit
1870,B,No Time Limit,No Memory Limit
1870,A,No Time Limit,No Memory Limit
1869,B,No Time Limit,No Memory Limit
1869,A,No Time Limit,No Memory Limit
1868,F,No Time Limit,No Memory Limit
1868,E,No Time Limit,No Memory Limit
1868,D,No Time Limit,No Memory Limit
1868,C,No Time Limit,No Memory Limit
1868,B2,No Time Limit,No Memory Limit
1868,B1,No Time Limit,No Memory Limit
1868,A,No Time Limit,No Memory Limit
1867,F,No Time Limit,No Memory Limit
1867,E2,No Time Limit,No Memory Limit
1867,E1,No Time Limit,No Memory Limit
1867,D,No Time Limit,No Memory Limit
1867,C,No Time Limit,No Memory Limit
1867,B,No Time Limit,No Memory Limit
1867,A,No Time Limit,No Memory Limit
1866,M,No Time Limit,No Memory Limit
1866,L,No Time Limit,No Memory Limit
1866,K,No Time Limit,No Memory Limit
1866,J,No Time Limit,No Memory Limit
1866,I,No Time Limit,No Memory Limit
1866,H,No Time Limit,No Memory Limit
1866,G,No Time Limit,No Memory Limit
1866,F,No Time Limit,No Memory Limit
1866,E,No Time Limit,No Memory Limit
1866,D,No Time Limit,No Memory Limit
1866,C,No Time Limit,No Memory Limit
1866,B,No Time Limit,No Memory Limit
1866,A,No Time Limit,No Memory Limit
1864,I,No Time Limit,No Memory Limit
1864,H,No Time Limit,No Memory Limit
1864,G,No Time Limit,No Memory Limit
1864,F,No Time Limit,No Memory Limit
1864,E,No Time Limit,No Memory Limit
1864,D,No Time Limit,No Memory Limit
1864,C,No Time Limit,No Memory Limit
1864,B,No Time Limit,No Memory Limit
1864,A,No Time Limit,No Memory Limit
1863,I,No Time Limit,No Memory Limit
1863,H,No Time Limit,No Memory Limit
1863,G,No Time Limit,No Memory Limit
1863,F,No Time Limit,No Memory Limit
1863,E,No Time Limit,No Memory Limit
1863,D,No Time Limit,No Memory Limit
1863,C,No Time Limit,No Memory Limit
1863,B,No Time Limit,No Memory Limit
1863,A,No Time Limit,No Memory Limit
1862,G,No Time Limit,No Memory Limit
1862,F,No Time Limit,No Memory Limit
1862,E,No Time Limit,No Memory Limit
1862,D,No Time Limit,No Memory Limit
1862,C,No Time Limit,No Memory Limit
1862,B,No Time Limit,No Memory Limit
1862,A,No Time Limit,No Memory Limit
1861,F,No Time Limit,No Memory Limit
1861,E,No Time Limit,No Memory Limit
1861,D,No Time Limit,No Memory Limit
1861,C,No Time Limit,No Memory Limit
1861,B,No Time Limit,No Memory Limit
1861,A,No Time Limit,No Memory Limit
1860,F,No Time Limit,No Memory Limit
1860,E,No Time Limit,No Memory Limit
1860,D,No Time Limit,No Memory Limit
1860,C,No Time Limit,No Memory Limit
1860,B,No Time Limit,No Memory Limit
1860,A,No Time Limit,No Memory Limit
1859,F,No Time Limit,No Memory Limit
1859,E,No Time Limit,No Memory Limit
1859,D,No Time Limit,No Memory Limit
1859,C,No Time Limit,No Memory Limit
1859,B,No Time Limit,No Memory Limit
1859,A,No Time Limit,No Memory Limit
1858,E2,No Time Limit,No Memory Limit
1858,E1,No Time Limit,No Memory Limit
1858,D,No Time Limit,No Memory Limit
1858,C,No Time Limit,No Memory Limit
1858,B,No Time Limit,No Memory Limit
1858,A,No Time Limit,No Memory Limit
1857,G,No Time Limit,No Memory Limit
1857,F,No Time Limit,No Memory Limit
1857,E,No Time Limit,No Memory Limit
1857,D,No Time Limit,No Memory Limit
1857,C,No Time Limit,No Memory Limit
1857,B,No Time Limit,No Memory Limit
1857,A,No Time Limit,No Memory Limit
1856,E2,No Time Limit,No Memory Limit
1856,E1,No Time Limit,No Memory Limit
1856,D,No Time Limit,No Memory Limit
1856,C,No Time Limit,No Memory Limit
1856,B,No Time Limit,No Memory Limit
1856,A,No Time Limit,No Memory Limit
1855,B,No Time Limit,No Memory Limit
1855,A,No Time Limit,No Memory Limit
1854,F,No Time Limit,No Memory Limit
1854,E,No Time Limit,No Memory Limit
1854,D,No Time Limit,No Memory Limit
1854,C,No Time Limit,No Memory Limit
1854,B,No Time Limit,No Memory Limit
1854,A2,No Time Limit,No Memory Limit
1854,A1,No Time Limit,No Memory Limit
1853,B,No Time Limit,No Memory Limit
1853,A,No Time Limit,No Memory Limit
1852,F,No Time Limit,No Memory Limit
1852,E,No Time Limit,No Memory Limit
1852,D,No Time Limit,No Memory Limit
1852,C,No Time Limit,No Memory Limit
1852,B,No Time Limit,No Memory Limit
1852,A,No Time Limit,No Memory Limit
1851,G,No Time Limit,No Memory Limit
1851,F,No Time Limit,No Memory Limit
1851,E,No Time Limit,No Memory Limit
1851,D,No Time Limit,No Memory Limit
1851,C,No Time Limit,No Memory Limit
1851,B,No Time Limit,No Memory Limit
1851,A,No Time Limit,No Memory Limit
1850,H,No Time Limit,No Memory Limit
1850,G,No Time Limit,No Memory Limit
1850,F,No Time Limit,No Memory Limit
1850,E,No Time Limit,No Memory Limit
1850,D,No Time Limit,No Memory Limit
1850,C,No Time Limit,No Memory Limit
1850,B,No Time Limit,No Memory Limit
1850,A,No Time Limit,No Memory Limit
1849,F,No Time Limit,No Memory Limit
1849,E,No Time Limit,No Memory Limit
1849,D,No Time Limit,No Memory Limit
1849,C,No Time Limit,No Memory Limit
1849,B,No Time Limit,No Memory Limit
1849,A,No Time Limit,No Memory Limit
1848,F,No Time Limit,No Memory Limit
1848,E,No Time Limit,No Memory Limit
1848,D,No Time Limit,No Memory Limit
1848,C,No Time Limit,No Memory Limit
1848,B,No Time Limit,No Memory Limit
1848,A,No Time Limit,No Memory Limit
1847,F,No Time Limit,No Memory Limit
1847,E,No Time Limit,No Memory Limit
1847,D,No Time Limit,No Memory Limit
1847,C,No Time Limit,No Memory Limit
1847,B,No Time Limit,No Memory Limit
1847,A,No Time Limit,No Memory Limit
1846,G,No Time Limit,No Memory Limit
1846,F,No Time Limit,No Memory Limit
1846,E2,No Time Limit,No Memory Limit
1846,E1,No Time Limit,No Memory Limit
1846,D,No Time Limit,No Memory Limit
1846,C,No Time Limit,No Memory Limit
1846,B,No Time Limit,No Memory Limit
1846,A,No Time Limit,No Memory Limit
1845,F,No Time Limit,No Memory Limit
1845,E,No Time Limit,No Memory Limit
1845,D,No Time Limit,No Memory Limit
1845,C,No Time Limit,No Memory Limit
1845,B,No Time Limit,No Memory Limit
1845,A,No Time Limit,No Memory Limit
1844,H,No Time Limit,No Memory Limit
1844,G,No Time Limit,No Memory Limit
1844,F2,No Time Limit,No Memory Limit
1844,F1,No Time Limit,No Memory Limit
1844,E,No Time Limit,No Memory Limit
1844,D,No Time Limit,No Memory Limit
1844,C,No Time Limit,No Memory Limit
1844,B,No Time Limit,No Memory Limit
1844,A,No Time Limit,No Memory Limit
1843,F2,No Time Limit,No Memory Limit
1843,F1,No Time Limit,No Memory Limit
1843,E,No Time Limit,No Memory Limit
1843,D,No Time Limit,No Memory Limit
1843,C,No Time Limit,No Memory Limit
1843,B,No Time Limit,No Memory Limit
1843,A,No Time Limit,No Memory Limit
1842,I,No Time Limit,No Memory Limit
1842,H,No Time Limit,No Memory Limit
1842,G,No Time Limit,No Memory Limit
1842,F,No Time Limit,No Memory Limit
1842,E,No Time Limit,No Memory Limit
1842,D,No Time Limit,No Memory Limit
1842,C,No Time Limit,No Memory Limit
1842,B,No Time Limit,No Memory Limit
1842,A,No Time Limit,No Memory Limit
1841,F,No Time Limit,No Memory Limit
1841,E,No Time Limit,No Memory Limit
1841,D,No Time Limit,No Memory Limit
1841,C,No Time Limit,No Memory Limit
1841,B,No Time Limit,No Memory Limit
1841,A,No Time Limit,No Memory Limit
1840,G2,No Time Limit,No Memory Limit
1840,G1,No Time Limit,No Memory Limit
1840,F,No Time Limit,No Memory Limit
1840,E,No Time Limit,No Memory Limit
1840,D,No Time Limit,No Memory Limit
1840,C,No Time Limit,No Memory Limit
1840,B,No Time Limit,No Memory Limit
1840,A,No Time Limit,No Memory Limit
1839,E,No Time Limit,No Memory Limit
1839,D,No Time Limit,No Memory Limit
1839,C,No Time Limit,No Memory Limit
1839,B,No Time Limit,No Memory Limit
1839,A,No Time Limit,No Memory Limit
1838,F,No Time Limit,No Memory Limit
1838,E,No Time Limit,No Memory Limit
1838,D,No Time Limit,No Memory Limit
1838,C,No Time Limit,No Memory Limit
1838,B,No Time Limit,No Memory Limit
1838,A,No Time Limit,No Memory Limit
1837,F,No Time Limit,No Memory Limit
1837,E,No Time Limit,No Memory Limit
1837,D,No Time Limit,No Memory Limit
1837,C,No Time Limit,No Memory Limit
1837,B,No Time Limit,No Memory Limit
1837,A,No Time Limit,No Memory Limit
1836,B,No Time Limit,No Memory Limit
1836,A,No Time Limit,No Memory Limit
1835,F,No Time Limit,No Memory Limit
1835,E,No Time Limit,No Memory Limit
1835,D,No Time Limit,No Memory Limit
1835,C,No Time Limit,No Memory Limit
1835,B,No Time Limit,No Memory Limit
1835,A,No Time Limit,No Memory Limit
1834,F,No Time Limit,No Memory Limit
1834,E,No Time Limit,No Memory Limit
1834,D,No Time Limit,No Memory Limit
1834,C,No Time Limit,No Memory Limit
1834,B,No Time Limit,No Memory Limit
1834,A,No Time Limit,No Memory Limit
1833,G,No Time Limit,No Memory Limit
1833,F,No Time Limit,No Memory Limit
1833,E,No Time Limit,No Memory Limit
1833,D,No Time Limit,No Memory Limit
1833,C,No Time Limit,No Memory Limit
1833,B,No Time Limit,No Memory Limit
1833,A,No Time Limit,No Memory Limit
1832,F,No Time Limit,No Memory Limit
1832,E,No Time Limit,No Memory Limit
1832,D2,No Time Limit,No Memory Limit
1832,D1,No Time Limit,No Memory Limit
1832,C,No Time Limit,No Memory Limit
1832,B,No Time Limit,No Memory Limit
1832,A,No Time Limit,No Memory Limit
1831,B,No Time Limit,No Memory Limit
1831,A,No Time Limit,No Memory Limit
1830,F,No Time Limit,No Memory Limit
1830,E,No Time Limit,No Memory Limit
1830,D,No Time Limit,No Memory Limit
1830,C,No Time Limit,No Memory Limit
1830,B,No Time Limit,No Memory Limit
1830,A,No Time Limit,No Memory Limit
1829,H,No Time Limit,No Memory Limit
1829,G,No Time Limit,No Memory Limit
1829,F,No Time Limit,No Memory Limit
1829,E,No Time Limit,No Memory Limit
1829,D,No Time Limit,No Memory Limit
1829,C,No Time Limit,No Memory Limit
1829,B,No Time Limit,No Memory Limit
1829,A,No Time Limit,No Memory Limit
1828,B,No Time Limit,No Memory Limit
1828,A,No Time Limit,No Memory Limit
1827,F,No Time Limit,No Memory Limit
1827,E,No Time Limit,No Memory Limit
1827,D,No Time Limit,No Memory Limit
1827,C,No Time Limit,No Memory Limit
1827,B2,No Time Limit,No Memory Limit
1827,B1,No Time Limit,No Memory Limit
1827,A,No Time Limit,No Memory Limit
1826,F,No Time Limit,No Memory Limit
1826,E,No Time Limit,No Memory Limit
1826,D,No Time Limit,No Memory Limit
1826,C,No Time Limit,No Memory Limit
1826,B,No Time Limit,No Memory Limit
1826,A,No Time Limit,No Memory Limit
1825,B,No Time Limit,No Memory Limit
1825,A,No Time Limit,No Memory Limit
1824,E,No Time Limit,No Memory Limit
1824,D,No Time Limit,No Memory Limit
1824,C,No Time Limit,No Memory Limit
1824,B2,No Time Limit,No Memory Limit
1824,B1,No Time Limit,No Memory Limit
1824,A,No Time Limit,No Memory Limit
1823,F,No Time Limit,No Memory Limit
1823,E,No Time Limit,No Memory Limit
1823,D,No Time Limit,No Memory Limit
1823,C,No Time Limit,No Memory Limit
1823,B,No Time Limit,No Memory Limit
1823,A,No Time Limit,No Memory Limit
1822,G2,No Time Limit,No Memory Limit
1822,G1,No Time Limit,No Memory Limit
1822,F,No Time Limit,No Memory Limit
1822,E,No Time Limit,No Memory Limit
1822,D,No Time Limit,No Memory Limit
1822,C,No Time Limit,No Memory Limit
1822,B,No Time Limit,No Memory Limit
1822,A,No Time Limit,No Memory Limit
1821,F,No Time Limit,No Memory Limit
1821,E,No Time Limit,No Memory Limit
1821,D,No Time Limit,No Memory Limit
1821,C,No Time Limit,No Memory Limit
1821,B,No Time Limit,No Memory Limit
1821,A,No Time Limit,No Memory Limit
1820,B,No Time Limit,No Memory Limit
1820,A,No Time Limit,No Memory Limit
1819,F,No Time Limit,No Memory Limit
1819,E,No Time Limit,No Memory Limit
1819,D,No Time Limit,No Memory Limit
1819,C,No Time Limit,No Memory Limit
1819,B,No Time Limit,No Memory Limit
1819,A,No Time Limit,No Memory Limit
1818,B,No Time Limit,No Memory Limit
1818,A,No Time Limit,No Memory Limit
1817,F,No Time Limit,No Memory Limit
1817,E,No Time Limit,No Memory Limit
1817,D,No Time Limit,No Memory Limit
1817,C,No Time Limit,No Memory Limit
1817,B,No Time Limit,No Memory Limit
1817,A,No Time Limit,No Memory Limit
1816,B,No Time Limit,No Memory Limit
1816,A,No Time Limit,No Memory Limit
1815,F,No Time Limit,No Memory Limit
1815,E,No Time Limit,No Memory Limit
1815,D,No Time Limit,No Memory Limit
1815,C,No Time Limit,No Memory Limit
1815,B,No Time Limit,No Memory Limit
1815,A,No Time Limit,No Memory Limit
1814,F,No Time Limit,No Memory Limit
1814,E,No Time Limit,No Memory Limit
1814,D,No Time Limit,No Memory Limit
1814,C,No Time Limit,No Memory Limit
1814,B,No Time Limit,No Memory Limit
1814,A,No Time Limit,No Memory Limit
1812,J,No Time Limit,No Memory Limit
1812,I,No Time Limit,No Memory Limit
1812,H,No Time Limit,No Memory Limit
1812,G,No Time Limit,No Memory Limit
1812,F,No Time Limit,No Memory Limit
1812,E,No Time Limit,No Memory Limit
1812,D,No Time Limit,No Memory Limit
1812,C,No Time Limit,No Memory Limit
1812,B,No Time Limit,No Memory Limit
1812,A,No Time Limit,No Memory Limit
1811,G2,No Time Limit,No Memory Limit
1811,G1,No Time Limit,No Memory Limit
1811,F,No Time Limit,No Memory Limit
1811,E,No Time Limit,No Memory Limit
1811,D,No Time Limit,No Memory Limit
1811,C,No Time Limit,No Memory Limit
1811,B,No Time Limit,No Memory Limit
1811,A,No Time Limit,No Memory Limit
1810,H,No Time Limit,No Memory Limit
1810,G,No Time Limit,No Memory Limit
1810,F,No Time Limit,No Memory Limit
1810,E,No Time Limit,No Memory Limit
1810,D,No Time Limit,No Memory Limit
1810,C,No Time Limit,No Memory Limit
1810,B,No Time Limit,No Memory Limit
1810,A,No Time Limit,No Memory Limit
1809,G,No Time Limit,No Memory Limit
1809,F,No Time Limit,No Memory Limit
1809,E,No Time Limit,No Memory Limit
1809,D,No Time Limit,No Memory Limit
1809,C,No Time Limit,No Memory Limit
1809,B,No Time Limit,No Memory Limit
1809,A,No Time Limit,No Memory Limit
1808,E3,No Time Limit,No Memory Limit
1808,E2,No Time Limit,No Memory Limit
1808,E1,No Time Limit,No Memory Limit
1808,D,No Time Limit,No Memory Limit
1808,C,No Time Limit,No Memory Limit
1808,B,No Time Limit,No Memory Limit
1808,A,No Time Limit,No Memory Limit
1807,G2,No Time Limit,No Memory Limit
1807,G1,No Time Limit,No Memory Limit
1807,F,No Time Limit,No Memory Limit
1807,E,No Time Limit,No Memory Limit
1807,D,No Time Limit,No Memory Limit
1807,C,No Time Limit,No Memory Limit
1807,B,No Time Limit,No Memory Limit
1807,A,No Time Limit,No Memory Limit
1806,F2,No Time Limit,No Memory Limit
1806,F1,No Time Limit,No Memory Limit
1806,E,No Time Limit,No Memory Limit
1806,D,No Time Limit,No Memory Limit
1806,C,No Time Limit,No Memory Limit
1806,B,No Time Limit,No Memory Limit
1806,A,No Time Limit,No Memory Limit
1805,F2,No Time Limit,No Memory Limit
1805,F1,No Time Limit,No Memory Limit
1805,E,No Time Limit,No Memory Limit
1805,D,No Time Limit,No Memory Limit
1805,C,No Time Limit,No Memory Limit
1805,B,No Time Limit,No Memory Limit
1805,A,No Time Limit,No Memory Limit
1804,H,No Time Limit,No Memory Limit
1804,G,No Time Limit,No Memory Limit
1804,F,No Time Limit,No Memory Limit
1804,E,No Time Limit,No Memory Limit
1804,D,No Time Limit,No Memory Limit
1804,C,No Time Limit,No Memory Limit
1804,B,No Time Limit,No Memory Limit
1804,A,No Time Limit,No Memory Limit
1802,B,No Time Limit,No Memory Limit
1802,A,No Time Limit,No Memory Limit
1801,G,No Time Limit,No Memory Limit
1801,F,No Time Limit,No Memory Limit
1801,E,No Time Limit,No Memory Limit
1801,D,No Time Limit,No Memory Limit
1801,C,No Time Limit,No Memory Limit
1801,B,No Time Limit,No Memory Limit
1801,A,No Time Limit,No Memory Limit
1800,G,No Time Limit,No Memory Limit
1800,F,No Time Limit,No Memory Limit
1800,E2,No Time Limit,No Memory Limit
1800,E1,No Time Limit,No Memory Limit
1800,D,No Time Limit,No Memory Limit
1800,C2,No Time Limit,No Memory Limit
1800,C1,No Time Limit,No Memory Limit
1800,B,No Time Limit,No Memory Limit
1800,A,No Time Limit,No Memory Limit
1799,H,No Time Limit,No Memory Limit
1799,G,No Time Limit,No Memory Limit
1799,F,No Time Limit,No Memory Limit
1799,E,No Time Limit,No Memory Limit
1799,D2,No Time Limit,No Memory Limit
1799,D1,No Time Limit,No Memory Limit
1799,C,No Time Limit,No Memory Limit
1799,B,No Time Limit,No Memory Limit
1799,A,No Time Limit,No Memory Limit
1798,F,No Time Limit,No Memory Limit
1798,E,No Time Limit,No Memory Limit
1798,D,No Time Limit,No Memory Limit
1798,C,No Time Limit,No Memory Limit
1798,B,No Time Limit,No Memory Limit
1798,A,No Time Limit,No Memory Limit
1797,F,No Time Limit,No Memory Limit
1797,E,No Time Limit,No Memory Limit
1797,D,No Time Limit,No Memory Limit
1797,C,No Time Limit,No Memory Limit
1797,B,No Time Limit,No Memory Limit
1797,A,No Time Limit,No Memory Limit
1796,F,No Time Limit,No Memory Limit
1796,E,No Time Limit,No Memory Limit
1796,D,No Time Limit,No Memory Limit
1796,C,No Time Limit,No Memory Limit
1796,B,No Time Limit,No Memory Limit
1796,A,No Time Limit,No Memory Limit
1795,G,No Time Limit,No Memory Limit
1795,F,No Time Limit,No Memory Limit
1795,E,No Time Limit,No Memory Limit
1795,D,No Time Limit,No Memory Limit
1795,C,No Time Limit,No Memory Limit
1795,B,No Time Limit,No Memory Limit
1795,A,No Time Limit,No Memory Limit
1794,E,No Time Limit,No Memory Limit
1794,D,No Time Limit,No Memory Limit
1794,C,No Time Limit,No Memory Limit
1794,B,No Time Limit,No Memory Limit
1794,A,No Time Limit,No Memory Limit
1793,F,No Time Limit,No Memory Limit
1793,E,No Time Limit,No Memory Limit
1793,D,No Time Limit,No Memory Limit
1793,C,No Time Limit,No Memory Limit
1793,B,No Time Limit,No Memory Limit
1793,A,No Time Limit,No Memory Limit
1792,F2,No Time Limit,No Memory Limit
1792,F1,No Time Limit,No Memory Limit
1792,E,No Time Limit,No Memory Limit
1792,D,No Time Limit,No Memory Limit
1792,C,No Time Limit,No Memory Limit
1792,B,No Time Limit,No Memory Limit
1792,A,No Time Limit,No Memory Limit
1791,G2,No Time Limit,No Memory Limit
1791,G1,No Time Limit,No Memory Limit
1791,F,No Time Limit,No Memory Limit
1791,E,No Time Limit,No Memory Limit
1791,D,No Time Limit,No Memory Limit
1791,C,No Time Limit,No Memory Limit
1791,B,No Time Limit,No Memory Limit
1791,A,No Time Limit,No Memory Limit
1790,G,No Time Limit,No Memory Limit
1790,F,No Time Limit,No Memory Limit
1790,E,No Time Limit,No Memory Limit
1790,D,No Time Limit,No Memory Limit
1790,C,No Time Limit,No Memory Limit
1790,B,No Time Limit,No Memory Limit
1790,A,No Time Limit,No Memory Limit
1789,F,No Time Limit,No Memory Limit
1789,E,No Time Limit,No Memory Limit
1789,D,No Time Limit,No Memory Limit
1789,C,No Time Limit,No Memory Limit
1789,B,No Time Limit,No Memory Limit
1789,A,No Time Limit,No Memory Limit
1788,F,No Time Limit,No Memory Limit
1788,E,No Time Limit,No Memory Limit
1788,D,No Time Limit,No Memory Limit
1788,C,No Time Limit,No Memory Limit
1788,B,No Time Limit,No Memory Limit
1788,A,No Time Limit,No Memory Limit
1787,I,No Time Limit,No Memory Limit
1787,H,No Time Limit,No Memory Limit
1787,G,No Time Limit,No Memory Limit
1787,F,No Time Limit,No Memory Limit
1787,E,No Time Limit,No Memory Limit
1787,D,No Time Limit,No Memory Limit
1787,C,No Time Limit,No Memory Limit
1787,B,No Time Limit,No Memory Limit
1787,A,No Time Limit,No Memory Limit
1786,B,No Time Limit,No Memory Limit
1786,A2,No Time Limit,No Memory Limit
1786,A1,No Time Limit,No Memory Limit
1784,F,No Time Limit,No Memory Limit
1784,E,No Time Limit,No Memory Limit
1784,D,No Time Limit,No Memory Limit
1784,C,No Time Limit,No Memory Limit
1784,B,No Time Limit,No Memory Limit
1784,A,No Time Limit,No Memory Limit
1783,G,No Time Limit,No Memory Limit
1783,F,No Time Limit,No Memory Limit
1783,E,No Time Limit,No Memory Limit
1783,D,No Time Limit,No Memory Limit
1783,C,No Time Limit,No Memory Limit
1783,B,No Time Limit,No Memory Limit
1783,A,No Time Limit,No Memory Limit
1781,H2,No Time Limit,No Memory Limit
1781,H1,No Time Limit,No Memory Limit
1781,G,No Time Limit,No Memory Limit
1781,F,No Time Limit,No Memory Limit
1781,E,No Time Limit,No Memory Limit
1781,D,No Time Limit,No Memory Limit
1781,C,No Time Limit,No Memory Limit
1781,B,No Time Limit,No Memory Limit
1781,A,No Time Limit,No Memory Limit
1780,G,No Time Limit,No Memory Limit
1780,F,No Time Limit,No Memory Limit
1780,E,No Time Limit,No Memory Limit
1780,D,No Time Limit,No Memory Limit
1780,B,No Time Limit,No Memory Limit
1780,A,No Time Limit,No Memory Limit
1779,H,No Time Limit,No Memory Limit
1779,G,No Time Limit,No Memory Limit
1779,F,No Time Limit,No Memory Limit
1779,E,No Time Limit,No Memory Limit
1779,D,No Time Limit,No Memory Limit
1779,C,No Time Limit,No Memory Limit
1779,B,No Time Limit,No Memory Limit
1779,A,No Time Limit,No Memory Limit
1778,F,No Time Limit,No Memory Limit
1778,E,No Time Limit,No Memory Limit
1778,D,No Time Limit,No Memory Limit
1778,C,No Time Limit,No Memory Limit
1778,B,No Time Limit,No Memory Limit
1778,A,No Time Limit,No Memory Limit
1777,F,No Time Limit,No Memory Limit
1777,E,No Time Limit,No Memory Limit
1777,D,No Time Limit,No Memory Limit
1777,C,No Time Limit,No Memory Limit
1777,B,No Time Limit,No Memory Limit
1777,A,No Time Limit,No Memory Limit
1776,N,No Time Limit,No Memory Limit
1776,M,No Time Limit,No Memory Limit
1776,L,No Time Limit,No Memory Limit
1776,K,No Time Limit,No Memory Limit
1776,J,No Time Limit,No Memory Limit
1776,I,No Time Limit,No Memory Limit
1776,H,No Time Limit,No Memory Limit
1776,G,No Time Limit,No Memory Limit
1776,F,No Time Limit,No Memory Limit
1776,E,No Time Limit,No Memory Limit
1776,D,No Time Limit,No Memory Limit
1776,C,No Time Limit,No Memory Limit
1776,B,No Time Limit,No Memory Limit
1776,A,No Time Limit,No Memory Limit
1775,F,No Time Limit,No Memory Limit
1775,E,No Time Limit,No Memory Limit
1775,D,No Time Limit,No Memory Limit
1775,C,No Time Limit,No Memory Limit
1775,B,No Time Limit,No Memory Limit
1775,A2,No Time Limit,No Memory Limit
1775,A1,No Time Limit,No Memory Limit
1774,H,No Time Limit,No Memory Limit
1774,G,No Time Limit,No Memory Limit
1774,F2,No Time Limit,No Memory Limit
1774,F1,No Time Limit,No Memory Limit
1774,E,No Time Limit,No Memory Limit
1774,D,No Time Limit,No Memory Limit
1774,C,No Time Limit,No Memory Limit
1774,B,No Time Limit,No Memory Limit
1774,A,No Time Limit,No Memory Limit
1773,L,No Time Limit,No Memory Limit
1773,K,No Time Limit,No Memory Limit
1773,J,No Time Limit,No Memory Limit
1773,I,No Time Limit,No Memory Limit
1773,H,No Time Limit,No Memory Limit
1773,G,No Time Limit,No Memory Limit
1773,F,No Time Limit,No Memory Limit
1773,E,No Time Limit,No Memory Limit
1773,D,No Time Limit,No Memory Limit
1773,C,No Time Limit,No Memory Limit
1773,B,No Time Limit,No Memory Limit
1773,A,No Time Limit,No Memory Limit
1772,G,No Time Limit,No Memory Limit
1772,F,No Time Limit,No Memory Limit
1772,E,No Time Limit,No Memory Limit
1772,D,No Time Limit,No Memory Limit
1772,C,No Time Limit,No Memory Limit
1772,B,No Time Limit,No Memory Limit
1772,A,No Time Limit,No Memory Limit
1771,F,No Time Limit,No Memory Limit
1771,E,No Time Limit,No Memory Limit
1771,D,No Time Limit,No Memory Limit
1771,C,No Time Limit,No Memory Limit
1771,B,No Time Limit,No Memory Limit
1771,A,No Time Limit,No Memory Limit
1770,H,No Time Limit,No Memory Limit
1770,G,No Time Limit,No Memory Limit
1770,F,No Time Limit,No Memory Limit
1770,E,No Time Limit,No Memory Limit
1770,D,No Time Limit,No Memory Limit
1770,C,No Time Limit,No Memory Limit
1770,B,No Time Limit,No Memory Limit
1770,A,No Time Limit,No Memory Limit
1769,D3,No Time Limit,No Memory Limit
1769,D2,No Time Limit,No Memory Limit
1769,D1,No Time Limit,No Memory Limit
1769,C2,No Time Limit,No Memory Limit
1769,C1,No Time Limit,No Memory Limit
1769,B2,No Time Limit,No Memory Limit
1769,B1,No Time Limit,No Memory Limit
1769,A,No Time Limit,No Memory Limit
1768,F,No Time Limit,No Memory Limit
1768,E,No Time Limit,No Memory Limit
1768,D,No Time Limit,No Memory Limit
1768,C,No Time Limit,No Memory Limit
1768,B,No Time Limit,No Memory Limit
1768,A,No Time Limit,No Memory Limit
1767,F,No Time Limit,No Memory Limit
1767,E,No Time Limit,No Memory Limit
1767,D,No Time Limit,No Memory Limit
1767,C,No Time Limit,No Memory Limit
1767,B,No Time Limit,No Memory Limit
1767,A,No Time Limit,No Memory Limit
1766,F,No Time Limit,No Memory Limit
1766,E,No Time Limit,No Memory Limit
1766,D,No Time Limit,No Memory Limit
1766,C,No Time Limit,No Memory Limit
1766,B,No Time Limit,No Memory Limit
1766,A,No Time Limit,No Memory Limit
1765,N,No Time Limit,No Memory Limit
1765,M,No Time Limit,No Memory Limit
1765,L,No Time Limit,No Memory Limit
1765,K,No Time Limit,No Memory Limit
1765,J,No Time Limit,No Memory Limit
1765,I,No Time Limit,No Memory Limit
1765,H,No Time Limit,No Memory Limit
1765,G,No Time Limit,No Memory Limit
1765,F,No Time Limit,No Memory Limit
1765,E,No Time Limit,No Memory Limit
1765,D,No Time Limit,No Memory Limit
1765,C,No Time Limit,No Memory Limit
1765,B,No Time Limit,No Memory Limit
1765,A,No Time Limit,No Memory Limit
1764,H,No Time Limit,No Memory Limit
1764,G3,No Time Limit,No Memory Limit
1764,G2,No Time Limit,No Memory Limit
1764,G1,No Time Limit,No Memory Limit
1764,F,No Time Limit,No Memory Limit
1764,E,No Time Limit,No Memory Limit
1764,D,No Time Limit,No Memory Limit
1764,C,No Time Limit,No Memory Limit
1764,B,No Time Limit,No Memory Limit
1764,A,No Time Limit,No Memory Limit
1763,F,No Time Limit,No Memory Limit
1763,E,No Time Limit,No Memory Limit
1763,D,No Time Limit,No Memory Limit
1763,C,No Time Limit,No Memory Limit
1763,B,No Time Limit,No Memory Limit
1763,A,No Time Limit,No Memory Limit
1762,G,No Time Limit,No Memory Limit
1762,F,No Time Limit,No Memory Limit
1762,E,No Time Limit,No Memory Limit
1762,D,No Time Limit,No Memory Limit
1762,C,No Time Limit,No Memory Limit
1762,B,No Time Limit,No Memory Limit
1762,A,No Time Limit,No Memory Limit
1761,G,No Time Limit,No Memory Limit
1761,F2,No Time Limit,No Memory Limit
1761,F1,No Time Limit,No Memory Limit
1761,E,No Time Limit,No Memory Limit
1761,D,No Time Limit,No Memory Limit
1761,C,No Time Limit,No Memory Limit
1761,B,No Time Limit,No Memory Limit
1761,A,No Time Limit,No Memory Limit
1760,G,No Time Limit,No Memory Limit
1760,F,No Time Limit,No Memory Limit
1760,E,No Time Limit,No Memory Limit
1760,D,No Time Limit,No Memory Limit
1760,C,No Time Limit,No Memory Limit
1760,B,No Time Limit,No Memory Limit
1760,A,No Time Limit,No Memory Limit
1759,G,No Time Limit,No Memory Limit
1759,F,No Time Limit,No Memory Limit
1759,E,No Time Limit,No Memory Limit
1759,D,No Time Limit,No Memory Limit
1759,C,No Time Limit,No Memory Limit
1759,B,No Time Limit,No Memory Limit
1759,A,No Time Limit,No Memory Limit
1758,F,No Time Limit,No Memory Limit
1758,E,No Time Limit,No Memory Limit
1758,D,No Time Limit,No Memory Limit
1758,C,No Time Limit,No Memory Limit
1758,B,No Time Limit,No Memory Limit
1758,A,No Time Limit,No Memory Limit
1754,B,No Time Limit,No Memory Limit
1754,A,No Time Limit,No Memory Limit
1753,F,No Time Limit,No Memory Limit
1753,E,No Time Limit,No Memory Limit
1753,D,No Time Limit,No Memory Limit
1753,C,No Time Limit,No Memory Limit
1753,B,No Time Limit,No Memory Limit
1753,A2,No Time Limit,No Memory Limit
1753,A1,No Time Limit,No Memory Limit
1750,H,No Time Limit,No Memory Limit
1750,G,No Time Limit,No Memory Limit
1750,F,No Time Limit,No Memory Limit
1750,E,No Time Limit,No Memory Limit
1750,D,No Time Limit,No Memory Limit
1750,C,No Time Limit,No Memory Limit
1750,B,No Time Limit,No Memory Limit
1750,A,No Time Limit,No Memory Limit
1749,F,No Time Limit,No Memory Limit
1749,E,No Time Limit,No Memory Limit
1749,D,No Time Limit,No Memory Limit
1749,C,No Time Limit,No Memory Limit
1749,B,No Time Limit,No Memory Limit
1749,A,No Time Limit,No Memory Limit
1748,F,No Time Limit,No Memory Limit
1748,E,No Time Limit,No Memory Limit
1748,D,No Time Limit,No Memory Limit
1748,C,No Time Limit,No Memory Limit
1748,B,No Time Limit,No Memory Limit
1748,A,No Time Limit,No Memory Limit
1747,E,No Time Limit,No Memory Limit
1747,D,No Time Limit,No Memory Limit
1747,C,No Time Limit,No Memory Limit
1747,B,No Time Limit,No Memory Limit
1747,A,No Time Limit,No Memory Limit
1746,G,No Time Limit,No Memory Limit
1746,F,No Time Limit,No Memory Limit
1746,E2,No Time Limit,No Memory Limit
1746,E1,No Time Limit,No Memory Limit
1746,D,No Time Limit,No Memory Limit
1746,C,No Time Limit,No Memory Limit
1746,B,No Time Limit,No Memory Limit
1746,A,No Time Limit,No Memory Limit
1744,F,No Time Limit,No Memory Limit
1744,E2,No Time Limit,No Memory Limit
1744,E1,No Time Limit,No Memory Limit
1744,D,No Time Limit,No Memory Limit
1744,C,No Time Limit,No Memory Limit
1744,B,No Time Limit,No Memory Limit
1744,A,No Time Limit,No Memory Limit
1743,G,No Time Limit,No Memory Limit
1743,F,No Time Limit,No Memory Limit
1743,E,No Time Limit,No Memory Limit
1743,D,No Time Limit,No Memory Limit
1743,C,No Time Limit,No Memory Limit
1743,B,No Time Limit,No Memory Limit
1743,A,No Time Limit,No Memory Limit
1742,G,No Time Limit,No Memory Limit
1742,F,No Time Limit,No Memory Limit
1742,E,No Time Limit,No Memory Limit
1742,D,No Time Limit,No Memory Limit
1742,C,No Time Limit,No Memory Limit
1742,B,No Time Limit,No Memory Limit
1742,A,No Time Limit,No Memory Limit
1741,G,No Time Limit,No Memory Limit
1741,F,No Time Limit,No Memory Limit
1741,E,No Time Limit,No Memory Limit
1741,D,No Time Limit,No Memory Limit
1741,C,No Time Limit,No Memory Limit
1741,B,No Time Limit,No Memory Limit
1741,A,No Time Limit,No Memory Limit
1740,I,No Time Limit,No Memory Limit
1740,H,No Time Limit,No Memory Limit
1740,G,No Time Limit,No Memory Limit
1740,F,No Time Limit,No Memory Limit
1740,E,No Time Limit,No Memory Limit
1740,D,No Time Limit,No Memory Limit
1740,C,No Time Limit,No Memory Limit
1740,B,No Time Limit,No Memory Limit
1740,A,No Time Limit,No Memory Limit
1739,F,No Time Limit,No Memory Limit
1739,E,No Time Limit,No Memory Limit
1739,D,No Time Limit,No Memory Limit
1739,C,No Time Limit,No Memory Limit
1739,B,No Time Limit,No Memory Limit
1739,A,No Time Limit,No Memory Limit
1738,H,No Time Limit,No Memory Limit
1738,G,No Time Limit,No Memory Limit
1738,F,No Time Limit,No Memory Limit
1738,E,No Time Limit,No Memory Limit
1738,D,No Time Limit,No Memory Limit
1738,C,No Time Limit,No Memory Limit
1738,B,No Time Limit,No Memory Limit
1738,A,No Time Limit,No Memory Limit
1737,G,No Time Limit,No Memory Limit
1737,F,No Time Limit,No Memory Limit
1737,E,No Time Limit,No Memory Limit
1737,D,No Time Limit,No Memory Limit
1737,C,No Time Limit,No Memory Limit
1737,B,No Time Limit,No Memory Limit
1737,A,No Time Limit,No Memory Limit
1736,E,No Time Limit,No Memory Limit
1736,D,No Time Limit,No Memory Limit
1736,C2,No Time Limit,No Memory Limit
1736,C1,No Time Limit,No Memory Limit
1736,B,No Time Limit,No Memory Limit
1736,A,No Time Limit,No Memory Limit
1735,F,No Time Limit,No Memory Limit
1735,E,No Time Limit,No Memory Limit
1735,D,No Time Limit,No Memory Limit
1735,C,No Time Limit,No Memory Limit
1735,B,No Time Limit,No Memory Limit
1735,A,No Time Limit,No Memory Limit
1734,F,No Time Limit,No Memory Limit
1734,E,No Time Limit,No Memory Limit
1734,D,No Time Limit,No Memory Limit
1734,C,No Time Limit,No Memory Limit
1734,B,No Time Limit,No Memory Limit
1734,A,No Time Limit,No Memory Limit
1733,E,No Time Limit,No Memory Limit
1733,D2,No Time Limit,No Memory Limit
1733,D1,No Time Limit,No Memory Limit
1733,C,No Time Limit,No Memory Limit
1733,B,No Time Limit,No Memory Limit
1733,A,No Time Limit,No Memory Limit
1732,E,No Time Limit,No Memory Limit
1732,D2,No Time Limit,No Memory Limit
1732,D1,No Time Limit,No Memory Limit
1732,C2,No Time Limit,No Memory Limit
1732,C1,No Time Limit,No Memory Limit
1732,B,No Time Limit,No Memory Limit
1732,A,No Time Limit,No Memory Limit
1731,F,No Time Limit,No Memory Limit
1731,E,No Time Limit,No Memory Limit
1731,D,No Time Limit,No Memory Limit
1731,C,No Time Limit,No Memory Limit
1731,B,No Time Limit,No Memory Limit
1731,A,No Time Limit,No Memory Limit
1730,F,No Time Limit,No Memory Limit
1730,E,No Time Limit,No Memory Limit
1730,D,No Time Limit,No Memory Limit
1730,C,No Time Limit,No Memory Limit
1730,B,No Time Limit,No Memory Limit
1730,A,No Time Limit,No Memory Limit
1729,G,No Time Limit,No Memory Limit
1729,F,No Time Limit,No Memory Limit
1729,E,No Time Limit,No Memory Limit
1729,D,No Time Limit,No Memory Limit
1729,C,No Time Limit,No Memory Limit
1729,B,No Time Limit,No Memory Limit
1729,A,No Time Limit,No Memory Limit
1728,G,No Time Limit,No Memory Limit
1728,F,No Time Limit,No Memory Limit
1728,E,No Time Limit,No Memory Limit
1728,D,No Time Limit,No Memory Limit
1728,C,No Time Limit,No Memory Limit
1728,B,No Time Limit,No Memory Limit
1728,A,No Time Limit,No Memory Limit
1726,H,No Time Limit,No Memory Limit
1726,G,No Time Limit,No Memory Limit
1726,F,No Time Limit,No Memory Limit
1726,E,No Time Limit,No Memory Limit
1726,D,No Time Limit,No Memory Limit
1726,C,No Time Limit,No Memory Limit
1726,B,No Time Limit,No Memory Limit
1726,A,No Time Limit,No Memory Limit
1725,M,No Time Limit,No Memory Limit
1725,L,No Time Limit,No Memory Limit
1725,K,No Time Limit,No Memory Limit
1725,J,No Time Limit,No Memory Limit
1725,I,No Time Limit,No Memory Limit
1725,H,No Time Limit,No Memory Limit
1725,G,No Time Limit,No Memory Limit
1725,F,No Time Limit,No Memory Limit
1725,E,No Time Limit,No Memory Limit
1725,D,No Time Limit,No Memory Limit
1725,C,No Time Limit,No Memory Limit
1725,B,No Time Limit,No Memory Limit
1725,A,No Time Limit,No Memory Limit
1722,G,No Time Limit,No Memory Limit
1722,F,No Time Limit,No Memory Limit
1722,E,No Time Limit,No Memory Limit
1722,D,No Time Limit,No Memory Limit
1722,C,No Time Limit,No Memory Limit
1722,B,No Time Limit,No Memory Limit
1722,A,No Time Limit,No Memory Limit
1721,F,No Time Limit,No Memory Limit
1721,E,No Time Limit,No Memory Limit
1721,D,No Time Limit,No Memory Limit
1721,C,No Time Limit,No Memory Limit
1721,B,No Time Limit,No Memory Limit
1721,A,No Time Limit,No Memory Limit
1720,E,No Time Limit,No Memory Limit
1720,D2,No Time Limit,No Memory Limit
1720,D1,No Time Limit,No Memory Limit
1720,C,No Time Limit,No Memory Limit
1720,B,No Time Limit,No Memory Limit
1720,A,No Time Limit,No Memory Limit
1719,C,No Time Limit,No Memory Limit
1719,B,No Time Limit,No Memory Limit
1719,A,No Time Limit,No Memory Limit
1718,F,No Time Limit,No Memory Limit
1718,E,No Time Limit,No Memory Limit
1718,D,No Time Limit,No Memory Limit
1718,C,No Time Limit,No Memory Limit
1718,B,No Time Limit,No Memory Limit
1718,A2,No Time Limit,No Memory Limit
1718,A1,No Time Limit,No Memory Limit
1717,F,No Time Limit,No Memory Limit
1717,E,No Time Limit,No Memory Limit
1717,D,No Time Limit,No Memory Limit
1717,C,No Time Limit,No Memory Limit
1717,B,No Time Limit,No Memory Limit
1717,A,No Time Limit,No Memory Limit
1716,F,No Time Limit,No Memory Limit
1716,E,No Time Limit,No Memory Limit
1716,D,No Time Limit,No Memory Limit
1716,C,No Time Limit,No Memory Limit
1716,B,No Time Limit,No Memory Limit
1716,A,No Time Limit,No Memory Limit
1715,F,No Time Limit,No Memory Limit
1715,E,No Time Limit,No Memory Limit
1715,D,No Time Limit,No Memory Limit
1715,C,No Time Limit,No Memory Limit
1715,B,No Time Limit,No Memory Limit
1715,A,No Time Limit,No Memory Limit
1714,G,No Time Limit,No Memory Limit
1714,F,No Time Limit,No Memory Limit
1714,E,No Time Limit,No Memory Limit
1714,D,No Time Limit,No Memory Limit
1714,C,No Time Limit,No Memory Limit
1714,B,No Time Limit,No Memory Limit
1714,A,No Time Limit,No Memory Limit
1713,F,No Time Limit,No Memory Limit
1713,E,No Time Limit,No Memory Limit
1713,D,No Time Limit,No Memory Limit
1713,C,No Time Limit,No Memory Limit
1713,B,No Time Limit,No Memory Limit
1713,A,No Time Limit,No Memory Limit
1712,F,No Time Limit,No Memory Limit
1712,E2,No Time Limit,No Memory Limit
1712,E1,No Time Limit,No Memory Limit
1712,D,No Time Limit,No Memory Limit
1712,C,No Time Limit,No Memory Limit
1712,B,No Time Limit,No Memory Limit
1712,A,No Time Limit,No Memory Limit
1711,B,No Time Limit,No Memory Limit
1711,A,No Time Limit,No Memory Limit
1710,E,No Time Limit,No Memory Limit
1710,D,No Time Limit,No Memory Limit
1710,C,No Time Limit,No Memory Limit
1710,B,No Time Limit,No Memory Limit
1710,A,No Time Limit,No Memory Limit
1709,F,No Time Limit,No Memory Limit
1709,E,No Time Limit,No Memory Limit
1709,D,No Time Limit,No Memory Limit
1709,C,No Time Limit,No Memory Limit
1709,B,No Time Limit,No Memory Limit
1709,A,No Time Limit,No Memory Limit
1708,B,No Time Limit,No Memory Limit
1708,A,No Time Limit,No Memory Limit
1707,F,No Time Limit,No Memory Limit
1707,E,No Time Limit,No Memory Limit
1707,D,No Time Limit,No Memory Limit
1707,C,No Time Limit,No Memory Limit
1707,B,No Time Limit,No Memory Limit
1707,A,No Time Limit,No Memory Limit
1706,E,No Time Limit,No Memory Limit
1706,D2,No Time Limit,No Memory Limit
1706,D1,No Time Limit,No Memory Limit
1706,C,No Time Limit,No Memory Limit
1706,B,No Time Limit,No Memory Limit
1706,A,No Time Limit,No Memory Limit
1705,F,No Time Limit,No Memory Limit
1705,E,No Time Limit,No Memory Limit
1705,D,No Time Limit,No Memory Limit
1705,C,No Time Limit,No Memory Limit
1705,B,No Time Limit,No Memory Limit
1705,A,No Time Limit,No Memory Limit
1704,H2,No Time Limit,No Memory Limit
1704,H1,No Time Limit,No Memory Limit
1704,G,No Time Limit,No Memory Limit
1704,F,No Time Limit,No Memory Limit
1704,E,No Time Limit,No Memory Limit
1704,D,No Time Limit,No Memory Limit
1704,C,No Time Limit,No Memory Limit
1704,B,No Time Limit,No Memory Limit
1704,A,No Time Limit,No Memory Limit
1703,G,No Time Limit,No Memory Limit
1703,F,No Time Limit,No Memory Limit
1703,E,No Time Limit,No Memory Limit
1703,D,No Time Limit,No Memory Limit
1703,C,No Time Limit,No Memory Limit
1703,B,No Time Limit,No Memory Limit
1703,A,No Time Limit,No Memory Limit
1702,G2,No Time Limit,No Memory Limit
1702,G1,No Time Limit,No Memory Limit
1702,F,No Time Limit,No Memory Limit
1702,E,No Time Limit,No Memory Limit
1702,D,No Time Limit,No Memory Limit
1702,C,No Time Limit,No Memory Limit
1702,B,No Time Limit,No Memory Limit
1702,A,No Time Limit,No Memory Limit
1701,F,No Time Limit,No Memory Limit
1701,E,No Time Limit,No Memory Limit
1701,D,No Time Limit,No Memory Limit
1701,C,No Time Limit,No Memory Limit
1701,B,No Time Limit,No Memory Limit
1701,A,No Time Limit,No Memory Limit
1700,F,No Time Limit,No Memory Limit
1700,E,No Time Limit,No Memory Limit
1700,D,No Time Limit,No Memory Limit
1700,C,No Time Limit,No Memory Limit
1700,B,No Time Limit,No Memory Limit
1700,A,No Time Limit,No Memory Limit
1699,E,No Time Limit,No Memory Limit
1699,D,No Time Limit,No Memory Limit
1699,C,No Time Limit,No Memory Limit
1699,B,No Time Limit,No Memory Limit
1699,A,No Time Limit,No Memory Limit
1698,G,No Time Limit,No Memory Limit
1698,F,No Time Limit,No Memory Limit
1698,E,No Time Limit,No Memory Limit
1698,D,No Time Limit,No Memory Limit
1698,C,No Time Limit,No Memory Limit
1698,B,No Time Limit,No Memory Limit
1698,A,No Time Limit,No Memory Limit
1697,F,No Time Limit,No Memory Limit
1697,E,No Time Limit,No Memory Limit
1697,D,No Time Limit,No Memory Limit
1697,C,No Time Limit,No Memory Limit
1697,B,No Time Limit,No Memory Limit
1697,A,No Time Limit,No Memory Limit
1696,H,No Time Limit,No Memory Limit
1696,G,No Time Limit,No Memory Limit
1696,F,No Time Limit,No Memory Limit
1696,E,No Time Limit,No Memory Limit
1696,D,No Time Limit,No Memory Limit
1696,C,No Time Limit,No Memory Limit
1696,B,No Time Limit,No Memory Limit
1696,A,No Time Limit,No Memory Limit
1695,E,No Time Limit,No Memory Limit
1695,D2,No Time Limit,No Memory Limit
1695,D1,No Time Limit,No Memory Limit
1695,C,No Time Limit,No Memory Limit
1695,B,No Time Limit,No Memory Limit
1695,A,No Time Limit,No Memory Limit
1694,B,No Time Limit,No Memory Limit
1694,A,No Time Limit,No Memory Limit
1693,F,No Time Limit,No Memory Limit
1693,E,No Time Limit,No Memory Limit
1693,D,No Time Limit,No Memory Limit
1693,C,No Time Limit,No Memory Limit
1693,B,No Time Limit,No Memory Limit
1693,A,No Time Limit,No Memory Limit
1692,H,No Time Limit,No Memory Limit
1692,G,No Time Limit,No Memory Limit
1692,F,No Time Limit,No Memory Limit
1692,E,No Time Limit,No Memory Limit
1692,D,No Time Limit,No Memory Limit
1692,C,No Time Limit,No Memory Limit
1692,B,No Time Limit,No Memory Limit
1692,A,No Time Limit,No Memory Limit
1691,F,No Time Limit,No Memory Limit
1691,E,No Time Limit,No Memory Limit
1691,D,No Time Limit,No Memory Limit
1691,C,No Time Limit,No Memory Limit
1691,B,No Time Limit,No Memory Limit
1691,A,No Time Limit,No Memory Limit
1690,G,No Time Limit,No Memory Limit
1690,F,No Time Limit,No Memory Limit
1690,E,No Time Limit,No Memory Limit
1690,D,No Time Limit,No Memory Limit
1690,C,No Time Limit,No Memory Limit
1690,B,No Time Limit,No Memory Limit
1690,A,No Time Limit,No Memory Limit
1689,E,No Time Limit,No Memory Limit
1689,D,No Time Limit,No Memory Limit
1689,C,No Time Limit,No Memory Limit
1689,B,No Time Limit,No Memory Limit
1689,A,No Time Limit,No Memory Limit
1688,C,No Time Limit,No Memory Limit
1688,B,No Time Limit,No Memory Limit
1688,A,No Time Limit,No Memory Limit
1687,F,No Time Limit,No Memory Limit
1687,E,No Time Limit,No Memory Limit
1687,D,No Time Limit,No Memory Limit
1687,C,No Time Limit,No Memory Limit
1687,B,No Time Limit,No Memory Limit
1687,A,No Time Limit,No Memory Limit
1686,B,No Time Limit,No Memory Limit
1686,A,No Time Limit,No Memory Limit
1685,E,No Time Limit,No Memory Limit
1685,D2,No Time Limit,No Memory Limit
1685,D1,No Time Limit,No Memory Limit
1685,C,No Time Limit,No Memory Limit
1685,B,No Time Limit,No Memory Limit
1685,A,No Time Limit,No Memory Limit
1684,H,No Time Limit,No Memory Limit
1684,G,No Time Limit,No Memory Limit
1684,F,No Time Limit,No Memory Limit
1684,E,No Time Limit,No Memory Limit
1684,D,No Time Limit,No Memory Limit
1684,C,No Time Limit,No Memory Limit
1684,B,No Time Limit,No Memory Limit
1684,A,No Time Limit,No Memory Limit
1682,F,No Time Limit,No Memory Limit
1682,E,No Time Limit,No Memory Limit
1682,D,No Time Limit,No Memory Limit
1682,C,No Time Limit,No Memory Limit
1682,B,No Time Limit,No Memory Limit
1682,A,No Time Limit,No Memory Limit
1681,F,No Time Limit,No Memory Limit
1681,E,No Time Limit,No Memory Limit
1681,D,No Time Limit,No Memory Limit
1681,C,No Time Limit,No Memory Limit
1681,B,No Time Limit,No Memory Limit
1681,A,No Time Limit,No Memory Limit
1680,F,No Time Limit,No Memory Limit
1680,E,No Time Limit,No Memory Limit
1680,D,No Time Limit,No Memory Limit
1680,C,No Time Limit,No Memory Limit
1680,B,No Time Limit,No Memory Limit
1680,A,No Time Limit,No Memory Limit
1679,F,No Time Limit,No Memory Limit
1679,E,No Time Limit,No Memory Limit
1679,D,No Time Limit,No Memory Limit
1679,C,No Time Limit,No Memory Limit
1679,B,No Time Limit,No Memory Limit
1679,A,No Time Limit,No Memory Limit
1678,B2,No Time Limit,No Memory Limit
1678,B1,No Time Limit,No Memory Limit
1678,A,No Time Limit,No Memory Limit
1677,F,No Time Limit,No Memory Limit
1677,E,No Time Limit,No Memory Limit
1677,D,No Time Limit,No Memory Limit
1677,C,No Time Limit,No Memory Limit
1677,B,No Time Limit,No Memory Limit
1677,A,No Time Limit,No Memory Limit
1676,H2,No Time Limit,No Memory Limit
1676,H1,No Time Limit,No Memory Limit
1676,G,No Time Limit,No Memory Limit
1676,F,No Time Limit,No Memory Limit
1676,E,No Time Limit,No Memory Limit
1676,D,No Time Limit,No Memory Limit
1676,C,No Time Limit,No Memory Limit
1676,B,No Time Limit,No Memory Limit
1676,A,No Time Limit,No Memory Limit
1675,G,No Time Limit,No Memory Limit
1675,F,No Time Limit,No Memory Limit
1675,E,No Time Limit,No Memory Limit
1675,D,No Time Limit,No Memory Limit
1675,C,No Time Limit,No Memory Limit
1675,B,No Time Limit,No Memory Limit
1675,A,No Time Limit,No Memory Limit
1674,G,No Time Limit,No Memory Limit
1674,F,No Time Limit,No Memory Limit
1674,E,No Time Limit,No Memory Limit
1674,D,No Time Limit,No Memory Limit
1674,C,No Time Limit,No Memory Limit
1674,B,No Time Limit,No Memory Limit
1674,A,No Time Limit,No Memory Limit
1673,F,No Time Limit,No Memory Limit
1673,E,No Time Limit,No Memory Limit
1673,D,No Time Limit,No Memory Limit
1673,C,No Time Limit,No Memory Limit
1673,B,No Time Limit,No Memory Limit
1673,A,No Time Limit,No Memory Limit
1672,I,No Time Limit,No Memory Limit
1672,H,No Time Limit,No Memory Limit
1672,G,No Time Limit,No Memory Limit
1672,F2,No Time Limit,No Memory Limit
1672,F1,No Time Limit,No Memory Limit
1672,E,No Time Limit,No Memory Limit
1672,D,No Time Limit,No Memory Limit
1672,C,No Time Limit,No Memory Limit
1672,B,No Time Limit,No Memory Limit
1672,A,No Time Limit,No Memory Limit
1671,F,No Time Limit,No Memory Limit
1671,E,No Time Limit,No Memory Limit
1671,D,No Time Limit,No Memory Limit
1671,C,No Time Limit,No Memory Limit
1671,B,No Time Limit,No Memory Limit
1671,A,No Time Limit,No Memory Limit
1670,F,No Time Limit,No Memory Limit
1670,E,No Time Limit,No Memory Limit
1670,D,No Time Limit,No Memory Limit
1670,C,No Time Limit,No Memory Limit
1670,B,No Time Limit,No Memory Limit
1670,A,No Time Limit,No Memory Limit
1669,H,No Time Limit,No Memory Limit
1669,G,No Time Limit,No Memory Limit
1669,F,No Time Limit,No Memory Limit
1669,E,No Time Limit,No Memory Limit
1669,D,No Time Limit,No Memory Limit
1669,C,No Time Limit,No Memory Limit
1669,B,No Time Limit,No Memory Limit
1669,A,No Time Limit,No Memory Limit
1668,B,No Time Limit,No Memory Limit
1668,A,No Time Limit,No Memory Limit
1667,F,No Time Limit,No Memory Limit
1667,E,No Time Limit,No Memory Limit
1667,D,No Time Limit,No Memory Limit
1667,C,No Time Limit,No Memory Limit
1667,B,No Time Limit,No Memory Limit
1667,A,No Time Limit,No Memory Limit
1666,L,No Time Limit,No Memory Limit
1666,K,No Time Limit,No Memory Limit
1666,J,No Time Limit,No Memory Limit
1666,I,No Time Limit,No Memory Limit
1666,H,No Time Limit,No Memory Limit
1666,G,No Time Limit,No Memory Limit
1666,F,No Time Limit,No Memory Limit
1666,E,No Time Limit,No Memory Limit
1666,D,No Time Limit,No Memory Limit
1666,C,No Time Limit,No Memory Limit
1666,B,No Time Limit,No Memory Limit
1666,A,No Time Limit,No Memory Limit
1665,E,No Time Limit,No Memory Limit
1665,D,No Time Limit,No Memory Limit
1665,C,No Time Limit,No Memory Limit
1665,B,No Time Limit,No Memory Limit
1665,A,No Time Limit,No Memory Limit
1663,H,No Time Limit,No Memory Limit
1663,G,No Time Limit,No Memory Limit
1663,F,No Time Limit,No Memory Limit
1663,E,No Time Limit,No Memory Limit
1663,D,No Time Limit,No Memory Limit
1663,C,No Time Limit,No Memory Limit
1663,B,No Time Limit,No Memory Limit
1663,A,No Time Limit,No Memory Limit
1662,O,No Time Limit,No Memory Limit
1662,N,No Time Limit,No Memory Limit
1662,M,No Time Limit,No Memory Limit
1662,L,No Time Limit,No Memory Limit
1662,K,No Time Limit,No Memory Limit
1662,J,No Time Limit,No Memory Limit
1662,I,No Time Limit,No Memory Limit
1662,H,No Time Limit,No Memory Limit
1662,G,No Time Limit,No Memory Limit
1662,F,No Time Limit,No Memory Limit
1662,E,No Time Limit,No Memory Limit
1662,D,No Time Limit,No Memory Limit
1662,C,No Time Limit,No Memory Limit
1662,B,No Time Limit,No Memory Limit
1662,A,No Time Limit,No Memory Limit
1661,F,No Time Limit,No Memory Limit
1661,E,No Time Limit,No Memory Limit
1661,D,No Time Limit,No Memory Limit
1661,C,No Time Limit,No Memory Limit
1661,B,No Time Limit,No Memory Limit
1661,A,No Time Limit,No Memory Limit
1660,F2,No Time Limit,No Memory Limit
1660,F1,No Time Limit,No Memory Limit
1660,E,No Time Limit,No Memory Limit
1660,D,No Time Limit,No Memory Limit
1660,C,No Time Limit,No Memory Limit
1660,B,No Time Limit,No Memory Limit
1660,A,No Time Limit,No Memory Limit
1659,F,No Time Limit,No Memory Limit
1659,E,No Time Limit,No Memory Limit
1659,D,No Time Limit,No Memory Limit
1659,C,No Time Limit,No Memory Limit
1659,B,No Time Limit,No Memory Limit
1659,A,No Time Limit,No Memory Limit
1658,F,No Time Limit,No Memory Limit
1658,E,No Time Limit,No Memory Limit
1658,D2,No Time Limit,No Memory Limit
1658,D1,No Time Limit,No Memory Limit
1658,C,No Time Limit,No Memory Limit
1658,B,No Time Limit,No Memory Limit
1658,A,No Time Limit,No Memory Limit
1657,F,No Time Limit,No Memory Limit
1657,E,No Time Limit,No Memory Limit
1657,D,No Time Limit,No Memory Limit
1657,C,No Time Limit,No Memory Limit
1657,B,No Time Limit,No Memory Limit
1657,A,No Time Limit,No Memory Limit
1656,I,No Time Limit,No Memory Limit
1656,H,No Time Limit,No Memory Limit
1656,G,No Time Limit,No Memory Limit
1656,F,No Time Limit,No Memory Limit
1656,E,No Time Limit,No Memory Limit
1656,D,No Time Limit,No Memory Limit
1656,C,No Time Limit,No Memory Limit
1656,B,No Time Limit,No Memory Limit
1656,A,No Time Limit,No Memory Limit
1654,H,No Time Limit,No Memory Limit
1654,G,No Time Limit,No Memory Limit
1654,F,No Time Limit,No Memory Limit
1654,E,No Time Limit,No Memory Limit
1654,D,No Time Limit,No Memory Limit
1654,C,No Time Limit,No Memory Limit
1654,B,No Time Limit,No Memory Limit
1654,A,No Time Limit,No Memory Limit
1651,F,No Time Limit,No Memory Limit
1651,E,No Time Limit,No Memory Limit
1651,D,No Time Limit,No Memory Limit
1651,C,No Time Limit,No Memory Limit
1651,B,No Time Limit,No Memory Limit
1651,A,No Time Limit,No Memory Limit
1650,G,No Time Limit,No Memory Limit
1650,F,No Time Limit,No Memory Limit
1650,E,No Time Limit,No Memory Limit
1650,D,No Time Limit,No Memory Limit
1650,C,No Time Limit,No Memory Limit
1650,B,No Time Limit,No Memory Limit
1650,A,No Time Limit,No Memory Limit
1649,B,No Time Limit,No Memory Limit
1649,A,No Time Limit,No Memory Limit
1648,F,No Time Limit,No Memory Limit
1648,E,No Time Limit,No Memory Limit
1648,D,No Time Limit,No Memory Limit
1648,C,No Time Limit,No Memory Limit
1648,B,No Time Limit,No Memory Limit
1648,A,No Time Limit,No Memory Limit
1647,F,No Time Limit,No Memory Limit
1647,E,No Time Limit,No Memory Limit
1647,D,No Time Limit,No Memory Limit
1647,C,No Time Limit,No Memory Limit
1647,B,No Time Limit,No Memory Limit
1647,A,No Time Limit,No Memory Limit
1646,F,No Time Limit,No Memory Limit
1646,E,No Time Limit,No Memory Limit
1646,D,No Time Limit,No Memory Limit
1646,C,No Time Limit,No Memory Limit
1646,B,No Time Limit,No Memory Limit
1646,A,No Time Limit,No Memory Limit
1644,F,No Time Limit,No Memory Limit
1644,E,No Time Limit,No Memory Limit
1644,D,No Time Limit,No Memory Limit
1644,C,No Time Limit,No Memory Limit
1644,B,No Time Limit,No Memory Limit
1644,A,No Time Limit,No Memory Limit
1642,B,No Time Limit,No Memory Limit
1642,A,No Time Limit,No Memory Limit
1641,F,No Time Limit,No Memory Limit
1641,E,No Time Limit,No Memory Limit
1641,D,No Time Limit,No Memory Limit
1641,C,No Time Limit,No Memory Limit
1641,B,No Time Limit,No Memory Limit
1641,A,No Time Limit,No Memory Limit
1639,K,No Time Limit,No Memory Limit
1639,J,No Time Limit,No Memory Limit
1639,I,No Time Limit,No Memory Limit
1639,H,No Time Limit,No Memory Limit
1639,G,No Time Limit,No Memory Limit
1639,F,No Time Limit,No Memory Limit
1639,E,No Time Limit,No Memory Limit
1639,D,No Time Limit,No Memory Limit
1639,C,No Time Limit,No Memory Limit
1639,B,No Time Limit,No Memory Limit
1639,A,No Time Limit,No Memory Limit
1638,F,No Time Limit,No Memory Limit
1638,E,No Time Limit,No Memory Limit
1638,D,No Time Limit,No Memory Limit
1638,C,No Time Limit,No Memory Limit
1638,B,No Time Limit,No Memory Limit
1638,A,No Time Limit,No Memory Limit
1637,H,No Time Limit,No Memory Limit
1637,G,No Time Limit,No Memory Limit
1637,F,No Time Limit,No Memory Limit
1637,E,No Time Limit,No Memory Limit
1637,D,No Time Limit,No Memory Limit
1637,C,No Time Limit,No Memory Limit
1637,B,No Time Limit,No Memory Limit
1637,A,No Time Limit,No Memory Limit
1635,F,No Time Limit,No Memory Limit
1635,E,No Time Limit,No Memory Limit
1635,D,No Time Limit,No Memory Limit
1635,C,No Time Limit,No Memory Limit
1635,B,No Time Limit,No Memory Limit
1635,A,No Time Limit,No Memory Limit
1634,F,No Time Limit,No Memory Limit
1634,E,No Time Limit,No Memory Limit
1634,D,No Time Limit,No Memory Limit
1634,C,No Time Limit,No Memory Limit
1634,B,No Time Limit,No Memory Limit
1634,A,No Time Limit,No Memory Limit
1633,F,No Time Limit,No Memory Limit
1633,E,No Time Limit,No Memory Limit
1633,D,No Time Limit,No Memory Limit
1633,C,No Time Limit,No Memory Limit
1633,B,No Time Limit,No Memory Limit
1633,A,No Time Limit,No Memory Limit
1632,E2,No Time Limit,No Memory Limit
1632,E1,No Time Limit,No Memory Limit
1632,D,No Time Limit,No Memory Limit
1632,C,No Time Limit,No Memory Limit
1632,B,No Time Limit,No Memory Limit
1632,A,No Time Limit,No Memory Limit
1631,B,No Time Limit,No Memory Limit
1631,A,No Time Limit,No Memory Limit
1630,F,No Time Limit,No Memory Limit
1630,E,No Time Limit,No Memory Limit
1630,D,No Time Limit,No Memory Limit
1630,C,No Time Limit,No Memory Limit
1630,B,No Time Limit,No Memory Limit
1630,A,No Time Limit,No Memory Limit
1629,B,No Time Limit,No Memory Limit
1629,A,No Time Limit,No Memory Limit
1628,F,No Time Limit,No Memory Limit
1628,E,No Time Limit,No Memory Limit
1628,D2,No Time Limit,No Memory Limit
1628,D1,No Time Limit,No Memory Limit
1628,C,No Time Limit,No Memory Limit
1628,B,No Time Limit,No Memory Limit
1628,A,No Time Limit,No Memory Limit
1627,F,No Time Limit,No Memory Limit
1627,E,No Time Limit,No Memory Limit
1627,D,No Time Limit,No Memory Limit
1627,C,No Time Limit,No Memory Limit
1627,B,No Time Limit,No Memory Limit
1627,A,No Time Limit,No Memory Limit
1626,F,No Time Limit,No Memory Limit
1626,E,No Time Limit,No Memory Limit
1626,D,No Time Limit,No Memory Limit
1626,C,No Time Limit,No Memory Limit
1626,B,No Time Limit,No Memory Limit
1626,A,No Time Limit,No Memory Limit
1625,E2,No Time Limit,No Memory Limit
1625,E1,No Time Limit,No Memory Limit
1625,D,No Time Limit,No Memory Limit
1625,C,No Time Limit,No Memory Limit
1625,B,No Time Limit,No Memory Limit
1625,A,No Time Limit,No Memory Limit
1624,G,No Time Limit,No Memory Limit
1624,F,No Time Limit,No Memory Limit
1624,E,No Time Limit,No Memory Limit
1624,D,No Time Limit,No Memory Limit
1624,C,No Time Limit,No Memory Limit
1624,B,No Time Limit,No Memory Limit
1624,A,No Time Limit,No Memory Limit
1623,E,No Time Limit,No Memory Limit
1623,D,No Time Limit,No Memory Limit
1623,C,No Time Limit,No Memory Limit
1623,B,No Time Limit,No Memory Limit
1623,A,No Time Limit,No Memory Limit
1622,F,No Time Limit,No Memory Limit
1622,E,No Time Limit,No Memory Limit
1622,D,No Time Limit,No Memory Limit
1622,C,No Time Limit,No Memory Limit
1622,B,No Time Limit,No Memory Limit
1622,A,No Time Limit,No Memory Limit
1621,I,No Time Limit,No Memory Limit
1621,H,No Time Limit,No Memory Limit
1621,G,No Time Limit,No Memory Limit
1621,F,No Time Limit,No Memory Limit
1621,E,No Time Limit,No Memory Limit
1621,D,No Time Limit,No Memory Limit
1621,C,No Time Limit,No Memory Limit
1621,B,No Time Limit,No Memory Limit
1621,A,No Time Limit,No Memory Limit
1620,G,No Time Limit,No Memory Limit
1620,F,No Time Limit,No Memory Limit
1620,E,No Time Limit,No Memory Limit
1620,D,No Time Limit,No Memory Limit
1620,C,No Time Limit,No Memory Limit
1620,B,No Time Limit,No Memory Limit
1620,A,No Time Limit,No Memory Limit
1619,H,No Time Limit,No Memory Limit
1619,G,No Time Limit,No Memory Limit
1619,F,No Time Limit,No Memory Limit
1619,E,No Time Limit,No Memory Limit
1619,D,No Time Limit,No Memory Limit
1619,C,No Time Limit,No Memory Limit
1619,B,No Time Limit,No Memory Limit
1619,A,No Time Limit,No Memory Limit
1618,G,No Time Limit,No Memory Limit
1618,F,No Time Limit,No Memory Limit
1618,E,No Time Limit,No Memory Limit
1618,D,No Time Limit,No Memory Limit
1618,C,No Time Limit,No Memory Limit
1618,B,No Time Limit,No Memory Limit
1618,A,No Time Limit,No Memory Limit
1617,E,No Time Limit,No Memory Limit
1617,D2,No Time Limit,No Memory Limit
1617,D1,No Time Limit,No Memory Limit
1617,C,No Time Limit,No Memory Limit
1617,B,No Time Limit,No Memory Limit
1617,A,No Time Limit,No Memory Limit
1616,H,No Time Limit,No Memory Limit
1616,G,No Time Limit,No Memory Limit
1616,F,No Time Limit,No Memory Limit
1616,E,No Time Limit,No Memory Limit
1616,D,No Time Limit,No Memory Limit
1616,C,No Time Limit,No Memory Limit
1616,B,No Time Limit,No Memory Limit
1616,A,No Time Limit,No Memory Limit
1615,H,No Time Limit,No Memory Limit
1615,G,No Time Limit,No Memory Limit
1615,F,No Time Limit,No Memory Limit
1615,E,No Time Limit,No Memory Limit
1615,D,No Time Limit,No Memory Limit
1615,C,No Time Limit,No Memory Limit
1615,B,No Time Limit,No Memory Limit
1615,A,No Time Limit,No Memory Limit
1614,E,No Time Limit,No Memory Limit
1614,D2,No Time Limit,No Memory Limit
1614,D1,No Time Limit,No Memory Limit
1614,C,No Time Limit,No Memory Limit
1614,B,No Time Limit,No Memory Limit
1614,A,No Time Limit,No Memory Limit
1613,F,No Time Limit,No Memory Limit
1613,E,No Time Limit,No Memory Limit
1613,D,No Time Limit,No Memory Limit
1613,C,No Time Limit,No Memory Limit
1613,B,No Time Limit,No Memory Limit
1613,A,No Time Limit,No Memory Limit
1612,G,No Time Limit,No Memory Limit
1612,F,No Time Limit,No Memory Limit
1612,E,No Time Limit,No Memory Limit
1612,D,No Time Limit,No Memory Limit
1612,C,No Time Limit,No Memory Limit
1612,B,No Time Limit,No Memory Limit
1612,A,No Time Limit,No Memory Limit
1611,G,No Time Limit,No Memory Limit
1611,F,No Time Limit,No Memory Limit
1611,E2,No Time Limit,No Memory Limit
1611,E1,No Time Limit,No Memory Limit
1611,D,No Time Limit,No Memory Limit
1611,C,No Time Limit,No Memory Limit
1611,B,No Time Limit,No Memory Limit
1611,A,No Time Limit,No Memory Limit
1610,I,No Time Limit,No Memory Limit
1610,H,No Time Limit,No Memory Limit
1610,G,No Time Limit,No Memory Limit
1610,F,No Time Limit,No Memory Limit
1610,E,No Time Limit,No Memory Limit
1610,D,No Time Limit,No Memory Limit
1610,C,No Time Limit,No Memory Limit
1610,B,No Time Limit,No Memory Limit
1610,A,No Time Limit,No Memory Limit
1609,H,No Time Limit,No Memory Limit
1609,G,No Time Limit,No Memory Limit
1609,F,No Time Limit,No Memory Limit
1609,E,No Time Limit,No Memory Limit
1609,D,No Time Limit,No Memory Limit
1609,C,No Time Limit,No Memory Limit
1609,B,No Time Limit,No Memory Limit
1609,A,No Time Limit,No Memory Limit
1608,G,No Time Limit,No Memory Limit
1608,F,No Time Limit,No Memory Limit
1608,E,No Time Limit,No Memory Limit
1608,D,No Time Limit,No Memory Limit
1608,C,No Time Limit,No Memory Limit
1608,B,No Time Limit,No Memory Limit
1608,A,No Time Limit,No Memory Limit
1607,H,No Time Limit,No Memory Limit
1607,G,No Time Limit,No Memory Limit
1607,F,No Time Limit,No Memory Limit
1607,E,No Time Limit,No Memory Limit
1607,D,No Time Limit,No Memory Limit
1607,C,No Time Limit,No Memory Limit
1607,B,No Time Limit,No Memory Limit
1607,A,No Time Limit,No Memory Limit
1606,F,No Time Limit,No Memory Limit
1606,E,No Time Limit,No Memory Limit
1606,D,No Time Limit,No Memory Limit
1606,C,No Time Limit,No Memory Limit
1606,B,No Time Limit,No Memory Limit
1606,A,No Time Limit,No Memory Limit
1605,F,No Time Limit,No Memory Limit
1605,E,No Time Limit,No Memory Limit
1605,D,No Time Limit,No Memory Limit
1605,C,No Time Limit,No Memory Limit
1605,B,No Time Limit,No Memory Limit
1605,A,No Time Limit,No Memory Limit
1604,B,No Time Limit,No Memory Limit
1604,A,No Time Limit,No Memory Limit
1603,F,No Time Limit,No Memory Limit
1603,E,No Time Limit,No Memory Limit
1603,D,No Time Limit,No Memory Limit
1603,C,No Time Limit,No Memory Limit
1603,B,No Time Limit,No Memory Limit
1603,A,No Time Limit,No Memory Limit
1602,B,No Time Limit,No Memory Limit
1602,A,No Time Limit,No Memory Limit
1601,F,No Time Limit,No Memory Limit
1601,E,No Time Limit,No Memory Limit
1601,D,No Time Limit,No Memory Limit
1601,C,No Time Limit,No Memory Limit
1601,B,No Time Limit,No Memory Limit
1601,A,No Time Limit,No Memory Limit
1600,J,No Time Limit,No Memory Limit
1600,F,No Time Limit,No Memory Limit
1600,E,No Time Limit,No Memory Limit
1599,J,No Time Limit,No Memory Limit
1599,I,No Time Limit,No Memory Limit
1599,H,No Time Limit,No Memory Limit
1599,G,No Time Limit,No Memory Limit
1599,F,No Time Limit,No Memory Limit
1599,E,No Time Limit,No Memory Limit
1599,D,No Time Limit,No Memory Limit
1599,C,No Time Limit,No Memory Limit
1599,B,No Time Limit,No Memory Limit
1599,A,No Time Limit,No Memory Limit
1598,G,No Time Limit,No Memory Limit
1598,F,No Time Limit,No Memory Limit
1598,E,No Time Limit,No Memory Limit
1598,D,No Time Limit,No Memory Limit
1598,C,No Time Limit,No Memory Limit
1598,B,No Time Limit,No Memory Limit
1598,A,No Time Limit,No Memory Limit
1594,F,No Time Limit,No Memory Limit
1594,E2,No Time Limit,No Memory Limit
1594,E1,No Time Limit,No Memory Limit
1594,D,No Time Limit,No Memory Limit
1594,C,No Time Limit,No Memory Limit
1594,B,No Time Limit,No Memory Limit
1594,A,No Time Limit,No Memory Limit
1593,G,No Time Limit,No Memory Limit
1593,F,No Time Limit,No Memory Limit
1593,E,No Time Limit,No Memory Limit
1593,D2,No Time Limit,No Memory Limit
1593,D1,No Time Limit,No Memory Limit
1593,C,No Time Limit,No Memory Limit
1593,B,No Time Limit,No Memory Limit
1593,A,No Time Limit,No Memory Limit
1592,F2,No Time Limit,No Memory Limit
1592,F1,No Time Limit,No Memory Limit
1592,E,No Time Limit,No Memory Limit
1592,D,No Time Limit,No Memory Limit
1592,C,No Time Limit,No Memory Limit
1592,B,No Time Limit,No Memory Limit
1592,A,No Time Limit,No Memory Limit
1588,F,No Time Limit,No Memory Limit
1586,I,No Time Limit,No Memory Limit
1585,G,No Time Limit,No Memory Limit
1585,F,No Time Limit,No Memory Limit
1585,E,No Time Limit,No Memory Limit
1585,D,No Time Limit,No Memory Limit
1585,C,No Time Limit,No Memory Limit
1585,B,No Time Limit,No Memory Limit
1585,A,No Time Limit,No Memory Limit
1584,G,No Time Limit,No Memory Limit
1584,F,No Time Limit,No Memory Limit
1584,E,No Time Limit,No Memory Limit
1584,D,No Time Limit,No Memory Limit
1584,C,No Time Limit,No Memory Limit
1584,B,No Time Limit,No Memory Limit
1584,A,No Time Limit,No Memory Limit
1583,H,No Time Limit,No Memory Limit
1583,G,No Time Limit,No Memory Limit
1583,F,No Time Limit,No Memory Limit
1583,E,No Time Limit,No Memory Limit
1583,D,No Time Limit,No Memory Limit
1583,C,No Time Limit,No Memory Limit
1583,B,No Time Limit,No Memory Limit
1583,A,No Time Limit,No Memory Limit
1582,G,No Time Limit,No Memory Limit
1582,F2,No Time Limit,No Memory Limit
1582,F1,No Time Limit,No Memory Limit
1582,E,No Time Limit,No Memory Limit
1582,D,No Time Limit,No Memory Limit
1582,C,No Time Limit,No Memory Limit
1582,B,No Time Limit,No Memory Limit
1582,A,No Time Limit,No Memory Limit
1581,B,No Time Limit,No Memory Limit
1581,A,No Time Limit,No Memory Limit
1580,F,No Time Limit,No Memory Limit
1580,E,No Time Limit,No Memory Limit
1580,D,No Time Limit,No Memory Limit
1580,C,No Time Limit,No Memory Limit
1580,B,No Time Limit,No Memory Limit
1580,A,No Time Limit,No Memory Limit
1579,G,No Time Limit,No Memory Limit
1579,F,No Time Limit,No Memory Limit
1579,E2,No Time Limit,No Memory Limit
1579,E1,No Time Limit,No Memory Limit
1579,D,No Time Limit,No Memory Limit
1579,C,No Time Limit,No Memory Limit
1579,B,No Time Limit,No Memory Limit
1579,A,No Time Limit,No Memory Limit
1578,M,No Time Limit,No Memory Limit
1578,L,No Time Limit,No Memory Limit
1578,K,No Time Limit,No Memory Limit
1578,J,No Time Limit,No Memory Limit
1578,I,No Time Limit,No Memory Limit
1578,H,No Time Limit,No Memory Limit
1578,G,No Time Limit,No Memory Limit
1578,F,No Time Limit,No Memory Limit
1578,E,No Time Limit,No Memory Limit
1578,D,No Time Limit,No Memory Limit
1578,C,No Time Limit,No Memory Limit
1578,B,No Time Limit,No Memory Limit
1578,A,No Time Limit,No Memory Limit
1576,A,No Time Limit,No Memory Limit
1575,M,No Time Limit,No Memory Limit
1575,L,No Time Limit,No Memory Limit
1575,K,No Time Limit,No Memory Limit
1575,J,No Time Limit,No Memory Limit
1575,I,No Time Limit,No Memory Limit
1575,H,No Time Limit,No Memory Limit
1575,G,No Time Limit,No Memory Limit
1575,F,No Time Limit,No Memory Limit
1575,E,No Time Limit,No Memory Limit
1575,D,No Time Limit,No Memory Limit
1575,C,No Time Limit,No Memory Limit
1575,B,No Time Limit,No Memory Limit
1575,A,No Time Limit,No Memory Limit
1574,F,No Time Limit,No Memory Limit
1574,E,No Time Limit,No Memory Limit
1574,D,No Time Limit,No Memory Limit
1574,C,No Time Limit,No Memory Limit
1574,B,No Time Limit,No Memory Limit
1574,A,No Time Limit,No Memory Limit
1573,B,No Time Limit,No Memory Limit
1573,A,No Time Limit,No Memory Limit
1572,F,No Time Limit,No Memory Limit
1572,E,No Time Limit,No Memory Limit
1572,D,No Time Limit,No Memory Limit
1572,C,No Time Limit,No Memory Limit
1572,B,No Time Limit,No Memory Limit
1572,A,No Time Limit,No Memory Limit
1571,J,No Time Limit,No Memory Limit
1571,I,No Time Limit,No Memory Limit
1571,H,No Time Limit,No Memory Limit
1571,G,No Time Limit,No Memory Limit
1571,F,No Time Limit,No Memory Limit
1571,E,No Time Limit,No Memory Limit
1571,D,No Time Limit,No Memory Limit
1571,C,No Time Limit,No Memory Limit
1571,B,No Time Limit,No Memory Limit
1571,A,No Time Limit,No Memory Limit
1569,F,No Time Limit,No Memory Limit
1569,E,No Time Limit,No Memory Limit
1569,D,No Time Limit,No Memory Limit
1569,C,No Time Limit,No Memory Limit
1569,B,No Time Limit,No Memory Limit
1569,A,No Time Limit,No Memory Limit
1567,F,No Time Limit,No Memory Limit
1567,E,No Time Limit,No Memory Limit
1567,D,No Time Limit,No Memory Limit
1567,C,No Time Limit,No Memory Limit
1567,B,No Time Limit,No Memory Limit
1567,A,No Time Limit,No Memory Limit
1566,H,No Time Limit,No Memory Limit
1566,G,No Time Limit,No Memory Limit
1566,F,No Time Limit,No Memory Limit
1566,E,No Time Limit,No Memory Limit
1566,D2,No Time Limit,No Memory Limit
1566,D1,No Time Limit,No Memory Limit
1566,C,No Time Limit,No Memory Limit
1566,B,No Time Limit,No Memory Limit
1566,A,No Time Limit,No Memory Limit
1562,F,No Time Limit,No Memory Limit
1562,E,No Time Limit,No Memory Limit
1562,D2,No Time Limit,No Memory Limit
1562,D1,No Time Limit,No Memory Limit
1562,C,No Time Limit,No Memory Limit
1562,B,No Time Limit,No Memory Limit
1562,A,No Time Limit,No Memory Limit
1561,D1,No Time Limit,No Memory Limit
1561,C,No Time Limit,No Memory Limit
1561,A,No Time Limit,No Memory Limit
1560,F2,No Time Limit,No Memory Limit
1560,F1,No Time Limit,No Memory Limit
1560,E,No Time Limit,No Memory Limit
1560,D,No Time Limit,No Memory Limit
1560,C,No Time Limit,No Memory Limit
1560,B,No Time Limit,No Memory Limit
1560,A,No Time Limit,No Memory Limit
1559,E,No Time Limit,No Memory Limit
1559,D2,No Time Limit,No Memory Limit
1559,D1,No Time Limit,No Memory Limit
1559,C,No Time Limit,No Memory Limit
1559,B,No Time Limit,No Memory Limit
1559,A,No Time Limit,No Memory Limit
1558,F,No Time Limit,No Memory Limit
1558,E,No Time Limit,No Memory Limit
1558,D,No Time Limit,No Memory Limit
1558,C,No Time Limit,No Memory Limit
1558,B,No Time Limit,No Memory Limit
1558,A,No Time Limit,No Memory Limit
1557,E,No Time Limit,No Memory Limit
1557,D,No Time Limit,No Memory Limit
1557,C,No Time Limit,No Memory Limit
1557,B,No Time Limit,No Memory Limit
1557,A,No Time Limit,No Memory Limit
1556,H,No Time Limit,No Memory Limit
1556,G,No Time Limit,No Memory Limit
1556,F,No Time Limit,No Memory Limit
1556,E,No Time Limit,No Memory Limit
1556,D,No Time Limit,No Memory Limit
1556,C,No Time Limit,No Memory Limit
1556,B,No Time Limit,No Memory Limit
1556,A,No Time Limit,No Memory Limit
1555,F,No Time Limit,No Memory Limit
1555,E,No Time Limit,No Memory Limit
1555,D,No Time Limit,No Memory Limit
1555,C,No Time Limit,No Memory Limit
1555,B,No Time Limit,No Memory Limit
1555,A,No Time Limit,No Memory Limit
1554,E,No Time Limit,No Memory Limit
1554,D,No Time Limit,No Memory Limit
1554,C,No Time Limit,No Memory Limit
1554,B,No Time Limit,No Memory Limit
1554,A,No Time Limit,No Memory Limit
1553,I,No Time Limit,No Memory Limit
1553,H,No Time Limit,No Memory Limit
1553,G,No Time Limit,No Memory Limit
1553,F,No Time Limit,No Memory Limit
1553,E,No Time Limit,No Memory Limit
1553,D,No Time Limit,No Memory Limit
1553,C,No Time Limit,No Memory Limit
1553,B,No Time Limit,No Memory Limit
1553,A,No Time Limit,No Memory Limit
1552,I,No Time Limit,No Memory Limit
1552,H,No Time Limit,No Memory Limit
1552,G,No Time Limit,No Memory Limit
1552,F,No Time Limit,No Memory Limit
1552,E,No Time Limit,No Memory Limit
1552,D,No Time Limit,No Memory Limit
1552,C,No Time Limit,No Memory Limit
1552,B,No Time Limit,No Memory Limit
1552,A,No Time Limit,No Memory Limit
1551,F,No Time Limit,No Memory Limit
1551,E,No Time Limit,No Memory Limit
1551,D2,No Time Limit,No Memory Limit
1551,D1,No Time Limit,No Memory Limit
1551,C,No Time Limit,No Memory Limit
1551,B2,No Time Limit,No Memory Limit
1551,B1,No Time Limit,No Memory Limit
1551,A,No Time Limit,No Memory Limit
1550,F,No Time Limit,No Memory Limit
1550,E,No Time Limit,No Memory Limit
1550,D,No Time Limit,No Memory Limit
1550,C,No Time Limit,No Memory Limit
1550,B,No Time Limit,No Memory Limit
1550,A,No Time Limit,No Memory Limit
1549,B,No Time Limit,No Memory Limit
1549,A,No Time Limit,No Memory Limit
1548,E,No Time Limit,No Memory Limit
1548,D2,No Time Limit,No Memory Limit
1548,D1,No Time Limit,No Memory Limit
1548,C,No Time Limit,No Memory Limit
1548,B,No Time Limit,No Memory Limit
1548,A,No Time Limit,No Memory Limit
1547,G,No Time Limit,No Memory Limit
1547,F,No Time Limit,No Memory Limit
1547,E,No Time Limit,No Memory Limit
1547,D,No Time Limit,No Memory Limit
1547,C,No Time Limit,No Memory Limit
1547,B,No Time Limit,No Memory Limit
1547,A,No Time Limit,No Memory Limit
1546,B,No Time Limit,No Memory Limit
1546,A,No Time Limit,No Memory Limit
1545,F,No Time Limit,No Memory Limit
1545,E2,No Time Limit,No Memory Limit
1545,E1,No Time Limit,No Memory Limit
1545,D,No Time Limit,No Memory Limit
1545,C,No Time Limit,No Memory Limit
1545,B,No Time Limit,No Memory Limit
1545,A,No Time Limit,No Memory Limit
1543,E,No Time Limit,No Memory Limit
1543,D2,No Time Limit,No Memory Limit
1543,D1,No Time Limit,No Memory Limit
1543,C,No Time Limit,No Memory Limit
1543,B,No Time Limit,No Memory Limit
1543,A,No Time Limit,No Memory Limit
1542,E2,No Time Limit,No Memory Limit
1542,E1,No Time Limit,No Memory Limit
1542,D,No Time Limit,No Memory Limit
1542,C,No Time Limit,No Memory Limit
1542,B,No Time Limit,No Memory Limit
1542,A,No Time Limit,No Memory Limit
1541,B,No Time Limit,No Memory Limit
1541,A,No Time Limit,No Memory Limit
1540,E,No Time Limit,No Memory Limit
1540,D,No Time Limit,No Memory Limit
1540,C2,No Time Limit,No Memory Limit
1540,C1,No Time Limit,No Memory Limit
1540,B,No Time Limit,No Memory Limit
1540,A,No Time Limit,No Memory Limit
1539,F,No Time Limit,No Memory Limit
1539,E,No Time Limit,No Memory Limit
1539,D,No Time Limit,No Memory Limit
1539,C,No Time Limit,No Memory Limit
1539,B,No Time Limit,No Memory Limit
1539,A,No Time Limit,No Memory Limit
1538,G,No Time Limit,No Memory Limit
1538,F,No Time Limit,No Memory Limit
1538,E,No Time Limit,No Memory Limit
1538,D,No Time Limit,No Memory Limit
1538,C,No Time Limit,No Memory Limit
1538,B,No Time Limit,No Memory Limit
1538,A,No Time Limit,No Memory Limit
1537,F,No Time Limit,No Memory Limit
1537,E2,No Time Limit,No Memory Limit
1537,E1,No Time Limit,No Memory Limit
1537,D,No Time Limit,No Memory Limit
1537,C,No Time Limit,No Memory Limit
1537,B,No Time Limit,No Memory Limit
1537,A,No Time Limit,No Memory Limit
1536,F,No Time Limit,No Memory Limit
1536,E,No Time Limit,No Memory Limit
1536,D,No Time Limit,No Memory Limit
1536,C,No Time Limit,No Memory Limit
1536,B,No Time Limit,No Memory Limit
1536,A,No Time Limit,No Memory Limit
1535,F,No Time Limit,No Memory Limit
1535,E,No Time Limit,No Memory Limit
1535,D,No Time Limit,No Memory Limit
1535,C,No Time Limit,No Memory Limit
1535,B,No Time Limit,No Memory Limit
1535,A,No Time Limit,No Memory Limit
1534,H,No Time Limit,No Memory Limit
1534,G,No Time Limit,No Memory Limit
1534,F2,No Time Limit,No Memory Limit
1534,F1,No Time Limit,No Memory Limit
1534,E,No Time Limit,No Memory Limit
1534,D,No Time Limit,No Memory Limit
1534,C,No Time Limit,No Memory Limit
1534,B,No Time Limit,No Memory Limit
1534,A,No Time Limit,No Memory Limit
1533,J,No Time Limit,No Memory Limit
1533,I,No Time Limit,No Memory Limit
1533,H,No Time Limit,No Memory Limit
1533,G,No Time Limit,No Memory Limit
1533,F,No Time Limit,No Memory Limit
1533,E,No Time Limit,No Memory Limit
1533,D,No Time Limit,No Memory Limit
1533,C,No Time Limit,No Memory Limit
1533,B,No Time Limit,No Memory Limit
1533,A,No Time Limit,No Memory Limit
1532,F,No Time Limit,No Memory Limit
1532,E,No Time Limit,No Memory Limit
1532,D,No Time Limit,No Memory Limit
1532,C,No Time Limit,No Memory Limit
1532,B,No Time Limit,No Memory Limit
1532,A,No Time Limit,No Memory Limit
1531,E3,No Time Limit,No Memory Limit
1531,E2,No Time Limit,No Memory Limit
1531,E1,No Time Limit,No Memory Limit
1531,D,No Time Limit,No Memory Limit
1531,C,No Time Limit,No Memory Limit
1531,B2,No Time Limit,No Memory Limit
1531,B1,No Time Limit,No Memory Limit
1531,A,No Time Limit,No Memory Limit
1530,H,No Time Limit,No Memory Limit
1530,G,No Time Limit,No Memory Limit
1530,F,No Time Limit,No Memory Limit
1530,E,No Time Limit,No Memory Limit
1530,D,No Time Limit,No Memory Limit
1530,C,No Time Limit,No Memory Limit
1530,B,No Time Limit,No Memory Limit
1530,A,No Time Limit,No Memory Limit
1529,B,No Time Limit,No Memory Limit
1529,A,No Time Limit,No Memory Limit
1528,F,No Time Limit,No Memory Limit
1528,E,No Time Limit,No Memory Limit
1528,D,No Time Limit,No Memory Limit
1528,C,No Time Limit,No Memory Limit
1528,B,No Time Limit,No Memory Limit
1528,A,No Time Limit,No Memory Limit
1527,E,No Time Limit,No Memory Limit
1527,D,No Time Limit,No Memory Limit
1527,C,No Time Limit,No Memory Limit
1527,B2,No Time Limit,No Memory Limit
1527,B1,No Time Limit,No Memory Limit
1527,A,No Time Limit,No Memory Limit
1526,F,No Time Limit,No Memory Limit
1526,E,No Time Limit,No Memory Limit
1526,D,No Time Limit,No Memory Limit
1526,C2,No Time Limit,No Memory Limit
1526,C1,No Time Limit,No Memory Limit
1526,B,No Time Limit,No Memory Limit
1526,A,No Time Limit,No Memory Limit
1525,F,No Time Limit,No Memory Limit
1525,E,No Time Limit,No Memory Limit
1525,D,No Time Limit,No Memory Limit
1525,C,No Time Limit,No Memory Limit
1525,B,No Time Limit,No Memory Limit
1525,A,No Time Limit,No Memory Limit
1523,H,No Time Limit,No Memory Limit
1523,G,No Time Limit,No Memory Limit
1523,F,No Time Limit,No Memory Limit
1523,E,No Time Limit,No Memory Limit
1523,D,No Time Limit,No Memory Limit
1523,C,No Time Limit,No Memory Limit
1523,B,No Time Limit,No Memory Limit
1523,A,No Time Limit,No Memory Limit
1521,E,No Time Limit,No Memory Limit
1521,D,No Time Limit,No Memory Limit
1521,C,No Time Limit,No Memory Limit
1521,B,No Time Limit,No Memory Limit
1521,A,No Time Limit,No Memory Limit
1520,G,No Time Limit,No Memory Limit
1520,F2,No Time Limit,No Memory Limit
1520,F1,No Time Limit,No Memory Limit
1520,E,No Time Limit,No Memory Limit
1520,D,No Time Limit,No Memory Limit
1520,C,No Time Limit,No Memory Limit
1520,B,No Time Limit,No Memory Limit
1520,A,No Time Limit,No Memory Limit
1519,F,No Time Limit,No Memory Limit
1519,E,No Time Limit,No Memory Limit
1519,D,No Time Limit,No Memory Limit
1519,C,No Time Limit,No Memory Limit
1519,B,No Time Limit,No Memory Limit
1519,A,No Time Limit,No Memory Limit
1517,H,No Time Limit,No Memory Limit
1517,G,No Time Limit,No Memory Limit
1517,F,No Time Limit,No Memory Limit
1517,E,No Time Limit,No Memory Limit
1517,D,No Time Limit,No Memory Limit
1517,C,No Time Limit,No Memory Limit
1517,B,No Time Limit,No Memory Limit
1517,A,No Time Limit,No Memory Limit
1516,E,No Time Limit,No Memory Limit
1516,D,No Time Limit,No Memory Limit
1516,C,No Time Limit,No Memory Limit
1516,B,No Time Limit,No Memory Limit
1516,A,No Time Limit,No Memory Limit
1515,I,No Time Limit,No Memory Limit
1515,H,No Time Limit,No Memory Limit
1515,G,No Time Limit,No Memory Limit
1515,F,No Time Limit,No Memory Limit
1515,E,No Time Limit,No Memory Limit
1515,D,No Time Limit,No Memory Limit
1515,C,No Time Limit,No Memory Limit
1515,B,No Time Limit,No Memory Limit
1515,A,No Time Limit,No Memory Limit
1514,E,No Time Limit,No Memory Limit
1514,D,No Time Limit,No Memory Limit
1514,C,No Time Limit,No Memory Limit
1514,B,No Time Limit,No Memory Limit
1514,A,No Time Limit,No Memory Limit
1513,F,No Time Limit,No Memory Limit
1513,E,No Time Limit,No Memory Limit
1513,D,No Time Limit,No Memory Limit
1513,C,No Time Limit,No Memory Limit
1513,B,No Time Limit,No Memory Limit
1513,A,No Time Limit,No Memory Limit
1512,G,No Time Limit,No Memory Limit
1512,F,No Time Limit,No Memory Limit
1512,E,No Time Limit,No Memory Limit
1512,D,No Time Limit,No Memory Limit
1512,C,No Time Limit,No Memory Limit
1512,B,No Time Limit,No Memory Limit
1512,A,No Time Limit,No Memory Limit
1511,G,No Time Limit,No Memory Limit
1511,F,No Time Limit,No Memory Limit
1511,E,No Time Limit,No Memory Limit
1511,D,No Time Limit,No Memory Limit
1511,C,No Time Limit,No Memory Limit
1511,B,No Time Limit,No Memory Limit
1511,A,No Time Limit,No Memory Limit
1510,K,No Time Limit,No Memory Limit
1510,J,No Time Limit,No Memory Limit
1510,I,No Time Limit,No Memory Limit
1510,H,No Time Limit,No Memory Limit
1510,G,No Time Limit,No Memory Limit
1510,F,No Time Limit,No Memory Limit
1510,E,No Time Limit,No Memory Limit
1510,D,No Time Limit,No Memory Limit
1510,C,No Time Limit,No Memory Limit
1510,B,No Time Limit,No Memory Limit
1510,A,No Time Limit,No Memory Limit
1509,C,No Time Limit,No Memory Limit
1509,B,No Time Limit,No Memory Limit
1509,A,No Time Limit,No Memory Limit
1508,F,No Time Limit,No Memory Limit
1508,E,No Time Limit,No Memory Limit
1508,D,No Time Limit,No Memory Limit
1508,C,No Time Limit,No Memory Limit
1508,B,No Time Limit,No Memory Limit
1508,A,No Time Limit,No Memory Limit
1506,G,No Time Limit,No Memory Limit
1506,F,No Time Limit,No Memory Limit
1506,E,No Time Limit,No Memory Limit
1506,D,No Time Limit,No Memory Limit
1506,C,No Time Limit,No Memory Limit
1506,B,No Time Limit,No Memory Limit
1506,A,No Time Limit,No Memory Limit
1505,I,No Time Limit,No Memory Limit
1505,H,No Time Limit,No Memory Limit
1505,G,No Time Limit,No Memory Limit
1505,F,No Time Limit,No Memory Limit
1505,E,No Time Limit,No Memory Limit
1505,D,No Time Limit,No Memory Limit
1505,C,No Time Limit,No Memory Limit
1505,B,No Time Limit,No Memory Limit
1505,A,No Time Limit,No Memory Limit
1504,B,No Time Limit,No Memory Limit
1504,A,No Time Limit,No Memory Limit
1503,F,No Time Limit,No Memory Limit
1503,E,No Time Limit,No Memory Limit
1503,D,No Time Limit,No Memory Limit
1503,C,No Time Limit,No Memory Limit
1503,B,No Time Limit,No Memory Limit
1503,A,No Time Limit,No Memory Limit
1501,B,No Time Limit,No Memory Limit
1501,A,No Time Limit,No Memory Limit
1500,F,No Time Limit,No Memory Limit
1500,E,No Time Limit,No Memory Limit
1500,D,No Time Limit,No Memory Limit
1500,C,No Time Limit,No Memory Limit
1500,B,No Time Limit,No Memory Limit
1500,A,No Time Limit,No Memory Limit
1499,G,No Time Limit,No Memory Limit
1499,F,No Time Limit,No Memory Limit
1499,E,No Time Limit,No Memory Limit
1499,D,No Time Limit,No Memory Limit
1499,C,No Time Limit,No Memory Limit
1499,B,No Time Limit,No Memory Limit
1499,A,No Time Limit,No Memory Limit
1498,F,No Time Limit,No Memory Limit
1498,E,No Time Limit,No Memory Limit
1498,D,No Time Limit,No Memory Limit
1498,C,No Time Limit,No Memory Limit
1498,B,No Time Limit,No Memory Limit
1498,A,No Time Limit,No Memory Limit
1497,E2,No Time Limit,No Memory Limit
1497,E1,No Time Limit,No Memory Limit
1497,D,No Time Limit,No Memory Limit
1497,C2,No Time Limit,No Memory Limit
1497,C1,No Time Limit,No Memory Limit
1497,B,No Time Limit,No Memory Limit
1497,A,No Time Limit,No Memory Limit
1496,B,No Time Limit,No Memory Limit
1496,A,No Time Limit,No Memory Limit
1495,F,No Time Limit,No Memory Limit
1495,E,No Time Limit,No Memory Limit
1495,D,No Time Limit,No Memory Limit
1495,C,No Time Limit,No Memory Limit
1495,B,No Time Limit,No Memory Limit
1495,A,No Time Limit,No Memory Limit
1494,F,No Time Limit,No Memory Limit
1494,E,No Time Limit,No Memory Limit
1494,D,No Time Limit,No Memory Limit
1494,C,No Time Limit,No Memory Limit
1494,B,No Time Limit,No Memory Limit
1494,A,No Time Limit,No Memory Limit
1493,F,No Time Limit,No Memory Limit
1493,E,No Time Limit,No Memory Limit
1493,D,No Time Limit,No Memory Limit
1493,C,No Time Limit,No Memory Limit
1493,B,No Time Limit,No Memory Limit
1493,A,No Time Limit,No Memory Limit
1492,E,No Time Limit,No Memory Limit
1492,D,No Time Limit,No Memory Limit
1492,C,No Time Limit,No Memory Limit
1492,B,No Time Limit,No Memory Limit
1492,A,No Time Limit,No Memory Limit
1491,I,No Time Limit,No Memory Limit
1491,H,No Time Limit,No Memory Limit
1491,G,No Time Limit,No Memory Limit
1491,F,No Time Limit,No Memory Limit
1491,E,No Time Limit,No Memory Limit
1491,D,No Time Limit,No Memory Limit
1491,C,No Time Limit,No Memory Limit
1491,B,No Time Limit,No Memory Limit
1491,A,No Time Limit,No Memory Limit
1490,G,No Time Limit,No Memory Limit
1490,F,No Time Limit,No Memory Limit
1490,E,No Time Limit,No Memory Limit
1490,D,No Time Limit,No Memory Limit
1490,C,No Time Limit,No Memory Limit
1490,B,No Time Limit,No Memory Limit
1490,A,No Time Limit,No Memory Limit
1488,J,No Time Limit,No Memory Limit
1488,I,No Time Limit,No Memory Limit
1488,H,No Time Limit,No Memory Limit
1488,G,No Time Limit,No Memory Limit
1488,F,No Time Limit,No Memory Limit
1488,E,No Time Limit,No Memory Limit
1488,D,No Time Limit,No Memory Limit
1488,C,No Time Limit,No Memory Limit
1488,B,No Time Limit,No Memory Limit
1488,A,No Time Limit,No Memory Limit
1487,G,No Time Limit,No Memory Limit
1487,F,No Time Limit,No Memory Limit
1487,E,No Time Limit,No Memory Limit
1487,D,No Time Limit,No Memory Limit
1487,C,No Time Limit,No Memory Limit
1487,B,No Time Limit,No Memory Limit
1487,A,No Time Limit,No Memory Limit
1486,F,No Time Limit,No Memory Limit
1486,E,No Time Limit,No Memory Limit
1486,D,No Time Limit,No Memory Limit
1486,C2,No Time Limit,No Memory Limit
1486,C1,No Time Limit,No Memory Limit
1486,B,No Time Limit,No Memory Limit
1486,A,No Time Limit,No Memory Limit
1485,F,No Time Limit,No Memory Limit
1485,E,No Time Limit,No Memory Limit
1485,D,No Time Limit,No Memory Limit
1485,C,No Time Limit,No Memory Limit
1485,B,No Time Limit,No Memory Limit
1485,A,No Time Limit,No Memory Limit
1482,H,No Time Limit,No Memory Limit
1482,G,No Time Limit,No Memory Limit
1482,F,No Time Limit,No Memory Limit
1482,E,No Time Limit,No Memory Limit
1482,D,No Time Limit,No Memory Limit
1482,C,No Time Limit,No Memory Limit
1482,B,No Time Limit,No Memory Limit
1482,A,No Time Limit,No Memory Limit
1481,F,No Time Limit,No Memory Limit
1481,E,No Time Limit,No Memory Limit
1481,D,No Time Limit,No Memory Limit
1481,C,No Time Limit,No Memory Limit
1481,B,No Time Limit,No Memory Limit
1481,A,No Time Limit,No Memory Limit
1480,B,No Time Limit,No Memory Limit
1480,A,No Time Limit,No Memory Limit
1479,E,No Time Limit,No Memory Limit
1479,D,No Time Limit,No Memory Limit
1479,C,No Time Limit,No Memory Limit
1479,B2,No Time Limit,No Memory Limit
1479,B1,No Time Limit,No Memory Limit
1479,A,No Time Limit,No Memory Limit
1478,C,No Time Limit,No Memory Limit
1478,B,No Time Limit,No Memory Limit
1478,A,No Time Limit,No Memory Limit
1477,F,No Time Limit,No Memory Limit
1477,E,No Time Limit,No Memory Limit
1477,D,No Time Limit,No Memory Limit
1477,C,No Time Limit,No Memory Limit
1477,B,No Time Limit,No Memory Limit
1477,A,No Time Limit,No Memory Limit
1476,G,No Time Limit,No Memory Limit
1476,F,No Time Limit,No Memory Limit
1476,E,No Time Limit,No Memory Limit
1476,D,No Time Limit,No Memory Limit
1476,C,No Time Limit,No Memory Limit
1476,B,No Time Limit,No Memory Limit
1476,A,No Time Limit,No Memory Limit
1475,G,No Time Limit,No Memory Limit
1475,F,No Time Limit,No Memory Limit
1475,E,No Time Limit,No Memory Limit
1475,D,No Time Limit,No Memory Limit
1475,C,No Time Limit,No Memory Limit
1475,B,No Time Limit,No Memory Limit
1475,A,No Time Limit,No Memory Limit
1474,F,No Time Limit,No Memory Limit
1474,E,No Time Limit,No Memory Limit
1474,D,No Time Limit,No Memory Limit
1474,C,No Time Limit,No Memory Limit
1474,B,No Time Limit,No Memory Limit
1474,A,No Time Limit,No Memory Limit
1473,G,No Time Limit,No Memory Limit
1473,F,No Time Limit,No Memory Limit
1473,E,No Time Limit,No Memory Limit
1473,D,No Time Limit,No Memory Limit
1473,C,No Time Limit,No Memory Limit
1473,B,No Time Limit,No Memory Limit
1473,A,No Time Limit,No Memory Limit
1472,G,No Time Limit,No Memory Limit
1472,F,No Time Limit,No Memory Limit
1472,E,No Time Limit,No Memory Limit
1472,D,No Time Limit,No Memory Limit
1472,C,No Time Limit,No Memory Limit
1472,B,No Time Limit,No Memory Limit
1472,A,No Time Limit,No Memory Limit
1471,B,No Time Limit,No Memory Limit
1471,A,No Time Limit,No Memory Limit
1470,F,No Time Limit,No Memory Limit
1470,E,No Time Limit,No Memory Limit
1470,D,No Time Limit,No Memory Limit
1470,C,No Time Limit,No Memory Limit
1470,B,No Time Limit,No Memory Limit
1470,A,No Time Limit,No Memory Limit
1469,F,No Time Limit,No Memory Limit
1469,E,No Time Limit,No Memory Limit
1469,D,No Time Limit,No Memory Limit
1469,C,No Time Limit,No Memory Limit
1469,B,No Time Limit,No Memory Limit
1469,A,No Time Limit,No Memory Limit
1468,N,No Time Limit,No Memory Limit
1468,M,No Time Limit,No Memory Limit
1468,L,No Time Limit,No Memory Limit
1468,K,No Time Limit,No Memory Limit
1468,J,No Time Limit,No Memory Limit
1468,I,No Time Limit,No Memory Limit
1468,H,No Time Limit,No Memory Limit
1468,G,No Time Limit,No Memory Limit
1468,F,No Time Limit,No Memory Limit
1468,E,No Time Limit,No Memory Limit
1468,D,No Time Limit,No Memory Limit
1468,C,No Time Limit,No Memory Limit
1468,B,No Time Limit,No Memory Limit
1468,A,No Time Limit,No Memory Limit
1467,E,No Time Limit,No Memory Limit
1467,D,No Time Limit,No Memory Limit
1467,C,No Time Limit,No Memory Limit
1467,B,No Time Limit,No Memory Limit
1467,A,No Time Limit,No Memory Limit
1466,I,No Time Limit,No Memory Limit
1466,H,No Time Limit,No Memory Limit
1466,G,No Time Limit,No Memory Limit
1466,F,No Time Limit,No Memory Limit
1466,E,No Time Limit,No Memory Limit
1466,D,No Time Limit,No Memory Limit
1466,C,No Time Limit,No Memory Limit
1466,B,No Time Limit,No Memory Limit
1466,A,No Time Limit,No Memory Limit
1464,F,No Time Limit,No Memory Limit
1463,F,No Time Limit,No Memory Limit
1463,E,No Time Limit,No Memory Limit
1463,D,No Time Limit,No Memory Limit
1463,C,No Time Limit,No Memory Limit
1463,B,No Time Limit,No Memory Limit
1463,A,No Time Limit,No Memory Limit
1462,F,No Time Limit,No Memory Limit
1462,E2,No Time Limit,No Memory Limit
1462,E1,No Time Limit,No Memory Limit
1462,D,No Time Limit,No Memory Limit
1462,C,No Time Limit,No Memory Limit
1462,B,No Time Limit,No Memory Limit
1462,A,No Time Limit,No Memory Limit
1461,F,No Time Limit,No Memory Limit
1461,E,No Time Limit,No Memory Limit
1461,D,No Time Limit,No Memory Limit
1461,C,No Time Limit,No Memory Limit
1461,B,No Time Limit,No Memory Limit
1461,A,No Time Limit,No Memory Limit
1459,B,No Time Limit,No Memory Limit
1459,A,No Time Limit,No Memory Limit
1458,F,No Time Limit,No Memory Limit
1458,E,No Time Limit,No Memory Limit
1458,D,No Time Limit,No Memory Limit
1458,C,No Time Limit,No Memory Limit
1458,B,No Time Limit,No Memory Limit
1458,A,No Time Limit,No Memory Limit
1456,E,No Time Limit,No Memory Limit
1455,G,No Time Limit,No Memory Limit
1455,F,No Time Limit,No Memory Limit
1455,E,No Time Limit,No Memory Limit
1455,D,No Time Limit,No Memory Limit
1455,C,No Time Limit,No Memory Limit
1455,B,No Time Limit,No Memory Limit
1455,A,No Time Limit,No Memory Limit
1454,F,No Time Limit,No Memory Limit
1454,E,No Time Limit,No Memory Limit
1454,D,No Time Limit,No Memory Limit
1454,C,No Time Limit,No Memory Limit
1454,B,No Time Limit,No Memory Limit
1454,A,No Time Limit,No Memory Limit
1453,F,No Time Limit,No Memory Limit
1453,E,No Time Limit,No Memory Limit
1453,D,No Time Limit,No Memory Limit
1453,C,No Time Limit,No Memory Limit
1453,B,No Time Limit,No Memory Limit
1453,A,No Time Limit,No Memory Limit
1452,G,No Time Limit,No Memory Limit
1452,F,No Time Limit,No Memory Limit
1452,E,No Time Limit,No Memory Limit
1452,D,No Time Limit,No Memory Limit
1452,C,No Time Limit,No Memory Limit
1452,B,No Time Limit,No Memory Limit
1452,A,No Time Limit,No Memory Limit
1451,F,No Time Limit,No Memory Limit
1451,E2,No Time Limit,No Memory Limit
1451,E1,No Time Limit,No Memory Limit
1451,D,No Time Limit,No Memory Limit
1451,C,No Time Limit,No Memory Limit
1451,B,No Time Limit,No Memory Limit
1451,A,No Time Limit,No Memory Limit
1450,H2,No Time Limit,No Memory Limit
1450,H1,No Time Limit,No Memory Limit
1450,G,No Time Limit,No Memory Limit
1450,F,No Time Limit,No Memory Limit
1450,E,No Time Limit,No Memory Limit
1450,D,No Time Limit,No Memory Limit
1450,C2,No Time Limit,No Memory Limit
1450,C1,No Time Limit,No Memory Limit
1450,B,No Time Limit,No Memory Limit
1450,A,No Time Limit,No Memory Limit
1447,B,No Time Limit,No Memory Limit
1447,A,No Time Limit,No Memory Limit
1446,F,No Time Limit,No Memory Limit
1446,E,No Time Limit,No Memory Limit
1446,D2,No Time Limit,No Memory Limit
1446,D1,No Time Limit,No Memory Limit
1446,C,No Time Limit,No Memory Limit
1446,B,No Time Limit,No Memory Limit
1446,A,No Time Limit,No Memory Limit
1445,B,No Time Limit,No Memory Limit
1445,A,No Time Limit,No Memory Limit
1444,E,No Time Limit,No Memory Limit
1444,D,No Time Limit,No Memory Limit
1444,C,No Time Limit,No Memory Limit
1444,B,No Time Limit,No Memory Limit
1444,A,No Time Limit,No Memory Limit
1443,E,No Time Limit,No Memory Limit
1443,C,No Time Limit,No Memory Limit
1443,B,No Time Limit,No Memory Limit
1443,A,No Time Limit,No Memory Limit
1442,F,No Time Limit,No Memory Limit
1442,E,No Time Limit,No Memory Limit
1442,D,No Time Limit,No Memory Limit
1442,C,No Time Limit,No Memory Limit
1442,B,No Time Limit,No Memory Limit
1442,A,No Time Limit,No Memory Limit
1440,B,No Time Limit,No Memory Limit
1440,A,No Time Limit,No Memory Limit
1439,E,No Time Limit,No Memory Limit
1439,D,No Time Limit,No Memory Limit
1439,C,No Time Limit,No Memory Limit
1439,B,No Time Limit,No Memory Limit
1439,A2,No Time Limit,No Memory Limit
1439,A1,No Time Limit,No Memory Limit
1438,F,No Time Limit,No Memory Limit
1438,E,No Time Limit,No Memory Limit
1438,D,No Time Limit,No Memory Limit
1438,C,No Time Limit,No Memory Limit
1438,B,No Time Limit,No Memory Limit
1438,A,No Time Limit,No Memory Limit
1437,G,No Time Limit,No Memory Limit
1437,F,No Time Limit,No Memory Limit
1437,E,No Time Limit,No Memory Limit
1437,D,No Time Limit,No Memory Limit
1437,C,No Time Limit,No Memory Limit
1437,B,No Time Limit,No Memory Limit
1437,A,No Time Limit,No Memory Limit
1436,F,No Time Limit,No Memory Limit
1436,E,No Time Limit,No Memory Limit
1436,D,No Time Limit,No Memory Limit
1436,C,No Time Limit,No Memory Limit
1436,B,No Time Limit,No Memory Limit
1436,A,No Time Limit,No Memory Limit
1434,E,No Time Limit,No Memory Limit
1433,G,No Time Limit,No Memory Limit
1433,F,No Time Limit,No Memory Limit
1433,E,No Time Limit,No Memory Limit
1433,D,No Time Limit,No Memory Limit
1433,C,No Time Limit,No Memory Limit
1433,B,No Time Limit,No Memory Limit
1433,A,No Time Limit,No Memory Limit
1431,J,No Time Limit,No Memory Limit
1431,I,No Time Limit,No Memory Limit
1431,H,No Time Limit,No Memory Limit
1431,G,No Time Limit,No Memory Limit
1431,F,No Time Limit,No Memory Limit
1431,E,No Time Limit,No Memory Limit
1431,D,No Time Limit,No Memory Limit
1431,C,No Time Limit,No Memory Limit
1431,B,No Time Limit,No Memory Limit
1431,A,No Time Limit,No Memory Limit
1430,G,No Time Limit,No Memory Limit
1430,F,No Time Limit,No Memory Limit
1430,E,No Time Limit,No Memory Limit
1430,D,No Time Limit,No Memory Limit
1430,C,No Time Limit,No Memory Limit
1430,B,No Time Limit,No Memory Limit
1430,A,No Time Limit,No Memory Limit
1428,H,No Time Limit,No Memory Limit
1428,G2,No Time Limit,No Memory Limit
1428,G1,No Time Limit,No Memory Limit
1428,F,No Time Limit,No Memory Limit
1428,E,No Time Limit,No Memory Limit
1428,D,No Time Limit,No Memory Limit
1428,C,No Time Limit,No Memory Limit
1428,B,No Time Limit,No Memory Limit
1428,A,No Time Limit,No Memory Limit
1427,H,No Time Limit,No Memory Limit
1427,G,No Time Limit,No Memory Limit
1427,F,No Time Limit,No Memory Limit
1427,E,No Time Limit,No Memory Limit
1427,D,No Time Limit,No Memory Limit
1427,C,No Time Limit,No Memory Limit
1427,B,No Time Limit,No Memory Limit
1427,A,No Time Limit,No Memory Limit
1426,F,No Time Limit,No Memory Limit
1426,E,No Time Limit,No Memory Limit
1426,D,No Time Limit,No Memory Limit
1426,C,No Time Limit,No Memory Limit
1426,B,No Time Limit,No Memory Limit
1426,A,No Time Limit,No Memory Limit
1425,I,No Time Limit,No Memory Limit
1425,H,No Time Limit,No Memory Limit
1425,F,No Time Limit,No Memory Limit
1425,E,No Time Limit,No Memory Limit
1425,D,No Time Limit,No Memory Limit
1425,C,No Time Limit,No Memory Limit
1425,B,No Time Limit,No Memory Limit
1425,A,No Time Limit,No Memory Limit
1424,M,No Time Limit,No Memory Limit
1424,G,No Time Limit,No Memory Limit
1423,N,No Time Limit,No Memory Limit
1423,M,No Time Limit,No Memory Limit
1423,L,No Time Limit,No Memory Limit
1423,K,No Time Limit,No Memory Limit
1423,J,No Time Limit,No Memory Limit
1423,I,No Time Limit,No Memory Limit
1423,H,No Time Limit,No Memory Limit
1423,G,No Time Limit,No Memory Limit
1423,F,No Time Limit,No Memory Limit
1423,E,No Time Limit,No Memory Limit
1423,D,No Time Limit,No Memory Limit
1423,C,No Time Limit,No Memory Limit
1423,B,No Time Limit,No Memory Limit
1423,A,No Time Limit,No Memory Limit
1422,F,No Time Limit,No Memory Limit
1422,E,No Time Limit,No Memory Limit
1422,D,No Time Limit,No Memory Limit
1422,C,No Time Limit,No Memory Limit
1422,B,No Time Limit,No Memory Limit
1422,A,No Time Limit,No Memory Limit
1421,E,No Time Limit,No Memory Limit
1421,D,No Time Limit,No Memory Limit
1421,C,No Time Limit,No Memory Limit
1421,B,No Time Limit,No Memory Limit
1421,A,No Time Limit,No Memory Limit
1420,E,No Time Limit,No Memory Limit
1420,D,No Time Limit,No Memory Limit
1420,C2,No Time Limit,No Memory Limit
1420,C1,No Time Limit,No Memory Limit
1420,B,No Time Limit,No Memory Limit
1420,A,No Time Limit,No Memory Limit
1419,F,No Time Limit,No Memory Limit
1419,E,No Time Limit,No Memory Limit
1419,D2,No Time Limit,No Memory Limit
1419,D1,No Time Limit,No Memory Limit
1419,C,No Time Limit,No Memory Limit
1419,B,No Time Limit,No Memory Limit
1419,A,No Time Limit,No Memory Limit
1418,G,No Time Limit,No Memory Limit
1418,F,No Time Limit,No Memory Limit
1418,E,No Time Limit,No Memory Limit
1418,D,No Time Limit,No Memory Limit
1418,C,No Time Limit,No Memory Limit
1418,B,No Time Limit,No Memory Limit
1418,A,No Time Limit,No Memory Limit
1417,B,No Time Limit,No Memory Limit
1417,A,No Time Limit,No Memory Limit
1416,F,No Time Limit,No Memory Limit
1416,E,No Time Limit,No Memory Limit
1416,D,No Time Limit,No Memory Limit
1416,C,No Time Limit,No Memory Limit
1416,B,No Time Limit,No Memory Limit
1416,A,No Time Limit,No Memory Limit
1415,F,No Time Limit,No Memory Limit
1415,E,No Time Limit,No Memory Limit
1415,D,No Time Limit,No Memory Limit
1415,C,No Time Limit,No Memory Limit
1415,B,No Time Limit,No Memory Limit
1415,A,No Time Limit,No Memory Limit
1413,F,No Time Limit,No Memory Limit
1413,E,No Time Limit,No Memory Limit
1413,D,No Time Limit,No Memory Limit
1413,C,No Time Limit,No Memory Limit
1413,B,No Time Limit,No Memory Limit
1413,A,No Time Limit,No Memory Limit
1411,G,No Time Limit,No Memory Limit
1411,F,No Time Limit,No Memory Limit
1411,E,No Time Limit,No Memory Limit
1411,D,No Time Limit,No Memory Limit
1411,C,No Time Limit,No Memory Limit
1411,B,No Time Limit,No Memory Limit
1411,A,No Time Limit,No Memory Limit
1409,F,No Time Limit,No Memory Limit
1409,E,No Time Limit,No Memory Limit
1409,D,No Time Limit,No Memory Limit
1409,C,No Time Limit,No Memory Limit
1409,B,No Time Limit,No Memory Limit
1409,A,No Time Limit,No Memory Limit
1408,I,No Time Limit,No Memory Limit
1408,H,No Time Limit,No Memory Limit
1408,G,No Time Limit,No Memory Limit
1408,F,No Time Limit,No Memory Limit
1408,E,No Time Limit,No Memory Limit
1408,D,No Time Limit,No Memory Limit
1408,C,No Time Limit,No Memory Limit
1408,B,No Time Limit,No Memory Limit
1408,A,No Time Limit,No Memory Limit
1407,E,No Time Limit,No Memory Limit
1407,D,No Time Limit,No Memory Limit
1407,C,No Time Limit,No Memory Limit
1407,B,No Time Limit,No Memory Limit
1407,A,No Time Limit,No Memory Limit
1406,E,No Time Limit,No Memory Limit
1406,D,No Time Limit,No Memory Limit
1406,C,No Time Limit,No Memory Limit
1406,B,No Time Limit,No Memory Limit
1406,A,No Time Limit,No Memory Limit
1405,B,No Time Limit,No Memory Limit
1405,A,No Time Limit,No Memory Limit
1404,E,No Time Limit,No Memory Limit
1404,D,No Time Limit,No Memory Limit
1404,C,No Time Limit,No Memory Limit
1404,B,No Time Limit,No Memory Limit
1404,A,No Time Limit,No Memory Limit
1403,C,No Time Limit,No Memory Limit
1403,B,No Time Limit,No Memory Limit
1403,A,No Time Limit,No Memory Limit
1402,C,No Time Limit,No Memory Limit
1402,B,No Time Limit,No Memory Limit
1402,A,No Time Limit,No Memory Limit
1401,F,No Time Limit,No Memory Limit
1401,E,No Time Limit,No Memory Limit
1401,D,No Time Limit,No Memory Limit
1401,C,No Time Limit,No Memory Limit
1401,B,No Time Limit,No Memory Limit
1401,A,No Time Limit,No Memory Limit
1400,G,No Time Limit,No Memory Limit
1400,F,No Time Limit,No Memory Limit
1400,E,No Time Limit,No Memory Limit
1400,D,No Time Limit,No Memory Limit
1400,C,No Time Limit,No Memory Limit
1400,B,No Time Limit,No Memory Limit
1400,A,No Time Limit,No Memory Limit
1399,F,No Time Limit,No Memory Limit
1399,E2,No Time Limit,No Memory Limit
1399,E1,No Time Limit,No Memory Limit
1399,D,No Time Limit,No Memory Limit
1399,C,No Time Limit,No Memory Limit
1399,B,No Time Limit,No Memory Limit
1399,A,No Time Limit,No Memory Limit
1398,G,No Time Limit,No Memory Limit
1398,F,No Time Limit,No Memory Limit
1398,E,No Time Limit,No Memory Limit
1398,D,No Time Limit,No Memory Limit
1398,C,No Time Limit,No Memory Limit
1398,B,No Time Limit,No Memory Limit
1398,A,No Time Limit,No Memory Limit
1397,B,No Time Limit,No Memory Limit
1397,A,No Time Limit,No Memory Limit
1396,E,No Time Limit,No Memory Limit
1396,D,No Time Limit,No Memory Limit
1396,C,No Time Limit,No Memory Limit
1396,B,No Time Limit,No Memory Limit
1396,A,No Time Limit,No Memory Limit
1395,C,No Time Limit,No Memory Limit
1395,B,No Time Limit,No Memory Limit
1395,A,No Time Limit,No Memory Limit
1394,E,No Time Limit,No Memory Limit
1394,D,No Time Limit,No Memory Limit
1394,C,No Time Limit,No Memory Limit
1394,B,No Time Limit,No Memory Limit
1394,A,No Time Limit,No Memory Limit
1393,E2,No Time Limit,No Memory Limit
1393,E1,No Time Limit,No Memory Limit
1393,D,No Time Limit,No Memory Limit
1393,C,No Time Limit,No Memory Limit
1393,B,No Time Limit,No Memory Limit
1393,A,No Time Limit,No Memory Limit
1392,I,No Time Limit,No Memory Limit
1392,H,No Time Limit,No Memory Limit
1392,G,No Time Limit,No Memory Limit
1392,F,No Time Limit,No Memory Limit
1392,E,No Time Limit,No Memory Limit
1392,D,No Time Limit,No Memory Limit
1392,C,No Time Limit,No Memory Limit
1392,B,No Time Limit,No Memory Limit
1392,A,No Time Limit,No Memory Limit
1391,E,No Time Limit,No Memory Limit
1391,D,No Time Limit,No Memory Limit
1391,C,No Time Limit,No Memory Limit
1391,B,No Time Limit,No Memory Limit
1391,A,No Time Limit,No Memory Limit
1389,G,No Time Limit,No Memory Limit
1389,F,No Time Limit,No Memory Limit
1389,E,No Time Limit,No Memory Limit
1389,D,No Time Limit,No Memory Limit
1389,C,No Time Limit,No Memory Limit
1389,B,No Time Limit,No Memory Limit
1389,A,No Time Limit,No Memory Limit
1388,E,No Time Limit,No Memory Limit
1388,D,No Time Limit,No Memory Limit
1388,C,No Time Limit,No Memory Limit
1388,B,No Time Limit,No Memory Limit
1388,A,No Time Limit,No Memory Limit
1387,C,No Time Limit,No Memory Limit
1387,B2,No Time Limit,No Memory Limit
1387,B1,No Time Limit,No Memory Limit
1387,A,No Time Limit,No Memory Limit
1386,C,No Time Limit,No Memory Limit
1386,B,No Time Limit,No Memory Limit
1386,A,No Time Limit,No Memory Limit
1385,G,No Time Limit,No Memory Limit
1385,F,No Time Limit,No Memory Limit
1385,E,No Time Limit,No Memory Limit
1385,D,No Time Limit,No Memory Limit
1385,C,No Time Limit,No Memory Limit
1385,B,No Time Limit,No Memory Limit
1385,A,No Time Limit,No Memory Limit
1384,B2,No Time Limit,No Memory Limit
1384,B1,No Time Limit,No Memory Limit
1384,A,No Time Limit,No Memory Limit
1383,F,No Time Limit,No Memory Limit
1383,E,No Time Limit,No Memory Limit
1383,D,No Time Limit,No Memory Limit
1383,C,No Time Limit,No Memory Limit
1383,B,No Time Limit,No Memory Limit
1383,A,No Time Limit,No Memory Limit
1382,B,No Time Limit,No Memory Limit
1382,A,No Time Limit,No Memory Limit
1381,E,No Time Limit,No Memory Limit
1381,D,No Time Limit,No Memory Limit
1381,C,No Time Limit,No Memory Limit
1381,B,No Time Limit,No Memory Limit
1381,A2,No Time Limit,No Memory Limit
1381,A1,No Time Limit,No Memory Limit
1380,G,No Time Limit,No Memory Limit
1380,F,No Time Limit,No Memory Limit
1380,E,No Time Limit,No Memory Limit
1380,D,No Time Limit,No Memory Limit
1380,C,No Time Limit,No Memory Limit
1380,B,No Time Limit,No Memory Limit
1380,A,No Time Limit,No Memory Limit
1379,F2,No Time Limit,No Memory Limit
1379,F1,No Time Limit,No Memory Limit
1379,E,No Time Limit,No Memory Limit
1379,D,No Time Limit,No Memory Limit
1379,C,No Time Limit,No Memory Limit
1379,B,No Time Limit,No Memory Limit
1379,A,No Time Limit,No Memory Limit
1375,I,No Time Limit,No Memory Limit
1375,H,No Time Limit,No Memory Limit
1375,G,No Time Limit,No Memory Limit
1375,F,No Time Limit,No Memory Limit
1375,E,No Time Limit,No Memory Limit
1375,D,No Time Limit,No Memory Limit
1375,C,No Time Limit,No Memory Limit
1375,B,No Time Limit,No Memory Limit
1375,A,No Time Limit,No Memory Limit
1374,F,No Time Limit,No Memory Limit
1374,E2,No Time Limit,No Memory Limit
1374,E1,No Time Limit,No Memory Limit
1374,D,No Time Limit,No Memory Limit
1374,C,No Time Limit,No Memory Limit
1374,B,No Time Limit,No Memory Limit
1374,A,No Time Limit,No Memory Limit
1373,G,No Time Limit,No Memory Limit
1373,F,No Time Limit,No Memory Limit
1373,E,No Time Limit,No Memory Limit
1373,D,No Time Limit,No Memory Limit
1373,C,No Time Limit,No Memory Limit
1373,B,No Time Limit,No Memory Limit
1373,A,No Time Limit,No Memory Limit
1372,F,No Time Limit,No Memory Limit
1372,E,No Time Limit,No Memory Limit
1372,D,No Time Limit,No Memory Limit
1372,C,No Time Limit,No Memory Limit
1372,B,No Time Limit,No Memory Limit
1372,A,No Time Limit,No Memory Limit
1371,F,No Time Limit,No Memory Limit
1371,E2,No Time Limit,No Memory Limit
1371,E1,No Time Limit,No Memory Limit
1371,D,No Time Limit,No Memory Limit
1371,C,No Time Limit,No Memory Limit
1371,B,No Time Limit,No Memory Limit
1371,A,No Time Limit,No Memory Limit
1370,F2,No Time Limit,No Memory Limit
1370,F1,No Time Limit,No Memory Limit
1370,E,No Time Limit,No Memory Limit
1370,D,No Time Limit,No Memory Limit
1370,C,No Time Limit,No Memory Limit
1370,B,No Time Limit,No Memory Limit
1370,A,No Time Limit,No Memory Limit
1369,F,No Time Limit,No Memory Limit
1369,E,No Time Limit,No Memory Limit
1369,D,No Time Limit,No Memory Limit
1369,C,No Time Limit,No Memory Limit
1369,B,No Time Limit,No Memory Limit
1369,A,No Time Limit,No Memory Limit
1368,H2,No Time Limit,No Memory Limit
1368,H1,No Time Limit,No Memory Limit
1368,G,No Time Limit,No Memory Limit
1368,F,No Time Limit,No Memory Limit
1368,E,No Time Limit,No Memory Limit
1368,D,No Time Limit,No Memory Limit
1368,C,No Time Limit,No Memory Limit
1368,B,No Time Limit,No Memory Limit
1368,A,No Time Limit,No Memory Limit
1367,F2,No Time Limit,No Memory Limit
1367,F1,No Time Limit,No Memory Limit
1367,E,No Time Limit,No Memory Limit
1367,D,No Time Limit,No Memory Limit
1367,C,No Time Limit,No Memory Limit
1367,B,No Time Limit,No Memory Limit
1367,A,No Time Limit,No Memory Limit
1366,G,No Time Limit,No Memory Limit
1366,F,No Time Limit,No Memory Limit
1366,E,No Time Limit,No Memory Limit
1366,D,No Time Limit,No Memory Limit
1366,C,No Time Limit,No Memory Limit
1366,B,No Time Limit,No Memory Limit
1366,A,No Time Limit,No Memory Limit
1365,G,No Time Limit,No Memory Limit
1365,F,No Time Limit,No Memory Limit
1365,E,No Time Limit,No Memory Limit
1365,D,No Time Limit,No Memory Limit
1365,C,No Time Limit,No Memory Limit
1365,B,No Time Limit,No Memory Limit
1365,A,No Time Limit,No Memory Limit
1364,E,No Time Limit,No Memory Limit
1364,D,No Time Limit,No Memory Limit
1364,C,No Time Limit,No Memory Limit
1364,B,No Time Limit,No Memory Limit
1364,A,No Time Limit,No Memory Limit
1363,F,No Time Limit,No Memory Limit
1363,E,No Time Limit,No Memory Limit
1363,D,No Time Limit,No Memory Limit
1363,C,No Time Limit,No Memory Limit
1363,B,No Time Limit,No Memory Limit
1363,A,No Time Limit,No Memory Limit
1362,C,No Time Limit,No Memory Limit
1362,B,No Time Limit,No Memory Limit
1362,A,No Time Limit,No Memory Limit
1361,F,No Time Limit,No Memory Limit
1361,E,No Time Limit,No Memory Limit
1361,D,No Time Limit,No Memory Limit
1361,C,No Time Limit,No Memory Limit
1361,B,No Time Limit,No Memory Limit
1361,A,No Time Limit,No Memory Limit
1360,H,No Time Limit,No Memory Limit
1360,G,No Time Limit,No Memory Limit
1360,F,No Time Limit,No Memory Limit
1360,E,No Time Limit,No Memory Limit
1360,D,No Time Limit,No Memory Limit
1360,C,No Time Limit,No Memory Limit
1360,B,No Time Limit,No Memory Limit
1360,A,No Time Limit,No Memory Limit
1359,F,No Time Limit,No Memory Limit
1359,E,No Time Limit,No Memory Limit
1359,D,No Time Limit,No Memory Limit
1359,C,No Time Limit,No Memory Limit
1359,B,No Time Limit,No Memory Limit
1359,A,No Time Limit,No Memory Limit
1358,F,No Time Limit,No Memory Limit
1358,E,No Time Limit,No Memory Limit
1358,D,No Time Limit,No Memory Limit
1358,C,No Time Limit,No Memory Limit
1358,B,No Time Limit,No Memory Limit
1358,A,No Time Limit,No Memory Limit
1357,E2,No Time Limit,No Memory Limit
1357,E1,No Time Limit,No Memory Limit
1357,D5,No Time Limit,No Memory Limit
1357,D4,No Time Limit,No Memory Limit
1357,D3,No Time Limit,No Memory Limit
1357,D2,No Time Limit,No Memory Limit
1357,D1,No Time Limit,No Memory Limit
1357,C2,No Time Limit,No Memory Limit
1357,C1,No Time Limit,No Memory Limit
1357,B2,No Time Limit,No Memory Limit
1357,B1,No Time Limit,No Memory Limit
1357,A7,No Time Limit,No Memory Limit
1357,A6,No Time Limit,No Memory Limit
1357,A5,No Time Limit,No Memory Limit
1357,A4,No Time Limit,No Memory Limit
1357,A3,No Time Limit,No Memory Limit
1357,A2,No Time Limit,No Memory Limit
1357,A1,No Time Limit,No Memory Limit
1356,D2,No Time Limit,No Memory Limit
1356,D1,No Time Limit,No Memory Limit
1356,C,No Time Limit,No Memory Limit
1356,B2,No Time Limit,No Memory Limit
1356,B1,No Time Limit,No Memory Limit
1356,A5,No Time Limit,No Memory Limit
1356,A4,No Time Limit,No Memory Limit
1356,A3,No Time Limit,No Memory Limit
1356,A2,No Time Limit,No Memory Limit
1356,A1,No Time Limit,No Memory Limit
1355,F,No Time Limit,No Memory Limit
1355,E,No Time Limit,No Memory Limit
1355,D,No Time Limit,No Memory Limit
1355,C,No Time Limit,No Memory Limit
1355,B,No Time Limit,No Memory Limit
1355,A,No Time Limit,No Memory Limit
1354,G,No Time Limit,No Memory Limit
1354,F,No Time Limit,No Memory Limit
1354,E,No Time Limit,No Memory Limit
1354,D,No Time Limit,No Memory Limit
1354,C2,No Time Limit,No Memory Limit
1354,C1,No Time Limit,No Memory Limit
1354,B,No Time Limit,No Memory Limit
1354,A,No Time Limit,No Memory Limit
1353,F,No Time Limit,No Memory Limit
1353,E,No Time Limit,No Memory Limit
1353,D,No Time Limit,No Memory Limit
1353,C,No Time Limit,No Memory Limit
1353,B,No Time Limit,No Memory Limit
1353,A,No Time Limit,No Memory Limit
1352,G,No Time Limit,No Memory Limit
1352,F,No Time Limit,No Memory Limit
1352,E,No Time Limit,No Memory Limit
1352,D,No Time Limit,No Memory Limit
1352,C,No Time Limit,No Memory Limit
1352,B,No Time Limit,No Memory Limit
1352,A,No Time Limit,No Memory Limit
1351,C,No Time Limit,No Memory Limit
1351,B,No Time Limit,No Memory Limit
1351,A,No Time Limit,No Memory Limit
1350,B,No Time Limit,No Memory Limit
1350,A,No Time Limit,No Memory Limit
1349,F2,No Time Limit,No Memory Limit
1349,F1,No Time Limit,No Memory Limit
1349,E,No Time Limit,No Memory Limit
1349,D,No Time Limit,No Memory Limit
1349,C,No Time Limit,No Memory Limit
1349,B,No Time Limit,No Memory Limit
1349,A,No Time Limit,No Memory Limit
1348,F,No Time Limit,No Memory Limit
1348,E,No Time Limit,No Memory Limit
1348,D,No Time Limit,No Memory Limit
1348,C,No Time Limit,No Memory Limit
1348,B,No Time Limit,No Memory Limit
1348,A,No Time Limit,No Memory Limit
1346,I,No Time Limit,No Memory Limit
1346,H,No Time Limit,No Memory Limit
1346,G,No Time Limit,No Memory Limit
1346,F,No Time Limit,No Memory Limit
1346,E,No Time Limit,No Memory Limit
1346,D,No Time Limit,No Memory Limit
1346,C,No Time Limit,No Memory Limit
1346,B,No Time Limit,No Memory Limit
1346,A,No Time Limit,No Memory Limit
1345,B,No Time Limit,No Memory Limit
1345,A,No Time Limit,No Memory Limit
1344,F,No Time Limit,No Memory Limit
1344,E,No Time Limit,No Memory Limit
1344,D,No Time Limit,No Memory Limit
1344,C,No Time Limit,No Memory Limit
1344,B,No Time Limit,No Memory Limit
1344,A,No Time Limit,No Memory Limit
1343,F,No Time Limit,No Memory Limit
1343,E,No Time Limit,No Memory Limit
1343,D,No Time Limit,No Memory Limit
1343,C,No Time Limit,No Memory Limit
1343,B,No Time Limit,No Memory Limit
1343,A,No Time Limit,No Memory Limit
1342,F,No Time Limit,No Memory Limit
1342,E,No Time Limit,No Memory Limit
1342,D,No Time Limit,No Memory Limit
1342,C,No Time Limit,No Memory Limit
1342,B,No Time Limit,No Memory Limit
1342,A,No Time Limit,No Memory Limit
1341,B,No Time Limit,No Memory Limit
1341,A,No Time Limit,No Memory Limit
1340,F,No Time Limit,No Memory Limit
1340,E,No Time Limit,No Memory Limit
1340,D,No Time Limit,No Memory Limit
1340,C,No Time Limit,No Memory Limit
1340,B,No Time Limit,No Memory Limit
1340,A,No Time Limit,No Memory Limit
1339,B,No Time Limit,No Memory Limit
1339,A,No Time Limit,No Memory Limit
1338,E,No Time Limit,No Memory Limit
1338,D,No Time Limit,No Memory Limit
1338,C,No Time Limit,No Memory Limit
1338,B,No Time Limit,No Memory Limit
1338,A,No Time Limit,No Memory Limit
1337,B,No Time Limit,No Memory Limit
1337,A,No Time Limit,No Memory Limit
1336,F,No Time Limit,No Memory Limit
1336,E2,No Time Limit,No Memory Limit
1336,E1,No Time Limit,No Memory Limit
1336,D,No Time Limit,No Memory Limit
1336,C,No Time Limit,No Memory Limit
1336,B,No Time Limit,No Memory Limit
1336,A,No Time Limit,No Memory Limit
1335,F,No Time Limit,No Memory Limit
1335,E2,No Time Limit,No Memory Limit
1335,E1,No Time Limit,No Memory Limit
1335,D,No Time Limit,No Memory Limit
1335,C,No Time Limit,No Memory Limit
1335,B,No Time Limit,No Memory Limit
1335,A,No Time Limit,No Memory Limit
1334,G,No Time Limit,No Memory Limit
1334,F,No Time Limit,No Memory Limit
1334,E,No Time Limit,No Memory Limit
1334,D,No Time Limit,No Memory Limit
1334,C,No Time Limit,No Memory Limit
1334,B,No Time Limit,No Memory Limit
1334,A,No Time Limit,No Memory Limit
1333,F,No Time Limit,No Memory Limit
1333,E,No Time Limit,No Memory Limit
1333,D,No Time Limit,No Memory Limit
1333,C,No Time Limit,No Memory Limit
1333,B,No Time Limit,No Memory Limit
1333,A,No Time Limit,No Memory Limit
1332,G,No Time Limit,No Memory Limit
1332,F,No Time Limit,No Memory Limit
1332,E,No Time Limit,No Memory Limit
1332,D,No Time Limit,No Memory Limit
1332,C,No Time Limit,No Memory Limit
1332,B,No Time Limit,No Memory Limit
1332,A,No Time Limit,No Memory Limit
1331,H,No Time Limit,No Memory Limit
1331,G,No Time Limit,No Memory Limit
1331,F,No Time Limit,No Memory Limit
1331,E,No Time Limit,No Memory Limit
1331,D,No Time Limit,No Memory Limit
1331,C,No Time Limit,No Memory Limit
1331,B,No Time Limit,No Memory Limit
1331,A,No Time Limit,No Memory Limit
1330,B,No Time Limit,No Memory Limit
1330,A,No Time Limit,No Memory Limit
1329,E,No Time Limit,No Memory Limit
1329,D,No Time Limit,No Memory Limit
1329,C,No Time Limit,No Memory Limit
1329,B,No Time Limit,No Memory Limit
1329,A,No Time Limit,No Memory Limit
1328,F,No Time Limit,No Memory Limit
1328,E,No Time Limit,No Memory Limit
1328,D,No Time Limit,No Memory Limit
1328,C,No Time Limit,No Memory Limit
1328,B,No Time Limit,No Memory Limit
1328,A,No Time Limit,No Memory Limit
1327,G,No Time Limit,No Memory Limit
1327,F,No Time Limit,No Memory Limit
1327,E,No Time Limit,No Memory Limit
1327,D,No Time Limit,No Memory Limit
1327,C,No Time Limit,No Memory Limit
1327,B,No Time Limit,No Memory Limit
1327,A,No Time Limit,No Memory Limit
1326,G,No Time Limit,No Memory Limit
1326,F2,No Time Limit,No Memory Limit
1326,F1,No Time Limit,No Memory Limit
1326,E,No Time Limit,No Memory Limit
1326,D2,No Time Limit,No Memory Limit
1326,D1,No Time Limit,No Memory Limit
1326,C,No Time Limit,No Memory Limit
1326,B,No Time Limit,No Memory Limit
1326,A,No Time Limit,No Memory Limit
1325,F,No Time Limit,No Memory Limit
1325,E,No Time Limit,No Memory Limit
1325,D,No Time Limit,No Memory Limit
1325,C,No Time Limit,No Memory Limit
1325,B,No Time Limit,No Memory Limit
1325,A,No Time Limit,No Memory Limit
1324,F,No Time Limit,No Memory Limit
1324,E,No Time Limit,No Memory Limit
1324,D,No Time Limit,No Memory Limit
1324,C,No Time Limit,No Memory Limit
1324,B,No Time Limit,No Memory Limit
1324,A,No Time Limit,No Memory Limit
1323,B,No Time Limit,No Memory Limit
1323,A,No Time Limit,No Memory Limit
1322,F,No Time Limit,No Memory Limit
1322,E,No Time Limit,No Memory Limit
1322,D,No Time Limit,No Memory Limit
1322,C,No Time Limit,No Memory Limit
1322,B,No Time Limit,No Memory Limit
1322,A,No Time Limit,No Memory Limit
1321,C,No Time Limit,No Memory Limit
1321,A,No Time Limit,No Memory Limit
1320,F,No Time Limit,No Memory Limit
1320,E,No Time Limit,No Memory Limit
1320,D,No Time Limit,No Memory Limit
1320,C,No Time Limit,No Memory Limit
1320,B,No Time Limit,No Memory Limit
1320,A,No Time Limit,No Memory Limit
1316,F,No Time Limit,No Memory Limit
1316,E,No Time Limit,No Memory Limit
1316,D,No Time Limit,No Memory Limit
1316,C,No Time Limit,No Memory Limit
1316,B,No Time Limit,No Memory Limit
1316,A,No Time Limit,No Memory Limit
1315,C,No Time Limit,No Memory Limit
1315,B,No Time Limit,No Memory Limit
1315,A,No Time Limit,No Memory Limit
1313,E,No Time Limit,No Memory Limit
1313,D,No Time Limit,No Memory Limit
1313,C2,No Time Limit,No Memory Limit
1313,C1,No Time Limit,No Memory Limit
1313,B,No Time Limit,No Memory Limit
1313,A,No Time Limit,No Memory Limit
1312,G,No Time Limit,No Memory Limit
1312,F,No Time Limit,No Memory Limit
1312,E,No Time Limit,No Memory Limit
1312,D,No Time Limit,No Memory Limit
1312,C,No Time Limit,No Memory Limit
1312,B,No Time Limit,No Memory Limit
1312,A,No Time Limit,No Memory Limit
1311,F,No Time Limit,No Memory Limit
1311,E,No Time Limit,No Memory Limit
1311,D,No Time Limit,No Memory Limit
1311,C,No Time Limit,No Memory Limit
1311,B,No Time Limit,No Memory Limit
1311,A,No Time Limit,No Memory Limit
1310,F,No Time Limit,No Memory Limit
1310,E,No Time Limit,No Memory Limit
1310,D,No Time Limit,No Memory Limit
1310,C,No Time Limit,No Memory Limit
1310,B,No Time Limit,No Memory Limit
1310,A,No Time Limit,No Memory Limit
1307,G,No Time Limit,No Memory Limit
1307,F,No Time Limit,No Memory Limit
1307,E,No Time Limit,No Memory Limit
1307,D,No Time Limit,No Memory Limit
1307,C,No Time Limit,No Memory Limit
1307,B,No Time Limit,No Memory Limit
1307,A,No Time Limit,No Memory Limit
1305,H,No Time Limit,No Memory Limit
1305,G,No Time Limit,No Memory Limit
1305,F,No Time Limit,No Memory Limit
1305,E,No Time Limit,No Memory Limit
1305,D,No Time Limit,No Memory Limit
1305,C,No Time Limit,No Memory Limit
1305,B,No Time Limit,No Memory Limit
1305,A,No Time Limit,No Memory Limit
1304,F2,No Time Limit,No Memory Limit
1304,F1,No Time Limit,No Memory Limit
1304,E,No Time Limit,No Memory Limit
1304,D,No Time Limit,No Memory Limit
1304,C,No Time Limit,No Memory Limit
1304,B,No Time Limit,No Memory Limit
1304,A,No Time Limit,No Memory Limit
1303,G,No Time Limit,No Memory Limit
1303,F,No Time Limit,No Memory Limit
1303,E,No Time Limit,No Memory Limit
1303,D,No Time Limit,No Memory Limit
1303,C,No Time Limit,No Memory Limit
1303,B,No Time Limit,No Memory Limit
1303,A,No Time Limit,No Memory Limit
1302,J,No Time Limit,No Memory Limit
1302,I,No Time Limit,No Memory Limit
1302,H,No Time Limit,No Memory Limit
1302,G,No Time Limit,No Memory Limit
1302,F,No Time Limit,No Memory Limit
1302,E,No Time Limit,No Memory Limit
1302,D,No Time Limit,No Memory Limit
1302,C,No Time Limit,No Memory Limit
1302,B,No Time Limit,No Memory Limit
1302,A,No Time Limit,No Memory Limit
1301,F,No Time Limit,No Memory Limit
1301,E,No Time Limit,No Memory Limit
1301,D,No Time Limit,No Memory Limit
1301,C,No Time Limit,No Memory Limit
1301,B,No Time Limit,No Memory Limit
1301,A,No Time Limit,No Memory Limit
1300,B,No Time Limit,No Memory Limit
1300,A,No Time Limit,No Memory Limit
1299,E,No Time Limit,No Memory Limit
1299,D,No Time Limit,No Memory Limit
1299,C,No Time Limit,No Memory Limit
1299,B,No Time Limit,No Memory Limit
1299,A,No Time Limit,No Memory Limit
1297,I,No Time Limit,No Memory Limit
1297,H,No Time Limit,No Memory Limit
1297,G,No Time Limit,No Memory Limit
1297,F,No Time Limit,No Memory Limit
1297,E,No Time Limit,No Memory Limit
1297,D,No Time Limit,No Memory Limit
1297,C,No Time Limit,No Memory Limit
1297,B,No Time Limit,No Memory Limit
1297,A,No Time Limit,No Memory Limit
1296,F,No Time Limit,No Memory Limit
1296,E2,No Time Limit,No Memory Limit
1296,E1,No Time Limit,No Memory Limit
1296,D,No Time Limit,No Memory Limit
1296,C,No Time Limit,No Memory Limit
1296,B,No Time Limit,No Memory Limit
1296,A,No Time Limit,No Memory Limit
1295,F,No Time Limit,No Memory Limit
1295,E,No Time Limit,No Memory Limit
1295,D,No Time Limit,No Memory Limit
1295,C,No Time Limit,No Memory Limit
1295,B,No Time Limit,No Memory Limit
1295,A,No Time Limit,No Memory Limit
1294,F,No Time Limit,No Memory Limit
1294,E,No Time Limit,No Memory Limit
1294,D,No Time Limit,No Memory Limit
1294,C,No Time Limit,No Memory Limit
1294,B,No Time Limit,No Memory Limit
1294,A,No Time Limit,No Memory Limit
1293,B,No Time Limit,No Memory Limit
1293,A,No Time Limit,No Memory Limit
1292,F,No Time Limit,No Memory Limit
1292,E,No Time Limit,No Memory Limit
1292,D,No Time Limit,No Memory Limit
1292,C,No Time Limit,No Memory Limit
1292,B,No Time Limit,No Memory Limit
1292,A,No Time Limit,No Memory Limit
1291,F,No Time Limit,No Memory Limit
1291,B,No Time Limit,No Memory Limit
1291,A,No Time Limit,No Memory Limit
1290,F,No Time Limit,No Memory Limit
1290,E,No Time Limit,No Memory Limit
1290,D,No Time Limit,No Memory Limit
1290,C,No Time Limit,No Memory Limit
1290,B,No Time Limit,No Memory Limit
1290,A,No Time Limit,No Memory Limit
1288,F,No Time Limit,No Memory Limit
1288,E,No Time Limit,No Memory Limit
1288,D,No Time Limit,No Memory Limit
1288,C,No Time Limit,No Memory Limit
1288,B,No Time Limit,No Memory Limit
1288,A,No Time Limit,No Memory Limit
1287,B,No Time Limit,No Memory Limit
1287,A,No Time Limit,No Memory Limit
1286,F,No Time Limit,No Memory Limit
1286,E,No Time Limit,No Memory Limit
1286,D,No Time Limit,No Memory Limit
1286,C2,No Time Limit,No Memory Limit
1286,C1,No Time Limit,No Memory Limit
1286,B,No Time Limit,No Memory Limit
1286,A,No Time Limit,No Memory Limit
1285,F,No Time Limit,No Memory Limit
1285,E,No Time Limit,No Memory Limit
1285,D,No Time Limit,No Memory Limit
1285,C,No Time Limit,No Memory Limit
1285,B,No Time Limit,No Memory Limit
1285,A,No Time Limit,No Memory Limit
1284,G,No Time Limit,No Memory Limit
1284,F,No Time Limit,No Memory Limit
1284,E,No Time Limit,No Memory Limit
1284,D,No Time Limit,No Memory Limit
1284,C,No Time Limit,No Memory Limit
1284,B,No Time Limit,No Memory Limit
1284,A,No Time Limit,No Memory Limit
1283,F,No Time Limit,No Memory Limit
1283,E,No Time Limit,No Memory Limit
1283,D,No Time Limit,No Memory Limit
1283,C,No Time Limit,No Memory Limit
1283,B,No Time Limit,No Memory Limit
1283,A,No Time Limit,No Memory Limit
1282,E,No Time Limit,No Memory Limit
1282,D,No Time Limit,No Memory Limit
1282,C,No Time Limit,No Memory Limit
1282,B2,No Time Limit,No Memory Limit
1282,B1,No Time Limit,No Memory Limit
1282,A,No Time Limit,No Memory Limit
1281,B,No Time Limit,No Memory Limit
1281,A,No Time Limit,No Memory Limit
1280,F,No Time Limit,No Memory Limit
1280,E,No Time Limit,No Memory Limit
1280,D,No Time Limit,No Memory Limit
1280,C,No Time Limit,No Memory Limit
1280,B,No Time Limit,No Memory Limit
1280,A,No Time Limit,No Memory Limit
1279,F,No Time Limit,No Memory Limit
1279,E,No Time Limit,No Memory Limit
1279,D,No Time Limit,No Memory Limit
1279,C,No Time Limit,No Memory Limit
1279,B,No Time Limit,No Memory Limit
1279,A,No Time Limit,No Memory Limit
1278,F,No Time Limit,No Memory Limit
1278,E,No Time Limit,No Memory Limit
1278,D,No Time Limit,No Memory Limit
1278,C,No Time Limit,No Memory Limit
1278,B,No Time Limit,No Memory Limit
1278,A,No Time Limit,No Memory Limit
1277,D,No Time Limit,No Memory Limit
1277,B,No Time Limit,No Memory Limit
1277,A,No Time Limit,No Memory Limit
1276,F,No Time Limit,No Memory Limit
1276,E,No Time Limit,No Memory Limit
1276,D,No Time Limit,No Memory Limit
1276,C,No Time Limit,No Memory Limit
1276,B,No Time Limit,No Memory Limit
1276,A,No Time Limit,No Memory Limit
1275,F,No Time Limit,No Memory Limit
1275,E3,No Time Limit,No Memory Limit
1275,E2,No Time Limit,No Memory Limit
1275,E1,No Time Limit,No Memory Limit
1275,D,No Time Limit,No Memory Limit
1275,C,No Time Limit,No Memory Limit
1275,B,No Time Limit,No Memory Limit
1275,A,No Time Limit,No Memory Limit
1272,F,No Time Limit,No Memory Limit
1272,E,No Time Limit,No Memory Limit
1272,D,No Time Limit,No Memory Limit
1272,C,No Time Limit,No Memory Limit
1272,B,No Time Limit,No Memory Limit
1272,A,No Time Limit,No Memory Limit
1271,F,No Time Limit,No Memory Limit
1271,E,No Time Limit,No Memory Limit
1271,D,No Time Limit,No Memory Limit
1271,C,No Time Limit,No Memory Limit
1271,B,No Time Limit,No Memory Limit
1271,A,No Time Limit,No Memory Limit
1270,I,No Time Limit,No Memory Limit
1270,H,No Time Limit,No Memory Limit
1270,G,No Time Limit,No Memory Limit
1270,F,No Time Limit,No Memory Limit
1270,E,No Time Limit,No Memory Limit
1270,D,No Time Limit,No Memory Limit
1270,C,No Time Limit,No Memory Limit
1270,B,No Time Limit,No Memory Limit
1270,A,No Time Limit,No Memory Limit
1269,B,No Time Limit,No Memory Limit
1269,A,No Time Limit,No Memory Limit
1268,E,No Time Limit,No Memory Limit
1268,D,No Time Limit,No Memory Limit
1268,C,No Time Limit,No Memory Limit
1268,B,No Time Limit,No Memory Limit
1268,A,No Time Limit,No Memory Limit
1267,L,No Time Limit,No Memory Limit
1267,K,No Time Limit,No Memory Limit
1267,J,No Time Limit,No Memory Limit
1267,I,No Time Limit,No Memory Limit
1267,H,No Time Limit,No Memory Limit
1267,G,No Time Limit,No Memory Limit
1267,F,No Time Limit,No Memory Limit
1267,E,No Time Limit,No Memory Limit
1267,D,No Time Limit,No Memory Limit
1267,C,No Time Limit,No Memory Limit
1267,B,No Time Limit,No Memory Limit
1267,A,No Time Limit,No Memory Limit
1266,H,No Time Limit,No Memory Limit
1266,G,No Time Limit,No Memory Limit
1266,F,No Time Limit,No Memory Limit
1266,E,No Time Limit,No Memory Limit
1266,D,No Time Limit,No Memory Limit
1266,C,No Time Limit,No Memory Limit
1266,B,No Time Limit,No Memory Limit
1266,A,No Time Limit,No Memory Limit
1265,E,No Time Limit,No Memory Limit
1265,B,No Time Limit,No Memory Limit
1265,A,No Time Limit,No Memory Limit
1264,F,No Time Limit,No Memory Limit
1264,E,No Time Limit,No Memory Limit
1264,D2,No Time Limit,No Memory Limit
1264,D1,No Time Limit,No Memory Limit
1264,C,No Time Limit,No Memory Limit
1264,B,No Time Limit,No Memory Limit
1264,A,No Time Limit,No Memory Limit
1263,F,No Time Limit,No Memory Limit
1263,E,No Time Limit,No Memory Limit
1263,D,No Time Limit,No Memory Limit
1263,C,No Time Limit,No Memory Limit
1263,B,No Time Limit,No Memory Limit
1263,A,No Time Limit,No Memory Limit
1261,F,No Time Limit,No Memory Limit
1260,F,No Time Limit,No Memory Limit
1260,E,No Time Limit,No Memory Limit
1260,D,No Time Limit,No Memory Limit
1260,C,No Time Limit,No Memory Limit
1260,B,No Time Limit,No Memory Limit
1260,A,No Time Limit,No Memory Limit
1257,G,No Time Limit,No Memory Limit
1257,F,No Time Limit,No Memory Limit
1257,E,No Time Limit,No Memory Limit
1257,D,No Time Limit,No Memory Limit
1257,C,No Time Limit,No Memory Limit
1257,B,No Time Limit,No Memory Limit
1257,A,No Time Limit,No Memory Limit
1256,F,No Time Limit,No Memory Limit
1256,E,No Time Limit,No Memory Limit
1256,D,No Time Limit,No Memory Limit
1256,C,No Time Limit,No Memory Limit
1256,B,No Time Limit,No Memory Limit
1256,A,No Time Limit,No Memory Limit
1255,C,No Time Limit,No Memory Limit
1255,B,No Time Limit,No Memory Limit
1255,A,No Time Limit,No Memory Limit
1254,E,No Time Limit,No Memory Limit
1254,D,No Time Limit,No Memory Limit
1254,C,No Time Limit,No Memory Limit
1254,B2,No Time Limit,No Memory Limit
1254,B1,No Time Limit,No Memory Limit
1254,A,No Time Limit,No Memory Limit
1253,F,No Time Limit,No Memory Limit
1253,E,No Time Limit,No Memory Limit
1253,D,No Time Limit,No Memory Limit
1253,C,No Time Limit,No Memory Limit
1253,B,No Time Limit,No Memory Limit
1253,A,No Time Limit,No Memory Limit
1252,L,No Time Limit,No Memory Limit
1252,K,No Time Limit,No Memory Limit
1252,J,No Time Limit,No Memory Limit
1252,I,No Time Limit,No Memory Limit
1252,H,No Time Limit,No Memory Limit
1252,G,No Time Limit,No Memory Limit
1252,F,No Time Limit,No Memory Limit
1252,E,No Time Limit,No Memory Limit
1252,D,No Time Limit,No Memory Limit
1252,C,No Time Limit,No Memory Limit
1252,B,No Time Limit,No Memory Limit
1252,A,No Time Limit,No Memory Limit
1251,F,No Time Limit,No Memory Limit
1251,E2,No Time Limit,No Memory Limit
1251,E1,No Time Limit,No Memory Limit
1251,D,No Time Limit,No Memory Limit
1251,C,No Time Limit,No Memory Limit
1251,B,No Time Limit,No Memory Limit
1251,A,No Time Limit,No Memory Limit
1250,N,No Time Limit,No Memory Limit
1250,M,No Time Limit,No Memory Limit
1250,L,No Time Limit,No Memory Limit
1250,K,No Time Limit,No Memory Limit
1250,J,No Time Limit,No Memory Limit
1250,I,No Time Limit,No Memory Limit
1250,H,No Time Limit,No Memory Limit
1250,G,No Time Limit,No Memory Limit
1250,F,No Time Limit,No Memory Limit
1250,E,No Time Limit,No Memory Limit
1250,D,No Time Limit,No Memory Limit
1250,C,No Time Limit,No Memory Limit
1250,B,No Time Limit,No Memory Limit
1250,A,No Time Limit,No Memory Limit
1249,F,No Time Limit,No Memory Limit
1249,E,No Time Limit,No Memory Limit
1249,D2,No Time Limit,No Memory Limit
1249,D1,No Time Limit,No Memory Limit
1249,C2,No Time Limit,No Memory Limit
1249,C1,No Time Limit,No Memory Limit
1249,B2,No Time Limit,No Memory Limit
1249,B1,No Time Limit,No Memory Limit
1249,A,No Time Limit,No Memory Limit
1248,D1,No Time Limit,No Memory Limit
1248,B,No Time Limit,No Memory Limit
1248,A,No Time Limit,No Memory Limit
1246,F,No Time Limit,No Memory Limit
1245,F,No Time Limit,No Memory Limit
1245,E,No Time Limit,No Memory Limit
1245,D,No Time Limit,No Memory Limit
1245,C,No Time Limit,No Memory Limit
1245,B,No Time Limit,No Memory Limit
1245,A,No Time Limit,No Memory Limit
1244,G,No Time Limit,No Memory Limit
1244,F,No Time Limit,No Memory Limit
1244,E,No Time Limit,No Memory Limit
1244,D,No Time Limit,No Memory Limit
1244,C,No Time Limit,No Memory Limit
1244,B,No Time Limit,No Memory Limit
1244,A,No Time Limit,No Memory Limit
1243,B2,No Time Limit,No Memory Limit
1243,B1,No Time Limit,No Memory Limit
1243,A,No Time Limit,No Memory Limit
1242,E,No Time Limit,No Memory Limit
1242,D,No Time Limit,No Memory Limit
1242,C,No Time Limit,No Memory Limit
1242,B,No Time Limit,No Memory Limit
1242,A,No Time Limit,No Memory Limit
1240,F,No Time Limit,No Memory Limit
1239,F,No Time Limit,No Memory Limit
1239,E,No Time Limit,No Memory Limit
1239,D,No Time Limit,No Memory Limit
1239,C,No Time Limit,No Memory Limit
1239,B,No Time Limit,No Memory Limit
1239,A,No Time Limit,No Memory Limit
1238,G,No Time Limit,No Memory Limit
1238,F,No Time Limit,No Memory Limit
1238,E,No Time Limit,No Memory Limit
1238,D,No Time Limit,No Memory Limit
1238,C,No Time Limit,No Memory Limit
1238,B,No Time Limit,No Memory Limit
1238,A,No Time Limit,No Memory Limit
1237,H,No Time Limit,No Memory Limit
1237,G,No Time Limit,No Memory Limit
1237,F,No Time Limit,No Memory Limit
1237,E,No Time Limit,No Memory Limit
1237,D,No Time Limit,No Memory Limit
1237,C2,No Time Limit,No Memory Limit
1237,C1,No Time Limit,No Memory Limit
1237,B,No Time Limit,No Memory Limit
1237,A,No Time Limit,No Memory Limit
1236,F,No Time Limit,No Memory Limit
1236,E,No Time Limit,No Memory Limit
1236,D,No Time Limit,No Memory Limit
1236,C,No Time Limit,No Memory Limit
1236,B,No Time Limit,No Memory Limit
1236,A,No Time Limit,No Memory Limit
1234,F,No Time Limit,No Memory Limit
1234,E,No Time Limit,No Memory Limit
1234,D,No Time Limit,No Memory Limit
1234,C,No Time Limit,No Memory Limit
1234,B2,No Time Limit,No Memory Limit
1234,B1,No Time Limit,No Memory Limit
1234,A,No Time Limit,No Memory Limit
1231,E,No Time Limit,No Memory Limit
1231,C,No Time Limit,No Memory Limit
1230,B,No Time Limit,No Memory Limit
1230,A,No Time Limit,No Memory Limit
1228,F,No Time Limit,No Memory Limit
1228,E,No Time Limit,No Memory Limit
1228,D,No Time Limit,No Memory Limit
1228,C,No Time Limit,No Memory Limit
1228,B,No Time Limit,No Memory Limit
1228,A,No Time Limit,No Memory Limit
1227,G,No Time Limit,No Memory Limit
1227,F2,No Time Limit,No Memory Limit
1227,F1,No Time Limit,No Memory Limit
1227,E,No Time Limit,No Memory Limit
1227,D2,No Time Limit,No Memory Limit
1227,D1,No Time Limit,No Memory Limit
1227,C,No Time Limit,No Memory Limit
1227,B,No Time Limit,No Memory Limit
1227,A,No Time Limit,No Memory Limit
1225,G,No Time Limit,No Memory Limit
1225,F,No Time Limit,No Memory Limit
1225,E,No Time Limit,No Memory Limit
1225,D,No Time Limit,No Memory Limit
1225,C,No Time Limit,No Memory Limit
1225,B2,No Time Limit,No Memory Limit
1225,B1,No Time Limit,No Memory Limit
1225,A,No Time Limit,No Memory Limit
1223,G,No Time Limit,No Memory Limit
1223,F,No Time Limit,No Memory Limit
1223,E,No Time Limit,No Memory Limit
1223,D,No Time Limit,No Memory Limit
1223,C,No Time Limit,No Memory Limit
1223,B,No Time Limit,No Memory Limit
1223,A,No Time Limit,No Memory Limit
1221,G,No Time Limit,No Memory Limit
1221,F,No Time Limit,No Memory Limit
1221,E,No Time Limit,No Memory Limit
1221,D,No Time Limit,No Memory Limit
1221,C,No Time Limit,No Memory Limit
1221,B,No Time Limit,No Memory Limit
1221,A,No Time Limit,No Memory Limit
1220,G,No Time Limit,No Memory Limit
1220,F,No Time Limit,No Memory Limit
1220,E,No Time Limit,No Memory Limit
1220,D,No Time Limit,No Memory Limit
1220,C,No Time Limit,No Memory Limit
1220,B,No Time Limit,No Memory Limit
1220,A,No Time Limit,No Memory Limit
1219,G,No Time Limit,No Memory Limit
1219,C,No Time Limit,No Memory Limit
1218,I,No Time Limit,No Memory Limit
1218,H,No Time Limit,No Memory Limit
1218,G,No Time Limit,No Memory Limit
1218,F,No Time Limit,No Memory Limit
1218,E,No Time Limit,No Memory Limit
1218,D,No Time Limit,No Memory Limit
1218,C,No Time Limit,No Memory Limit
1218,B,No Time Limit,No Memory Limit
1218,A,No Time Limit,No Memory Limit
1217,F,No Time Limit,No Memory Limit
1217,E,No Time Limit,No Memory Limit
1217,D,No Time Limit,No Memory Limit
1217,C,No Time Limit,No Memory Limit
1217,B,No Time Limit,No Memory Limit
1217,A,No Time Limit,No Memory Limit
1216,F,No Time Limit,No Memory Limit
1216,E2,No Time Limit,No Memory Limit
1216,E1,No Time Limit,No Memory Limit
1216,D,No Time Limit,No Memory Limit
1216,C,No Time Limit,No Memory Limit
1216,B,No Time Limit,No Memory Limit
1216,A,No Time Limit,No Memory Limit
1215,F,No Time Limit,No Memory Limit
1215,E,No Time Limit,No Memory Limit
1215,D,No Time Limit,No Memory Limit
1215,C,No Time Limit,No Memory Limit
1215,B,No Time Limit,No Memory Limit
1215,A,No Time Limit,No Memory Limit
1214,H,No Time Limit,No Memory Limit
1214,G,No Time Limit,No Memory Limit
1214,F,No Time Limit,No Memory Limit
1214,E,No Time Limit,No Memory Limit
1214,D,No Time Limit,No Memory Limit
1214,C,No Time Limit,No Memory Limit
1214,B,No Time Limit,No Memory Limit
1214,A,No Time Limit,No Memory Limit
1213,G,No Time Limit,No Memory Limit
1213,F,No Time Limit,No Memory Limit
1213,E,No Time Limit,No Memory Limit
1213,D2,No Time Limit,No Memory Limit
1213,D1,No Time Limit,No Memory Limit
1213,C,No Time Limit,No Memory Limit
1213,B,No Time Limit,No Memory Limit
1213,A,No Time Limit,No Memory Limit
1211,I,No Time Limit,No Memory Limit
1211,H,No Time Limit,No Memory Limit
1211,G,No Time Limit,No Memory Limit
1211,F,No Time Limit,No Memory Limit
1211,E,No Time Limit,No Memory Limit
1211,D,No Time Limit,No Memory Limit
1211,C,No Time Limit,No Memory Limit
1211,B,No Time Limit,No Memory Limit
1211,A,No Time Limit,No Memory Limit
1210,G,No Time Limit,No Memory Limit
1210,F2,No Time Limit,No Memory Limit
1210,F1,No Time Limit,No Memory Limit
1210,E,No Time Limit,No Memory Limit
1210,D,No Time Limit,No Memory Limit
1210,C,No Time Limit,No Memory Limit
1210,B,No Time Limit,No Memory Limit
1210,A,No Time Limit,No Memory Limit
1209,H,No Time Limit,No Memory Limit
1209,G2,No Time Limit,No Memory Limit
1209,G1,No Time Limit,No Memory Limit
1209,F,No Time Limit,No Memory Limit
1209,E2,No Time Limit,No Memory Limit
1209,E1,No Time Limit,No Memory Limit
1209,D,No Time Limit,No Memory Limit
1209,C,No Time Limit,No Memory Limit
1209,B,No Time Limit,No Memory Limit
1209,A,No Time Limit,No Memory Limit
1208,H,No Time Limit,No Memory Limit
1208,G,No Time Limit,No Memory Limit
1208,F,No Time Limit,No Memory Limit
1208,E,No Time Limit,No Memory Limit
1208,D,No Time Limit,No Memory Limit
1208,C,No Time Limit,No Memory Limit
1208,B,No Time Limit,No Memory Limit
1208,A,No Time Limit,No Memory Limit
1207,G,No Time Limit,No Memory Limit
1207,F,No Time Limit,No Memory Limit
1207,E,No Time Limit,No Memory Limit
1207,D,No Time Limit,No Memory Limit
1207,C,No Time Limit,No Memory Limit
1207,B,No Time Limit,No Memory Limit
1207,A,No Time Limit,No Memory Limit
1206,B,No Time Limit,No Memory Limit
1206,A,No Time Limit,No Memory Limit
1205,F,No Time Limit,No Memory Limit
1205,E,No Time Limit,No Memory Limit
1205,D,No Time Limit,No Memory Limit
1205,C,No Time Limit,No Memory Limit
1205,B,No Time Limit,No Memory Limit
1205,A,No Time Limit,No Memory Limit
1204,E,No Time Limit,No Memory Limit
1204,D2,No Time Limit,No Memory Limit
1204,D1,No Time Limit,No Memory Limit
1204,C,No Time Limit,No Memory Limit
1204,B,No Time Limit,No Memory Limit
1204,A,No Time Limit,No Memory Limit
1203,F2,No Time Limit,No Memory Limit
1203,F1,No Time Limit,No Memory Limit
1203,E,No Time Limit,No Memory Limit
1203,D2,No Time Limit,No Memory Limit
1203,D1,No Time Limit,No Memory Limit
1203,C,No Time Limit,No Memory Limit
1203,B,No Time Limit,No Memory Limit
1203,A,No Time Limit,No Memory Limit
1202,F,No Time Limit,No Memory Limit
1202,E,No Time Limit,No Memory Limit
1202,D,No Time Limit,No Memory Limit
1202,C,No Time Limit,No Memory Limit
1202,B,No Time Limit,No Memory Limit
1202,A,No Time Limit,No Memory Limit
1201,E2,No Time Limit,No Memory Limit
1201,E1,No Time Limit,No Memory Limit
1201,D,No Time Limit,No Memory Limit
1201,C,No Time Limit,No Memory Limit
1201,B,No Time Limit,No Memory Limit
1201,A,No Time Limit,No Memory Limit
1200,F,No Time Limit,No Memory Limit
1200,E,No Time Limit,No Memory Limit
1200,D,No Time Limit,No Memory Limit
1200,C,No Time Limit,No Memory Limit
1200,B,No Time Limit,No Memory Limit
1200,A,No Time Limit,No Memory Limit
1199,B,No Time Limit,No Memory Limit
1199,A,No Time Limit,No Memory Limit
1198,F,No Time Limit,No Memory Limit
1198,E,No Time Limit,No Memory Limit
1198,D,No Time Limit,No Memory Limit
1198,C,No Time Limit,No Memory Limit
1198,B,No Time Limit,No Memory Limit
1198,A,No Time Limit,No Memory Limit
1197,F,No Time Limit,No Memory Limit
1197,E,No Time Limit,No Memory Limit
1197,D,No Time Limit,No Memory Limit
1197,C,No Time Limit,No Memory Limit
1197,B,No Time Limit,No Memory Limit
1197,A,No Time Limit,No Memory Limit
1196,F,No Time Limit,No Memory Limit
1196,E,No Time Limit,No Memory Limit
1196,D2,No Time Limit,No Memory Limit
1196,D1,No Time Limit,No Memory Limit
1196,C,No Time Limit,No Memory Limit
1196,B,No Time Limit,No Memory Limit
1196,A,No Time Limit,No Memory Limit
1195,F,No Time Limit,No Memory Limit
1195,E,No Time Limit,No Memory Limit
1195,D2,No Time Limit,No Memory Limit
1195,D1,No Time Limit,No Memory Limit
1195,C,No Time Limit,No Memory Limit
1195,B,No Time Limit,No Memory Limit
1195,A,No Time Limit,No Memory Limit
1194,G,No Time Limit,No Memory Limit
1194,F,No Time Limit,No Memory Limit
1194,E,No Time Limit,No Memory Limit
1194,D,No Time Limit,No Memory Limit
1194,C,No Time Limit,No Memory Limit
1194,B,No Time Limit,No Memory Limit
1194,A,No Time Limit,No Memory Limit
1193,C,No Time Limit,No Memory Limit
1193,B,No Time Limit,No Memory Limit
1193,A,No Time Limit,No Memory Limit
1192,C,No Time Limit,No Memory Limit
1192,B,No Time Limit,No Memory Limit
1192,A,No Time Limit,No Memory Limit
1191,B,No Time Limit,No Memory Limit
1191,A,No Time Limit,No Memory Limit
1190,F,No Time Limit,No Memory Limit
1190,E,No Time Limit,No Memory Limit
1190,D,No Time Limit,No Memory Limit
1190,C,No Time Limit,No Memory Limit
1190,B,No Time Limit,No Memory Limit
1190,A,No Time Limit,No Memory Limit
1189,C,No Time Limit,No Memory Limit
1189,B,No Time Limit,No Memory Limit
1189,A,No Time Limit,No Memory Limit
1188,E,No Time Limit,No Memory Limit
1188,D,No Time Limit,No Memory Limit
1188,C,No Time Limit,No Memory Limit
1188,B,No Time Limit,No Memory Limit
1188,A2,No Time Limit,No Memory Limit
1188,A1,No Time Limit,No Memory Limit
1187,G,No Time Limit,No Memory Limit
1187,F,No Time Limit,No Memory Limit
1187,E,No Time Limit,No Memory Limit
1187,D,No Time Limit,No Memory Limit
1187,C,No Time Limit,No Memory Limit
1187,B,No Time Limit,No Memory Limit
1187,A,No Time Limit,No Memory Limit
1186,F,No Time Limit,No Memory Limit
1186,E,No Time Limit,No Memory Limit
1186,D,No Time Limit,No Memory Limit
1186,C,No Time Limit,No Memory Limit
1186,A,No Time Limit,No Memory Limit
1185,G2,No Time Limit,No Memory Limit
1185,G1,No Time Limit,No Memory Limit
1185,F,No Time Limit,No Memory Limit
1185,E,No Time Limit,No Memory Limit
1185,D,No Time Limit,No Memory Limit
1185,C2,No Time Limit,No Memory Limit
1185,C1,No Time Limit,No Memory Limit
1185,B,No Time Limit,No Memory Limit
1185,A,No Time Limit,No Memory Limit
1184,E3,No Time Limit,No Memory Limit
1184,E2,No Time Limit,No Memory Limit
1184,E1,No Time Limit,No Memory Limit
1184,D2,No Time Limit,No Memory Limit
1184,D1,No Time Limit,No Memory Limit
1184,C3,No Time Limit,No Memory Limit
1184,C2,No Time Limit,No Memory Limit
1184,C1,No Time Limit,No Memory Limit
1184,B3,No Time Limit,No Memory Limit
1184,B2,No Time Limit,No Memory Limit
1184,B1,No Time Limit,No Memory Limit
1184,A3,No Time Limit,No Memory Limit
1184,A2,No Time Limit,No Memory Limit
1184,A1,No Time Limit,No Memory Limit
1183,H,No Time Limit,No Memory Limit
1183,G,No Time Limit,No Memory Limit
1183,F,No Time Limit,No Memory Limit
1183,E,No Time Limit,No Memory Limit
1183,D,No Time Limit,No Memory Limit
1183,C,No Time Limit,No Memory Limit
1183,B,No Time Limit,No Memory Limit
1183,A,No Time Limit,No Memory Limit
1182,F,No Time Limit,No Memory Limit
1182,E,No Time Limit,No Memory Limit
1182,D,No Time Limit,No Memory Limit
1182,C,No Time Limit,No Memory Limit
1182,B,No Time Limit,No Memory Limit
1182,A,No Time Limit,No Memory Limit
1181,E2,No Time Limit,No Memory Limit
1181,E1,No Time Limit,No Memory Limit
1181,D,No Time Limit,No Memory Limit
1181,C,No Time Limit,No Memory Limit
1181,B,No Time Limit,No Memory Limit
1181,A,No Time Limit,No Memory Limit
1180,B,No Time Limit,No Memory Limit
1180,A,No Time Limit,No Memory Limit
1179,E,No Time Limit,No Memory Limit
1179,D,No Time Limit,No Memory Limit
1179,C,No Time Limit,No Memory Limit
1179,B,No Time Limit,No Memory Limit
1179,A,No Time Limit,No Memory Limit
1178,H,No Time Limit,No Memory Limit
1178,G,No Time Limit,No Memory Limit
1178,F2,No Time Limit,No Memory Limit
1178,F1,No Time Limit,No Memory Limit
1178,E,No Time Limit,No Memory Limit
1178,D,No Time Limit,No Memory Limit
1178,C,No Time Limit,No Memory Limit
1178,B,No Time Limit,No Memory Limit
1178,A,No Time Limit,No Memory Limit
1177,B,No Time Limit,No Memory Limit
1177,A,No Time Limit,No Memory Limit
1176,F,No Time Limit,No Memory Limit
1176,E,No Time Limit,No Memory Limit
1176,D,No Time Limit,No Memory Limit
1176,C,No Time Limit,No Memory Limit
1176,B,No Time Limit,No Memory Limit
1176,A,No Time Limit,No Memory Limit
1175,G,No Time Limit,No Memory Limit
1175,F,No Time Limit,No Memory Limit
1175,E,No Time Limit,No Memory Limit
1175,D,No Time Limit,No Memory Limit
1175,C,No Time Limit,No Memory Limit
1175,B,No Time Limit,No Memory Limit
1175,A,No Time Limit,No Memory Limit
1174,F,No Time Limit,No Memory Limit
1174,E,No Time Limit,No Memory Limit
1174,D,No Time Limit,No Memory Limit
1174,C,No Time Limit,No Memory Limit
1174,B,No Time Limit,No Memory Limit
1174,A,No Time Limit,No Memory Limit
1173,B,No Time Limit,No Memory Limit
1173,A,No Time Limit,No Memory Limit
1172,F,No Time Limit,No Memory Limit
1172,E,No Time Limit,No Memory Limit
1172,D,No Time Limit,No Memory Limit
1172,C2,No Time Limit,No Memory Limit
1172,C1,No Time Limit,No Memory Limit
1172,B,No Time Limit,No Memory Limit
1172,A,No Time Limit,No Memory Limit
1170,I,No Time Limit,No Memory Limit
1170,H,No Time Limit,No Memory Limit
1170,G,No Time Limit,No Memory Limit
1170,F,No Time Limit,No Memory Limit
1170,E,No Time Limit,No Memory Limit
1170,D,No Time Limit,No Memory Limit
1170,C,No Time Limit,No Memory Limit
1170,B,No Time Limit,No Memory Limit
1170,A,No Time Limit,No Memory Limit
1169,B,No Time Limit,No Memory Limit
1169,A,No Time Limit,No Memory Limit
1168,E,No Time Limit,No Memory Limit
1168,D,No Time Limit,No Memory Limit
1168,C,No Time Limit,No Memory Limit
1168,B,No Time Limit,No Memory Limit
1168,A,No Time Limit,No Memory Limit
1167,G,No Time Limit,No Memory Limit
1167,F,No Time Limit,No Memory Limit
1167,E,No Time Limit,No Memory Limit
1167,D,No Time Limit,No Memory Limit
1167,C,No Time Limit,No Memory Limit
1167,B,No Time Limit,No Memory Limit
1167,A,No Time Limit,No Memory Limit
1166,F,No Time Limit,No Memory Limit
1166,E,No Time Limit,No Memory Limit
1166,D,No Time Limit,No Memory Limit
1166,C,No Time Limit,No Memory Limit
1166,B,No Time Limit,No Memory Limit
1166,A,No Time Limit,No Memory Limit
1165,F2,No Time Limit,No Memory Limit
1165,F1,No Time Limit,No Memory Limit
1165,E,No Time Limit,No Memory Limit
1165,D,No Time Limit,No Memory Limit
1165,C,No Time Limit,No Memory Limit
1165,B,No Time Limit,No Memory Limit
1165,A,No Time Limit,No Memory Limit
1163,F,No Time Limit,No Memory Limit
1163,E,No Time Limit,No Memory Limit
1163,D,No Time Limit,No Memory Limit
1163,C2,No Time Limit,No Memory Limit
1163,C1,No Time Limit,No Memory Limit
1163,B2,No Time Limit,No Memory Limit
1163,B1,No Time Limit,No Memory Limit
1163,A,No Time Limit,No Memory Limit
1162,B,No Time Limit,No Memory Limit
1162,A,No Time Limit,No Memory Limit
1160,A2,No Time Limit,No Memory Limit
1159,B,No Time Limit,No Memory Limit
1159,A,No Time Limit,No Memory Limit
1158,F,No Time Limit,No Memory Limit
1158,E,No Time Limit,No Memory Limit
1158,D,No Time Limit,No Memory Limit
1158,C,No Time Limit,No Memory Limit
1158,B,No Time Limit,No Memory Limit
1158,A,No Time Limit,No Memory Limit
1157,G,No Time Limit,No Memory Limit
1157,F,No Time Limit,No Memory Limit
1157,E,No Time Limit,No Memory Limit
1157,D,No Time Limit,No Memory Limit
1157,C2,No Time Limit,No Memory Limit
1157,C1,No Time Limit,No Memory Limit
1157,B,No Time Limit,No Memory Limit
1157,A,No Time Limit,No Memory Limit
1156,G,No Time Limit,No Memory Limit
1156,F,No Time Limit,No Memory Limit
1156,E,No Time Limit,No Memory Limit
1156,D,No Time Limit,No Memory Limit
1156,C,No Time Limit,No Memory Limit
1156,B,No Time Limit,No Memory Limit
1156,A,No Time Limit,No Memory Limit
1155,F,No Time Limit,No Memory Limit
1155,E,No Time Limit,No Memory Limit
1155,D,No Time Limit,No Memory Limit
1155,C,No Time Limit,No Memory Limit
1155,B,No Time Limit,No Memory Limit
1155,A,No Time Limit,No Memory Limit
1154,G,No Time Limit,No Memory Limit
1154,F,No Time Limit,No Memory Limit
1154,E,No Time Limit,No Memory Limit
1154,D,No Time Limit,No Memory Limit
1154,C,No Time Limit,No Memory Limit
1154,B,No Time Limit,No Memory Limit
1154,A,No Time Limit,No Memory Limit
1153,F,No Time Limit,No Memory Limit
1153,E,No Time Limit,No Memory Limit
1153,D,No Time Limit,No Memory Limit
1153,C,No Time Limit,No Memory Limit
1153,B,No Time Limit,No Memory Limit
1153,A,No Time Limit,No Memory Limit
1152,F2,No Time Limit,No Memory Limit
1152,F1,No Time Limit,No Memory Limit
1152,E,No Time Limit,No Memory Limit
1152,D,No Time Limit,No Memory Limit
1152,C,No Time Limit,No Memory Limit
1152,B,No Time Limit,No Memory Limit
1152,A,No Time Limit,No Memory Limit
1151,F,No Time Limit,No Memory Limit
1151,E,No Time Limit,No Memory Limit
1151,D,No Time Limit,No Memory Limit
1151,C,No Time Limit,No Memory Limit
1151,B,No Time Limit,No Memory Limit
1151,A,No Time Limit,No Memory Limit
1150,B,No Time Limit,No Memory Limit
1150,A,No Time Limit,No Memory Limit
1149,E,No Time Limit,No Memory Limit
1149,D,No Time Limit,No Memory Limit
1149,C,No Time Limit,No Memory Limit
1149,B,No Time Limit,No Memory Limit
1149,A,No Time Limit,No Memory Limit
1148,H,No Time Limit,No Memory Limit
1148,G,No Time Limit,No Memory Limit
1148,F,No Time Limit,No Memory Limit
1148,E,No Time Limit,No Memory Limit
1148,D,No Time Limit,No Memory Limit
1148,C,No Time Limit,No Memory Limit
1148,B,No Time Limit,No Memory Limit
1148,A,No Time Limit,No Memory Limit
1147,F,No Time Limit,No Memory Limit
1147,E,No Time Limit,No Memory Limit
1147,D,No Time Limit,No Memory Limit
1147,C,No Time Limit,No Memory Limit
1147,B,No Time Limit,No Memory Limit
1147,A,No Time Limit,No Memory Limit
1146,H,No Time Limit,No Memory Limit
1146,G,No Time Limit,No Memory Limit
1146,F,No Time Limit,No Memory Limit
1146,E,No Time Limit,No Memory Limit
1146,D,No Time Limit,No Memory Limit
1146,C,No Time Limit,No Memory Limit
1146,B,No Time Limit,No Memory Limit
1146,A,No Time Limit,No Memory Limit
1145,G,No Time Limit,No Memory Limit
1145,F,No Time Limit,No Memory Limit
1145,E,No Time Limit,No Memory Limit
1145,D,No Time Limit,No Memory Limit
1145,C,No Time Limit,No Memory Limit
1145,B,No Time Limit,No Memory Limit
1145,A,No Time Limit,No Memory Limit
1144,G,No Time Limit,No Memory Limit
1144,F,No Time Limit,No Memory Limit
1144,E,No Time Limit,No Memory Limit
1144,D,No Time Limit,No Memory Limit
1144,C,No Time Limit,No Memory Limit
1144,B,No Time Limit,No Memory Limit
1144,A,No Time Limit,No Memory Limit
1143,C,No Time Limit,No Memory Limit
1143,B,No Time Limit,No Memory Limit
1143,A,No Time Limit,No Memory Limit
1142,E,No Time Limit,No Memory Limit
1142,D,No Time Limit,No Memory Limit
1142,C,No Time Limit,No Memory Limit
1142,B,No Time Limit,No Memory Limit
1142,A,No Time Limit,No Memory Limit
1141,G,No Time Limit,No Memory Limit
1141,F2,No Time Limit,No Memory Limit
1141,F1,No Time Limit,No Memory Limit
1141,E,No Time Limit,No Memory Limit
1141,D,No Time Limit,No Memory Limit
1141,C,No Time Limit,No Memory Limit
1141,B,No Time Limit,No Memory Limit
1141,A,No Time Limit,No Memory Limit
1140,G,No Time Limit,No Memory Limit
1140,F,No Time Limit,No Memory Limit
1140,E,No Time Limit,No Memory Limit
1140,D,No Time Limit,No Memory Limit
1140,C,No Time Limit,No Memory Limit
1140,B,No Time Limit,No Memory Limit
1140,A,No Time Limit,No Memory Limit
1139,F,No Time Limit,No Memory Limit
1139,E,No Time Limit,No Memory Limit
1139,D,No Time Limit,No Memory Limit
1139,C,No Time Limit,No Memory Limit
1139,B,No Time Limit,No Memory Limit
1139,A,No Time Limit,No Memory Limit
1138,B,No Time Limit,No Memory Limit
1138,A,No Time Limit,No Memory Limit
1137,F,No Time Limit,No Memory Limit
1137,E,No Time Limit,No Memory Limit
1137,D,No Time Limit,No Memory Limit
1137,C,No Time Limit,No Memory Limit
1137,B,No Time Limit,No Memory Limit
1137,A,No Time Limit,No Memory Limit
1136,E,No Time Limit,No Memory Limit
1136,D,No Time Limit,No Memory Limit
1136,C,No Time Limit,No Memory Limit
1136,B,No Time Limit,No Memory Limit
1136,A,No Time Limit,No Memory Limit
1133,F2,No Time Limit,No Memory Limit
1133,F1,No Time Limit,No Memory Limit
1133,E,No Time Limit,No Memory Limit
1133,D,No Time Limit,No Memory Limit
1133,C,No Time Limit,No Memory Limit
1133,B,No Time Limit,No Memory Limit
1133,A,No Time Limit,No Memory Limit
1132,G,No Time Limit,No Memory Limit
1132,F,No Time Limit,No Memory Limit
1132,E,No Time Limit,No Memory Limit
1132,D,No Time Limit,No Memory Limit
1132,C,No Time Limit,No Memory Limit
1132,B,No Time Limit,No Memory Limit
1132,A,No Time Limit,No Memory Limit
1131,G,No Time Limit,No Memory Limit
1131,F,No Time Limit,No Memory Limit
1131,E,No Time Limit,No Memory Limit
1131,D,No Time Limit,No Memory Limit
1131,C,No Time Limit,No Memory Limit
1131,B,No Time Limit,No Memory Limit
1131,A,No Time Limit,No Memory Limit
1130,C,No Time Limit,No Memory Limit
1130,B,No Time Limit,No Memory Limit
1130,A,No Time Limit,No Memory Limit
1129,E,No Time Limit,No Memory Limit
1129,D,No Time Limit,No Memory Limit
1129,C,No Time Limit,No Memory Limit
1129,B,No Time Limit,No Memory Limit
1129,A2,No Time Limit,No Memory Limit
1129,A1,No Time Limit,No Memory Limit
1121,C,No Time Limit,No Memory Limit
1121,B,No Time Limit,No Memory Limit
1121,A,No Time Limit,No Memory Limit
1120,F,No Time Limit,No Memory Limit
1120,E,No Time Limit,No Memory Limit
1120,D,No Time Limit,No Memory Limit
1120,C,No Time Limit,No Memory Limit
1120,B,No Time Limit,No Memory Limit
1120,A,No Time Limit,No Memory Limit
1119,H,No Time Limit,No Memory Limit
1119,G,No Time Limit,No Memory Limit
1119,F,No Time Limit,No Memory Limit
1119,E,No Time Limit,No Memory Limit
1119,D,No Time Limit,No Memory Limit
1119,C,No Time Limit,No Memory Limit
1119,B,No Time Limit,No Memory Limit
1119,A,No Time Limit,No Memory Limit
1118,F2,No Time Limit,No Memory Limit
1118,F1,No Time Limit,No Memory Limit
1118,E,No Time Limit,No Memory Limit
1118,D2,No Time Limit,No Memory Limit
1118,D1,No Time Limit,No Memory Limit
1118,C,No Time Limit,No Memory Limit
1118,B,No Time Limit,No Memory Limit
1118,A,No Time Limit,No Memory Limit
1117,G,No Time Limit,No Memory Limit
1117,F,No Time Limit,No Memory Limit
1117,E,No Time Limit,No Memory Limit
1117,D,No Time Limit,No Memory Limit
1117,C,No Time Limit,No Memory Limit
1117,B,No Time Limit,No Memory Limit
1117,A,No Time Limit,No Memory Limit
1116,D6,No Time Limit,No Memory Limit
1116,D5,No Time Limit,No Memory Limit
1116,D4,No Time Limit,No Memory Limit
1116,D3,No Time Limit,No Memory Limit
1116,D2,No Time Limit,No Memory Limit
1116,D1,No Time Limit,No Memory Limit
1116,C3,No Time Limit,No Memory Limit
1116,C2,No Time Limit,No Memory Limit
1116,C1,No Time Limit,No Memory Limit
1116,B2,No Time Limit,No Memory Limit
1116,B1,No Time Limit,No Memory Limit
1116,A2,No Time Limit,No Memory Limit
1116,A1,No Time Limit,No Memory Limit
1115,U3,No Time Limit,No Memory Limit
1115,U2,No Time Limit,No Memory Limit
1115,U1,No Time Limit,No Memory Limit
1115,G3,No Time Limit,No Memory Limit
1115,G2,No Time Limit,No Memory Limit
1115,G1,No Time Limit,No Memory Limit
1114,F,No Time Limit,No Memory Limit
1114,E,No Time Limit,No Memory Limit
1114,D,No Time Limit,No Memory Limit
1114,C,No Time Limit,No Memory Limit
1114,B,No Time Limit,No Memory Limit
1114,A,No Time Limit,No Memory Limit
1113,B,No Time Limit,No Memory Limit
1113,A,No Time Limit,No Memory Limit
1111,E,No Time Limit,No Memory Limit
1111,D,No Time Limit,No Memory Limit
1111,C,No Time Limit,No Memory Limit
1111,B,No Time Limit,No Memory Limit
1111,A,No Time Limit,No Memory Limit
1110,H,No Time Limit,No Memory Limit
1110,G,No Time Limit,No Memory Limit
1110,F,No Time Limit,No Memory Limit
1110,E,No Time Limit,No Memory Limit
1110,D,No Time Limit,No Memory Limit
1110,C,No Time Limit,No Memory Limit
1110,B,No Time Limit,No Memory Limit
1110,A,No Time Limit,No Memory Limit
1109,F,No Time Limit,No Memory Limit
1109,E,No Time Limit,No Memory Limit
1109,D,No Time Limit,No Memory Limit
1109,C,No Time Limit,No Memory Limit
1109,B,No Time Limit,No Memory Limit
1109,A,No Time Limit,No Memory Limit
1108,F,No Time Limit,No Memory Limit
1108,E2,No Time Limit,No Memory Limit
1108,E1,No Time Limit,No Memory Limit
1108,D,No Time Limit,No Memory Limit
1108,C,No Time Limit,No Memory Limit
1108,B,No Time Limit,No Memory Limit
1108,A,No Time Limit,No Memory Limit
1107,G,No Time Limit,No Memory Limit
1107,F,No Time Limit,No Memory Limit
1107,E,No Time Limit,No Memory Limit
1107,D,No Time Limit,No Memory Limit
1107,C,No Time Limit,No Memory Limit
1107,B,No Time Limit,No Memory Limit
1107,A,No Time Limit,No Memory Limit
1106,F,No Time Limit,No Memory Limit
1106,E,No Time Limit,No Memory Limit
1106,D,No Time Limit,No Memory Limit
1106,C,No Time Limit,No Memory Limit
1106,B,No Time Limit,No Memory Limit
1106,A,No Time Limit,No Memory Limit
1105,E,No Time Limit,No Memory Limit
1105,D,No Time Limit,No Memory Limit
1105,C,No Time Limit,No Memory Limit
1105,B,No Time Limit,No Memory Limit
1105,A,No Time Limit,No Memory Limit
1104,B,No Time Limit,No Memory Limit
1104,A,No Time Limit,No Memory Limit
1103,E,No Time Limit,No Memory Limit
1103,D,No Time Limit,No Memory Limit
1103,C,No Time Limit,No Memory Limit
1103,B,No Time Limit,No Memory Limit
1103,A,No Time Limit,No Memory Limit
1102,F,No Time Limit,No Memory Limit
1102,E,No Time Limit,No Memory Limit
1102,D,No Time Limit,No Memory Limit
1102,C,No Time Limit,No Memory Limit
1102,B,No Time Limit,No Memory Limit
1102,A,No Time Limit,No Memory Limit
1101,G,No Time Limit,No Memory Limit
1101,F,No Time Limit,No Memory Limit
1101,E,No Time Limit,No Memory Limit
1101,D,No Time Limit,No Memory Limit
1101,C,No Time Limit,No Memory Limit
1101,B,No Time Limit,No Memory Limit
1101,A,No Time Limit,No Memory Limit
1100,F,No Time Limit,No Memory Limit
1100,E,No Time Limit,No Memory Limit
1100,D,No Time Limit,No Memory Limit
1100,C,No Time Limit,No Memory Limit
1100,B,No Time Limit,No Memory Limit
1100,A,No Time Limit,No Memory Limit
1099,F,No Time Limit,No Memory Limit
1099,C,No Time Limit,No Memory Limit
1099,B,No Time Limit,No Memory Limit
1099,A,No Time Limit,No Memory Limit
1098,F,No Time Limit,No Memory Limit
1098,E,No Time Limit,No Memory Limit
1098,D,No Time Limit,No Memory Limit
1098,C,No Time Limit,No Memory Limit
1098,B,No Time Limit,No Memory Limit
1098,A,No Time Limit,No Memory Limit
1097,H,No Time Limit,No Memory Limit
1097,G,No Time Limit,No Memory Limit
1097,F,No Time Limit,No Memory Limit
1097,E,No Time Limit,No Memory Limit
1097,D,No Time Limit,No Memory Limit
1097,C,No Time Limit,No Memory Limit
1097,B,No Time Limit,No Memory Limit
1097,A,No Time Limit,No Memory Limit
1096,G,No Time Limit,No Memory Limit
1096,F,No Time Limit,No Memory Limit
1096,E,No Time Limit,No Memory Limit
1096,D,No Time Limit,No Memory Limit
1096,C,No Time Limit,No Memory Limit
1096,B,No Time Limit,No Memory Limit
1096,A,No Time Limit,No Memory Limit
1095,F,No Time Limit,No Memory Limit
1095,E,No Time Limit,No Memory Limit
1095,D,No Time Limit,No Memory Limit
1095,C,No Time Limit,No Memory Limit
1095,B,No Time Limit,No Memory Limit
1095,A,No Time Limit,No Memory Limit
1093,G,No Time Limit,No Memory Limit
1093,F,No Time Limit,No Memory Limit
1093,E,No Time Limit,No Memory Limit
1093,D,No Time Limit,No Memory Limit
1093,C,No Time Limit,No Memory Limit
1093,B,No Time Limit,No Memory Limit
1093,A,No Time Limit,No Memory Limit
1092,F,No Time Limit,No Memory Limit
1092,E,No Time Limit,No Memory Limit
1092,D2,No Time Limit,No Memory Limit
1092,D1,No Time Limit,No Memory Limit
1092,C,No Time Limit,No Memory Limit
1092,B,No Time Limit,No Memory Limit
1092,A,No Time Limit,No Memory Limit
1091,H,No Time Limit,No Memory Limit
1091,G,No Time Limit,No Memory Limit
1091,F,No Time Limit,No Memory Limit
1091,E,No Time Limit,No Memory Limit
1091,D,No Time Limit,No Memory Limit
1091,C,No Time Limit,No Memory Limit
1091,B,No Time Limit,No Memory Limit
1091,A,No Time Limit,No Memory Limit
1090,M,No Time Limit,No Memory Limit
1090,L,No Time Limit,No Memory Limit
1090,K,No Time Limit,No Memory Limit
1090,J,No Time Limit,No Memory Limit
1090,I,No Time Limit,No Memory Limit
1090,H,No Time Limit,No Memory Limit
1090,G,No Time Limit,No Memory Limit
1090,F,No Time Limit,No Memory Limit
1090,E,No Time Limit,No Memory Limit
1090,D,No Time Limit,No Memory Limit
1090,C,No Time Limit,No Memory Limit
1090,B,No Time Limit,No Memory Limit
1090,A,No Time Limit,No Memory Limit
1089,M,No Time Limit,No Memory Limit
1089,L,No Time Limit,No Memory Limit
1089,K,No Time Limit,No Memory Limit
1089,J,No Time Limit,No Memory Limit
1089,I,No Time Limit,No Memory Limit
1089,H,No Time Limit,No Memory Limit
1089,G,No Time Limit,No Memory Limit
1089,F,No Time Limit,No Memory Limit
1089,E,No Time Limit,No Memory Limit
1089,D,No Time Limit,No Memory Limit
1089,C,No Time Limit,No Memory Limit
1089,B,No Time Limit,No Memory Limit
1089,A,No Time Limit,No Memory Limit
1088,F,No Time Limit,No Memory Limit
1088,E,No Time Limit,No Memory Limit
1088,D,No Time Limit,No Memory Limit
1088,C,No Time Limit,No Memory Limit
1088,B,No Time Limit,No Memory Limit
1088,A,No Time Limit,No Memory Limit
1086,F,No Time Limit,No Memory Limit
1085,G,No Time Limit,No Memory Limit
1085,F,No Time Limit,No Memory Limit
1085,E,No Time Limit,No Memory Limit
1085,D,No Time Limit,No Memory Limit
1085,C,No Time Limit,No Memory Limit
1085,B,No Time Limit,No Memory Limit
1085,A,No Time Limit,No Memory Limit
1084,C,No Time Limit,No Memory Limit
1084,B,No Time Limit,No Memory Limit
1084,A,No Time Limit,No Memory Limit
1083,F,No Time Limit,No Memory Limit
1083,E,No Time Limit,No Memory Limit
1083,D,No Time Limit,No Memory Limit
1083,C,No Time Limit,No Memory Limit
1083,B,No Time Limit,No Memory Limit
1083,A,No Time Limit,No Memory Limit
1082,G,No Time Limit,No Memory Limit
1082,F,No Time Limit,No Memory Limit
1082,E,No Time Limit,No Memory Limit
1082,D,No Time Limit,No Memory Limit
1082,C,No Time Limit,No Memory Limit
1082,B,No Time Limit,No Memory Limit
1082,A,No Time Limit,No Memory Limit
1081,H,No Time Limit,No Memory Limit
1081,G,No Time Limit,No Memory Limit
1081,F,No Time Limit,No Memory Limit
1081,E,No Time Limit,No Memory Limit
1081,D,No Time Limit,No Memory Limit
1081,C,No Time Limit,No Memory Limit
1081,B,No Time Limit,No Memory Limit
1081,A,No Time Limit,No Memory Limit
1080,F,No Time Limit,No Memory Limit
1080,E,No Time Limit,No Memory Limit
1080,D,No Time Limit,No Memory Limit
1080,C,No Time Limit,No Memory Limit
1080,B,No Time Limit,No Memory Limit
1080,A,No Time Limit,No Memory Limit
1078,E,No Time Limit,No Memory Limit
1077,F2,No Time Limit,No Memory Limit
1077,F1,No Time Limit,No Memory Limit
1077,E,No Time Limit,No Memory Limit
1077,D,No Time Limit,No Memory Limit
1077,C,No Time Limit,No Memory Limit
1077,B,No Time Limit,No Memory Limit
1077,A,No Time Limit,No Memory Limit
1076,G,No Time Limit,No Memory Limit
1076,F,No Time Limit,No Memory Limit
1076,E,No Time Limit,No Memory Limit
1076,D,No Time Limit,No Memory Limit
1076,C,No Time Limit,No Memory Limit
1076,B,No Time Limit,No Memory Limit
1076,A,No Time Limit,No Memory Limit
1075,B,No Time Limit,No Memory Limit
1075,A,No Time Limit,No Memory Limit
1073,G,No Time Limit,No Memory Limit
1073,F,No Time Limit,No Memory Limit
1073,E,No Time Limit,No Memory Limit
1073,D,No Time Limit,No Memory Limit
1073,C,No Time Limit,No Memory Limit
1073,B,No Time Limit,No Memory Limit
1073,A,No Time Limit,No Memory Limit
1071,E,No Time Limit,No Memory Limit
1070,M,No Time Limit,No Memory Limit
1070,L,No Time Limit,No Memory Limit
1070,K,No Time Limit,No Memory Limit
1070,J,No Time Limit,No Memory Limit
1070,I,No Time Limit,No Memory Limit
1070,H,No Time Limit,No Memory Limit
1070,G,No Time Limit,No Memory Limit
1070,F,No Time Limit,No Memory Limit
1070,E,No Time Limit,No Memory Limit
1070,D,No Time Limit,No Memory Limit
1070,C,No Time Limit,No Memory Limit
1070,B,No Time Limit,No Memory Limit
1070,A,No Time Limit,No Memory Limit
1068,C,No Time Limit,No Memory Limit
1068,B,No Time Limit,No Memory Limit
1068,A,No Time Limit,No Memory Limit
1067,E,No Time Limit,No Memory Limit
1067,D,No Time Limit,No Memory Limit
1067,C,No Time Limit,No Memory Limit
1067,B,No Time Limit,No Memory Limit
1067,A,No Time Limit,No Memory Limit
1066,F,No Time Limit,No Memory Limit
1066,E,No Time Limit,No Memory Limit
1066,D,No Time Limit,No Memory Limit
1066,C,No Time Limit,No Memory Limit
1066,B,No Time Limit,No Memory Limit
1066,A,No Time Limit,No Memory Limit
1065,G,No Time Limit,No Memory Limit
1065,F,No Time Limit,No Memory Limit
1065,E,No Time Limit,No Memory Limit
1065,D,No Time Limit,No Memory Limit
1065,C,No Time Limit,No Memory Limit
1065,B,No Time Limit,No Memory Limit
1065,A,No Time Limit,No Memory Limit
1064,B,No Time Limit,No Memory Limit
1064,A,No Time Limit,No Memory Limit
1063,F,No Time Limit,No Memory Limit
1063,E,No Time Limit,No Memory Limit
1063,D,No Time Limit,No Memory Limit
1063,C,No Time Limit,No Memory Limit
1063,B,No Time Limit,No Memory Limit
1063,A,No Time Limit,No Memory Limit
1062,F,No Time Limit,No Memory Limit
1062,E,No Time Limit,No Memory Limit
1062,D,No Time Limit,No Memory Limit
1062,C,No Time Limit,No Memory Limit
1062,B,No Time Limit,No Memory Limit
1062,A,No Time Limit,No Memory Limit
1061,F,No Time Limit,No Memory Limit
1061,E,No Time Limit,No Memory Limit
1061,D,No Time Limit,No Memory Limit
1061,C,No Time Limit,No Memory Limit
1061,B,No Time Limit,No Memory Limit
1061,A,No Time Limit,No Memory Limit
1060,H,No Time Limit,No Memory Limit
1060,G,No Time Limit,No Memory Limit
1060,F,No Time Limit,No Memory Limit
1060,E,No Time Limit,No Memory Limit
1060,D,No Time Limit,No Memory Limit
1060,C,No Time Limit,No Memory Limit
1060,B,No Time Limit,No Memory Limit
1060,A,No Time Limit,No Memory Limit
1059,E,No Time Limit,No Memory Limit
1059,D,No Time Limit,No Memory Limit
1059,C,No Time Limit,No Memory Limit
1059,B,No Time Limit,No Memory Limit
1059,A,No Time Limit,No Memory Limit
1057,C,No Time Limit,No Memory Limit
1057,B,No Time Limit,No Memory Limit
1057,A,No Time Limit,No Memory Limit
1056,H,No Time Limit,No Memory Limit
1056,G,No Time Limit,No Memory Limit
1056,F,No Time Limit,No Memory Limit
1056,E,No Time Limit,No Memory Limit
1056,D,No Time Limit,No Memory Limit
1056,C,No Time Limit,No Memory Limit
1056,B,No Time Limit,No Memory Limit
1056,A,No Time Limit,No Memory Limit
1055,G,No Time Limit,No Memory Limit
1055,F,No Time Limit,No Memory Limit
1055,E,No Time Limit,No Memory Limit
1055,D,No Time Limit,No Memory Limit
1055,C,No Time Limit,No Memory Limit
1055,B,No Time Limit,No Memory Limit
1055,A,No Time Limit,No Memory Limit
1054,H,No Time Limit,No Memory Limit
1054,G,No Time Limit,No Memory Limit
1054,F,No Time Limit,No Memory Limit
1054,E,No Time Limit,No Memory Limit
1054,D,No Time Limit,No Memory Limit
1054,C,No Time Limit,No Memory Limit
1054,B,No Time Limit,No Memory Limit
1054,A,No Time Limit,No Memory Limit
1053,E,No Time Limit,No Memory Limit
1051,G,No Time Limit,No Memory Limit
1051,F,No Time Limit,No Memory Limit
1051,E,No Time Limit,No Memory Limit
1051,D,No Time Limit,No Memory Limit
1051,C,No Time Limit,No Memory Limit
1051,B,No Time Limit,No Memory Limit
1051,A,No Time Limit,No Memory Limit
1047,B,No Time Limit,No Memory Limit
1047,A,No Time Limit,No Memory Limit
1046,I,No Time Limit,No Memory Limit
1046,F,No Time Limit,No Memory Limit
1046,C,No Time Limit,No Memory Limit
1045,J,No Time Limit,No Memory Limit
1045,I,No Time Limit,No Memory Limit
1045,H,No Time Limit,No Memory Limit
1045,G,No Time Limit,No Memory Limit
1045,F,No Time Limit,No Memory Limit
1045,E,No Time Limit,No Memory Limit
1045,D,No Time Limit,No Memory Limit
1045,C,No Time Limit,No Memory Limit
1045,B,No Time Limit,No Memory Limit
1045,A,No Time Limit,No Memory Limit
1044,F,No Time Limit,No Memory Limit
1044,E,No Time Limit,No Memory Limit
1044,D,No Time Limit,No Memory Limit
1044,C,No Time Limit,No Memory Limit
1044,B,No Time Limit,No Memory Limit
1044,A,No Time Limit,No Memory Limit
1043,G,No Time Limit,No Memory Limit
1043,F,No Time Limit,No Memory Limit
1043,E,No Time Limit,No Memory Limit
1043,D,No Time Limit,No Memory Limit
1043,C,No Time Limit,No Memory Limit
1043,B,No Time Limit,No Memory Limit
1043,A,No Time Limit,No Memory Limit
1042,F,No Time Limit,No Memory Limit
1042,E,No Time Limit,No Memory Limit
1042,D,No Time Limit,No Memory Limit
1042,C,No Time Limit,No Memory Limit
1042,B,No Time Limit,No Memory Limit
1042,A,No Time Limit,No Memory Limit
1041,F,No Time Limit,No Memory Limit
1041,E,No Time Limit,No Memory Limit
1041,D,No Time Limit,No Memory Limit
1041,C,No Time Limit,No Memory Limit
1041,B,No Time Limit,No Memory Limit
1041,A,No Time Limit,No Memory Limit
1040,B,No Time Limit,No Memory Limit
1040,A,No Time Limit,No Memory Limit
1039,E,No Time Limit,No Memory Limit
1039,D,No Time Limit,No Memory Limit
1039,C,No Time Limit,No Memory Limit
1039,B,No Time Limit,No Memory Limit
1039,A,No Time Limit,No Memory Limit
1038,F,No Time Limit,No Memory Limit
1038,E,No Time Limit,No Memory Limit
1038,D,No Time Limit,No Memory Limit
1038,C,No Time Limit,No Memory Limit
1038,B,No Time Limit,No Memory Limit
1038,A,No Time Limit,No Memory Limit
1037,H,No Time Limit,No Memory Limit
1037,G,No Time Limit,No Memory Limit
1037,F,No Time Limit,No Memory Limit
1037,E,No Time Limit,No Memory Limit
1037,D,No Time Limit,No Memory Limit
1037,C,No Time Limit,No Memory Limit
1037,B,No Time Limit,No Memory Limit
1037,A,No Time Limit,No Memory Limit
1036,G,No Time Limit,No Memory Limit
1036,F,No Time Limit,No Memory Limit
1036,E,No Time Limit,No Memory Limit
1036,D,No Time Limit,No Memory Limit
1036,C,No Time Limit,No Memory Limit
1036,B,No Time Limit,No Memory Limit
1036,A,No Time Limit,No Memory Limit
1034,E,No Time Limit,No Memory Limit
1034,D,No Time Limit,No Memory Limit
1034,C,No Time Limit,No Memory Limit
1034,B,No Time Limit,No Memory Limit
1034,A,No Time Limit,No Memory Limit
1033,G,No Time Limit,No Memory Limit
1033,F,No Time Limit,No Memory Limit
1033,E,No Time Limit,No Memory Limit
1033,D,No Time Limit,No Memory Limit
1033,C,No Time Limit,No Memory Limit
1033,B,No Time Limit,No Memory Limit
1033,A,No Time Limit,No Memory Limit
1032,G,No Time Limit,No Memory Limit
1032,F,No Time Limit,No Memory Limit
1032,E,No Time Limit,No Memory Limit
1032,D,No Time Limit,No Memory Limit
1032,C,No Time Limit,No Memory Limit
1032,B,No Time Limit,No Memory Limit
1032,A,No Time Limit,No Memory Limit
1031,F,No Time Limit,No Memory Limit
1031,E,No Time Limit,No Memory Limit
1031,D,No Time Limit,No Memory Limit
1031,C,No Time Limit,No Memory Limit
1031,B,No Time Limit,No Memory Limit
1031,A,No Time Limit,No Memory Limit
1030,G,No Time Limit,No Memory Limit
1030,F,No Time Limit,No Memory Limit
1030,E,No Time Limit,No Memory Limit
1030,D,No Time Limit,No Memory Limit
1030,C,No Time Limit,No Memory Limit
1030,B,No Time Limit,No Memory Limit
1030,A,No Time Limit,No Memory Limit
1029,F,No Time Limit,No Memory Limit
1029,E,No Time Limit,No Memory Limit
1029,D,No Time Limit,No Memory Limit
1029,C,No Time Limit,No Memory Limit
1029,B,No Time Limit,No Memory Limit
1029,A,No Time Limit,No Memory Limit
1028,H,No Time Limit,No Memory Limit
1028,G,No Time Limit,No Memory Limit
1028,F,No Time Limit,No Memory Limit
1028,E,No Time Limit,No Memory Limit
1028,D,No Time Limit,No Memory Limit
1028,C,No Time Limit,No Memory Limit
1028,B,No Time Limit,No Memory Limit
1028,A,No Time Limit,No Memory Limit
1027,G,No Time Limit,No Memory Limit
1027,F,No Time Limit,No Memory Limit
1027,E,No Time Limit,No Memory Limit
1027,D,No Time Limit,No Memory Limit
1027,C,No Time Limit,No Memory Limit
1027,B,No Time Limit,No Memory Limit
1027,A,No Time Limit,No Memory Limit
1025,G,No Time Limit,No Memory Limit
1025,F,No Time Limit,No Memory Limit
1025,E,No Time Limit,No Memory Limit
1025,D,No Time Limit,No Memory Limit
1025,C,No Time Limit,No Memory Limit
1025,B,No Time Limit,No Memory Limit
1025,A,No Time Limit,No Memory Limit
1023,G,No Time Limit,No Memory Limit
1023,F,No Time Limit,No Memory Limit
1023,E,No Time Limit,No Memory Limit
1023,D,No Time Limit,No Memory Limit
1023,C,No Time Limit,No Memory Limit
1023,B,No Time Limit,No Memory Limit
1023,A,No Time Limit,No Memory Limit
1020,B,No Time Limit,No Memory Limit
1020,A,No Time Limit,No Memory Limit
1019,E,No Time Limit,No Memory Limit
1019,D,No Time Limit,No Memory Limit
1019,C,No Time Limit,No Memory Limit
1019,B,No Time Limit,No Memory Limit
1019,A,No Time Limit,No Memory Limit
1017,H,No Time Limit,No Memory Limit
1017,G,No Time Limit,No Memory Limit
1017,F,No Time Limit,No Memory Limit
1017,E,No Time Limit,No Memory Limit
1017,D,No Time Limit,No Memory Limit
1017,C,No Time Limit,No Memory Limit
1017,B,No Time Limit,No Memory Limit
1017,A,No Time Limit,No Memory Limit
1016,G,No Time Limit,No Memory Limit
1016,F,No Time Limit,No Memory Limit
1016,E,No Time Limit,No Memory Limit
1016,D,No Time Limit,No Memory Limit
1016,C,No Time Limit,No Memory Limit
1016,B,No Time Limit,No Memory Limit
1016,A,No Time Limit,No Memory Limit
1015,F,No Time Limit,No Memory Limit
1015,E2,No Time Limit,No Memory Limit
1015,E1,No Time Limit,No Memory Limit
1015,D,No Time Limit,No Memory Limit
1015,C,No Time Limit,No Memory Limit
1015,B,No Time Limit,No Memory Limit
1015,A,No Time Limit,No Memory Limit
1013,B,No Time Limit,No Memory Limit
1013,A,No Time Limit,No Memory Limit
1012,F,No Time Limit,No Memory Limit
1012,E,No Time Limit,No Memory Limit
1012,D,No Time Limit,No Memory Limit
1012,C,No Time Limit,No Memory Limit
1012,B,No Time Limit,No Memory Limit
1012,A,No Time Limit,No Memory Limit
1011,B,No Time Limit,No Memory Limit
1011,A,No Time Limit,No Memory Limit
1010,F,No Time Limit,No Memory Limit
1010,E,No Time Limit,No Memory Limit
1010,D,No Time Limit,No Memory Limit
1010,C,No Time Limit,No Memory Limit
1010,B,No Time Limit,No Memory Limit
1010,A,No Time Limit,No Memory Limit
1009,G,No Time Limit,No Memory Limit
1009,F,No Time Limit,No Memory Limit
1009,E,No Time Limit,No Memory Limit
1009,D,No Time Limit,No Memory Limit
1009,C,No Time Limit,No Memory Limit
1009,B,No Time Limit,No Memory Limit
1009,A,No Time Limit,No Memory Limit
1008,B,No Time Limit,No Memory Limit
1008,A,No Time Limit,No Memory Limit
1007,E,No Time Limit,No Memory Limit
1007,D,No Time Limit,No Memory Limit
1007,C,No Time Limit,No Memory Limit
1007,B,No Time Limit,No Memory Limit
1007,A,No Time Limit,No Memory Limit
1006,F,No Time Limit,No Memory Limit
1006,E,No Time Limit,No Memory Limit
1006,D,No Time Limit,No Memory Limit
1006,C,No Time Limit,No Memory Limit
1006,B,No Time Limit,No Memory Limit
1006,A,No Time Limit,No Memory Limit
1005,F,No Time Limit,No Memory Limit
1005,E2,No Time Limit,No Memory Limit
1005,E1,No Time Limit,No Memory Limit
1005,D,No Time Limit,No Memory Limit
1005,C,No Time Limit,No Memory Limit
1005,B,No Time Limit,No Memory Limit
1005,A,No Time Limit,No Memory Limit
1004,F,No Time Limit,No Memory Limit
1004,E,No Time Limit,No Memory Limit
1004,D,No Time Limit,No Memory Limit
1004,C,No Time Limit,No Memory Limit
1004,B,No Time Limit,No Memory Limit
1004,A,No Time Limit,No Memory Limit
1003,F,No Time Limit,No Memory Limit
1003,E,No Time Limit,No Memory Limit
1003,D,No Time Limit,No Memory Limit
1003,C,No Time Limit,No Memory Limit
1003,B,No Time Limit,No Memory Limit
1003,A,No Time Limit,No Memory Limit
1002,E2,No Time Limit,No Memory Limit
1002,E1,No Time Limit,No Memory Limit
1002,D3,No Time Limit,No Memory Limit
1002,D2,No Time Limit,No Memory Limit
1002,D1,No Time Limit,No Memory Limit
1002,C2,No Time Limit,No Memory Limit
1002,C1,No Time Limit,No Memory Limit
1002,B4,No Time Limit,No Memory Limit
1002,B3,No Time Limit,No Memory Limit
1002,B2,No Time Limit,No Memory Limit
1002,B1,No Time Limit,No Memory Limit
1002,A4,No Time Limit,No Memory Limit
1002,A3,No Time Limit,No Memory Limit
1002,A2,No Time Limit,No Memory Limit
1002,A1,No Time Limit,No Memory Limit
1001,I,No Time Limit,No Memory Limit
1001,H,No Time Limit,No Memory Limit
1001,G,No Time Limit,No Memory Limit
1001,F,No Time Limit,No Memory Limit
1001,E,No Time Limit,No Memory Limit
1001,D,No Time Limit,No Memory Limit
1001,C,No Time Limit,No Memory Limit
1001,B,No Time Limit,No Memory Limit
1001,A,No Time Limit,No Memory Limit
1000,G,No Time Limit,No Memory Limit
1000,F,No Time Limit,No Memory Limit
1000,E,No Time Limit,No Memory Limit
1000,D,No Time Limit,No Memory Limit
1000,C,No Time Limit,No Memory Limit
1000,B,No Time Limit,No Memory Limit
1000,A,No Time Limit,No Memory Limit
999,F,No Time Limit,No Memory Limit
999,E,No Time Limit,No Memory Limit
999,D,No Time Limit,No Memory Limit
999,C,No Time Limit,No Memory Limit
999,B,No Time Limit,No Memory Limit
999,A,No Time Limit,No Memory Limit
998,B,No Time Limit,No Memory Limit
998,A,No Time Limit,No Memory Limit
997,E,No Time Limit,No Memory Limit
997,D,No Time Limit,No Memory Limit
997,C,No Time Limit,No Memory Limit
997,B,No Time Limit,No Memory Limit
997,A,No Time Limit,No Memory Limit
996,B,No Time Limit,No Memory Limit
996,A,No Time Limit,No Memory Limit
995,F,No Time Limit,No Memory Limit
995,E,No Time Limit,No Memory Limit
995,D,No Time Limit,No Memory Limit
995,C,No Time Limit,No Memory Limit
995,B,No Time Limit,No Memory Limit
995,A,No Time Limit,No Memory Limit
994,B,No Time Limit,No Memory Limit
994,A,No Time Limit,No Memory Limit
993,F,No Time Limit,No Memory Limit
993,E,No Time Limit,No Memory Limit
993,D,No Time Limit,No Memory Limit
993,C,No Time Limit,No Memory Limit
993,B,No Time Limit,No Memory Limit
993,A,No Time Limit,No Memory Limit
992,E,No Time Limit,No Memory Limit
992,D,No Time Limit,No Memory Limit
992,C,No Time Limit,No Memory Limit
992,B,No Time Limit,No Memory Limit
992,A,No Time Limit,No Memory Limit
991,F,No Time Limit,No Memory Limit
991,E,No Time Limit,No Memory Limit
991,D,No Time Limit,No Memory Limit
991,C,No Time Limit,No Memory Limit
991,B,No Time Limit,No Memory Limit
991,A,No Time Limit,No Memory Limit
990,G,No Time Limit,No Memory Limit
990,F,No Time Limit,No Memory Limit
990,E,No Time Limit,No Memory Limit
990,D,No Time Limit,No Memory Limit
990,C,No Time Limit,No Memory Limit
990,B,No Time Limit,No Memory Limit
990,A,No Time Limit,No Memory Limit
989,E,No Time Limit,No Memory Limit
989,D,No Time Limit,No Memory Limit
989,C,No Time Limit,No Memory Limit
989,B,No Time Limit,No Memory Limit
989,A,No Time Limit,No Memory Limit
988,F,No Time Limit,No Memory Limit
988,E,No Time Limit,No Memory Limit
988,D,No Time Limit,No Memory Limit
988,C,No Time Limit,No Memory Limit
988,B,No Time Limit,No Memory Limit
988,A,No Time Limit,No Memory Limit
987,C,No Time Limit,No Memory Limit
987,B,No Time Limit,No Memory Limit
987,A,No Time Limit,No Memory Limit
986,F,No Time Limit,No Memory Limit
986,E,No Time Limit,No Memory Limit
986,D,No Time Limit,No Memory Limit
986,C,No Time Limit,No Memory Limit
986,B,No Time Limit,No Memory Limit
986,A,No Time Limit,No Memory Limit
985,G,No Time Limit,No Memory Limit
985,F,No Time Limit,No Memory Limit
985,E,No Time Limit,No Memory Limit
985,D,No Time Limit,No Memory Limit
985,C,No Time Limit,No Memory Limit
985,B,No Time Limit,No Memory Limit
985,A,No Time Limit,No Memory Limit
984,B,No Time Limit,No Memory Limit
984,A,No Time Limit,No Memory Limit
983,E,No Time Limit,No Memory Limit
983,D,No Time Limit,No Memory Limit
983,C,No Time Limit,No Memory Limit
983,B,No Time Limit,No Memory Limit
983,A,No Time Limit,No Memory Limit
982,F,No Time Limit,No Memory Limit
982,E,No Time Limit,No Memory Limit
982,D,No Time Limit,No Memory Limit
982,C,No Time Limit,No Memory Limit
982,B,No Time Limit,No Memory Limit
982,A,No Time Limit,No Memory Limit
981,H,No Time Limit,No Memory Limit
981,G,No Time Limit,No Memory Limit
981,F,No Time Limit,No Memory Limit
981,E,No Time Limit,No Memory Limit
981,D,No Time Limit,No Memory Limit
981,C,No Time Limit,No Memory Limit
981,B,No Time Limit,No Memory Limit
981,A,No Time Limit,No Memory Limit
980,F,No Time Limit,No Memory Limit
980,E,No Time Limit,No Memory Limit
980,D,No Time Limit,No Memory Limit
980,C,No Time Limit,No Memory Limit
980,B,No Time Limit,No Memory Limit
980,A,No Time Limit,No Memory Limit
979,E,No Time Limit,No Memory Limit
979,D,No Time Limit,No Memory Limit
979,C,No Time Limit,No Memory Limit
979,B,No Time Limit,No Memory Limit
979,A,No Time Limit,No Memory Limit
978,G,No Time Limit,No Memory Limit
978,F,No Time Limit,No Memory Limit
978,E,No Time Limit,No Memory Limit
978,D,No Time Limit,No Memory Limit
978,C,No Time Limit,No Memory Limit
978,B,No Time Limit,No Memory Limit
978,A,No Time Limit,No Memory Limit
977,F,No Time Limit,No Memory Limit
977,E,No Time Limit,No Memory Limit
977,D,No Time Limit,No Memory Limit
977,C,No Time Limit,No Memory Limit
977,B,No Time Limit,No Memory Limit
977,A,No Time Limit,No Memory Limit
976,F,No Time Limit,No Memory Limit
976,E,No Time Limit,No Memory Limit
976,D,No Time Limit,No Memory Limit
976,C,No Time Limit,No Memory Limit
976,B,No Time Limit,No Memory Limit
976,A,No Time Limit,No Memory Limit
975,E,No Time Limit,No Memory Limit
975,D,No Time Limit,No Memory Limit
975,C,No Time Limit,No Memory Limit
975,B,No Time Limit,No Memory Limit
975,A,No Time Limit,No Memory Limit
967,B,No Time Limit,No Memory Limit
967,A,No Time Limit,No Memory Limit
965,E,No Time Limit,No Memory Limit
965,D,No Time Limit,No Memory Limit
965,C,No Time Limit,No Memory Limit
965,B,No Time Limit,No Memory Limit
965,A,No Time Limit,No Memory Limit
964,B,No Time Limit,No Memory Limit
964,A,No Time Limit,No Memory Limit
963,E,No Time Limit,No Memory Limit
963,D,No Time Limit,No Memory Limit
963,C,No Time Limit,No Memory Limit
963,B,No Time Limit,No Memory Limit
963,A,No Time Limit,No Memory Limit
962,G,No Time Limit,No Memory Limit
962,F,No Time Limit,No Memory Limit
962,E,No Time Limit,No Memory Limit
962,D,No Time Limit,No Memory Limit
962,C,No Time Limit,No Memory Limit
962,B,No Time Limit,No Memory Limit
962,A,No Time Limit,No Memory Limit
961,G,No Time Limit,No Memory Limit
961,F,No Time Limit,No Memory Limit
961,E,No Time Limit,No Memory Limit
961,D,No Time Limit,No Memory Limit
961,C,No Time Limit,No Memory Limit
961,B,No Time Limit,No Memory Limit
961,A,No Time Limit,No Memory Limit
960,H,No Time Limit,No Memory Limit
960,G,No Time Limit,No Memory Limit
960,F,No Time Limit,No Memory Limit
960,E,No Time Limit,No Memory Limit
960,D,No Time Limit,No Memory Limit
960,C,No Time Limit,No Memory Limit
960,B,No Time Limit,No Memory Limit
960,A,No Time Limit,No Memory Limit
959,F,No Time Limit,No Memory Limit
959,E,No Time Limit,No Memory Limit
959,D,No Time Limit,No Memory Limit
959,C,No Time Limit,No Memory Limit
959,B,No Time Limit,No Memory Limit
959,A,No Time Limit,No Memory Limit
958,F3,No Time Limit,No Memory Limit
958,F2,No Time Limit,No Memory Limit
958,F1,No Time Limit,No Memory Limit
958,E3,No Time Limit,No Memory Limit
958,E2,No Time Limit,No Memory Limit
958,E1,No Time Limit,No Memory Limit
958,D2,No Time Limit,No Memory Limit
958,D1,No Time Limit,No Memory Limit
958,C3,No Time Limit,No Memory Limit
958,C2,No Time Limit,No Memory Limit
958,C1,No Time Limit,No Memory Limit
958,B2,No Time Limit,No Memory Limit
958,B1,No Time Limit,No Memory Limit
958,A3,No Time Limit,No Memory Limit
958,A2,No Time Limit,No Memory Limit
958,A1,No Time Limit,No Memory Limit
957,A,No Time Limit,No Memory Limit
955,F,No Time Limit,No Memory Limit
955,E,No Time Limit,No Memory Limit
955,D,No Time Limit,No Memory Limit
955,C,No Time Limit,No Memory Limit
955,B,No Time Limit,No Memory Limit
955,A,No Time Limit,No Memory Limit
954,I,No Time Limit,No Memory Limit
954,H,No Time Limit,No Memory Limit
954,G,No Time Limit,No Memory Limit
954,F,No Time Limit,No Memory Limit
954,E,No Time Limit,No Memory Limit
954,D,No Time Limit,No Memory Limit
954,C,No Time Limit,No Memory Limit
954,B,No Time Limit,No Memory Limit
954,A,No Time Limit,No Memory Limit
952,G,No Time Limit,No Memory Limit
952,F,No Time Limit,No Memory Limit
952,E,No Time Limit,No Memory Limit
952,D,No Time Limit,No Memory Limit
952,C,No Time Limit,No Memory Limit
952,B,No Time Limit,No Memory Limit
952,A,No Time Limit,No Memory Limit
950,B,No Time Limit,No Memory Limit
950,A,No Time Limit,No Memory Limit
949,F,No Time Limit,No Memory Limit
949,E,No Time Limit,No Memory Limit
949,D,No Time Limit,No Memory Limit
949,C,No Time Limit,No Memory Limit
949,B,No Time Limit,No Memory Limit
949,A,No Time Limit,No Memory Limit
948,A,No Time Limit,No Memory Limit
946,G,No Time Limit,No Memory Limit
946,F,No Time Limit,No Memory Limit
946,E,No Time Limit,No Memory Limit
946,D,No Time Limit,No Memory Limit
946,C,No Time Limit,No Memory Limit
946,B,No Time Limit,No Memory Limit
946,A,No Time Limit,No Memory Limit
940,F,No Time Limit,No Memory Limit
940,E,No Time Limit,No Memory Limit
940,D,No Time Limit,No Memory Limit
940,C,No Time Limit,No Memory Limit
940,B,No Time Limit,No Memory Limit
940,A,No Time Limit,No Memory Limit
939,F,No Time Limit,No Memory Limit
939,E,No Time Limit,No Memory Limit
939,D,No Time Limit,No Memory Limit
939,C,No Time Limit,No Memory Limit
939,B,No Time Limit,No Memory Limit
939,A,No Time Limit,No Memory Limit
938,G,No Time Limit,No Memory Limit
938,F,No Time Limit,No Memory Limit
938,E,No Time Limit,No Memory Limit
938,D,No Time Limit,No Memory Limit
938,C,No Time Limit,No Memory Limit
938,B,No Time Limit,No Memory Limit
938,A,No Time Limit,No Memory Limit
937,B,No Time Limit,No Memory Limit
937,A,No Time Limit,No Memory Limit
936,E,No Time Limit,No Memory Limit
936,D,No Time Limit,No Memory Limit
936,C,No Time Limit,No Memory Limit
936,B,No Time Limit,No Memory Limit
936,A,No Time Limit,No Memory Limit
935,F,No Time Limit,No Memory Limit
935,E,No Time Limit,No Memory Limit
935,D,No Time Limit,No Memory Limit
935,C,No Time Limit,No Memory Limit
935,B,No Time Limit,No Memory Limit
935,A,No Time Limit,No Memory Limit
934,B,No Time Limit,No Memory Limit
934,A,No Time Limit,No Memory Limit
933,E,No Time Limit,No Memory Limit
933,D,No Time Limit,No Memory Limit
933,C,No Time Limit,No Memory Limit
933,B,No Time Limit,No Memory Limit
933,A,No Time Limit,No Memory Limit
932,G,No Time Limit,No Memory Limit
932,F,No Time Limit,No Memory Limit
932,E,No Time Limit,No Memory Limit
932,D,No Time Limit,No Memory Limit
932,C,No Time Limit,No Memory Limit
932,B,No Time Limit,No Memory Limit
932,A,No Time Limit,No Memory Limit
931,C,No Time Limit,No Memory Limit
931,B,No Time Limit,No Memory Limit
931,A,No Time Limit,No Memory Limit
930,E,No Time Limit,No Memory Limit
930,D,No Time Limit,No Memory Limit
930,C,No Time Limit,No Memory Limit
930,B,No Time Limit,No Memory Limit
930,A,No Time Limit,No Memory Limit
929,D,No Time Limit,No Memory Limit
929,C,No Time Limit,No Memory Limit
929,B,No Time Limit,No Memory Limit
929,A,No Time Limit,No Memory Limit
928,D,No Time Limit,No Memory Limit
928,C,No Time Limit,No Memory Limit
928,B,No Time Limit,No Memory Limit
928,A,No Time Limit,No Memory Limit
927,A,No Time Limit,No Memory Limit
926,J,No Time Limit,No Memory Limit
926,I,No Time Limit,No Memory Limit
926,H,No Time Limit,No Memory Limit
926,G,No Time Limit,No Memory Limit
926,F,No Time Limit,No Memory Limit
926,E,No Time Limit,No Memory Limit
926,D,No Time Limit,No Memory Limit
926,C,No Time Limit,No Memory Limit
926,B,No Time Limit,No Memory Limit
926,A,No Time Limit,No Memory Limit
925,F,No Time Limit,No Memory Limit
925,E,No Time Limit,No Memory Limit
925,D,No Time Limit,No Memory Limit
925,C,No Time Limit,No Memory Limit
925,B,No Time Limit,No Memory Limit
925,A,No Time Limit,No Memory Limit
924,F,No Time Limit,No Memory Limit
924,E,No Time Limit,No Memory Limit
924,D,No Time Limit,No Memory Limit
924,C,No Time Limit,No Memory Limit
924,B,No Time Limit,No Memory Limit
924,A,No Time Limit,No Memory Limit
923,F,No Time Limit,No Memory Limit
923,E,No Time Limit,No Memory Limit
923,D,No Time Limit,No Memory Limit
923,C,No Time Limit,No Memory Limit
923,B,No Time Limit,No Memory Limit
923,A,No Time Limit,No Memory Limit
922,F,No Time Limit,No Memory Limit
922,E,No Time Limit,No Memory Limit
922,D,No Time Limit,No Memory Limit
922,C,No Time Limit,No Memory Limit
922,B,No Time Limit,No Memory Limit
922,A,No Time Limit,No Memory Limit
921,14,No Time Limit,No Memory Limit
921,13,No Time Limit,No Memory Limit
921,12,No Time Limit,No Memory Limit
921,11,No Time Limit,No Memory Limit
921,10,No Time Limit,No Memory Limit
921,09,No Time Limit,No Memory Limit
921,08,No Time Limit,No Memory Limit
921,07,No Time Limit,No Memory Limit
921,06,No Time Limit,No Memory Limit
921,05,No Time Limit,No Memory Limit
921,04,No Time Limit,No Memory Limit
921,03,No Time Limit,No Memory Limit
921,02,No Time Limit,No Memory Limit
921,01,No Time Limit,No Memory Limit
920,G,No Time Limit,No Memory Limit
920,F,No Time Limit,No Memory Limit
920,E,No Time Limit,No Memory Limit
920,D,No Time Limit,No Memory Limit
920,C,No Time Limit,No Memory Limit
920,B,No Time Limit,No Memory Limit
920,A,No Time Limit,No Memory Limit
919,F,No Time Limit,No Memory Limit
919,E,No Time Limit,No Memory Limit
919,D,No Time Limit,No Memory Limit
919,C,No Time Limit,No Memory Limit
919,B,No Time Limit,No Memory Limit
919,A,No Time Limit,No Memory Limit
918,B,No Time Limit,No Memory Limit
918,A,No Time Limit,No Memory Limit
917,E,No Time Limit,No Memory Limit
917,D,No Time Limit,No Memory Limit
917,C,No Time Limit,No Memory Limit
917,B,No Time Limit,No Memory Limit
917,A,No Time Limit,No Memory Limit
916,E,No Time Limit,No Memory Limit
916,D,No Time Limit,No Memory Limit
916,C,No Time Limit,No Memory Limit
916,B,No Time Limit,No Memory Limit
916,A,No Time Limit,No Memory Limit
915,G,No Time Limit,No Memory Limit
915,F,No Time Limit,No Memory Limit
915,E,No Time Limit,No Memory Limit
915,D,No Time Limit,No Memory Limit
915,C,No Time Limit,No Memory Limit
915,B,No Time Limit,No Memory Limit
915,A,No Time Limit,No Memory Limit
914,H,No Time Limit,No Memory Limit
914,G,No Time Limit,No Memory Limit
914,F,No Time Limit,No Memory Limit
914,E,No Time Limit,No Memory Limit
914,D,No Time Limit,No Memory Limit
914,C,No Time Limit,No Memory Limit
914,B,No Time Limit,No Memory Limit
914,A,No Time Limit,No Memory Limit
913,H,No Time Limit,No Memory Limit
913,G,No Time Limit,No Memory Limit
913,F,No Time Limit,No Memory Limit
913,E,No Time Limit,No Memory Limit
913,D,No Time Limit,No Memory Limit
913,C,No Time Limit,No Memory Limit
913,B,No Time Limit,No Memory Limit
913,A,No Time Limit,No Memory Limit
912,E,No Time Limit,No Memory Limit
912,D,No Time Limit,No Memory Limit
912,C,No Time Limit,No Memory Limit
912,B,No Time Limit,No Memory Limit
912,A,No Time Limit,No Memory Limit
911,G,No Time Limit,No Memory Limit
911,F,No Time Limit,No Memory Limit
911,E,No Time Limit,No Memory Limit
911,D,No Time Limit,No Memory Limit
911,C,No Time Limit,No Memory Limit
911,B,No Time Limit,No Memory Limit
911,A,No Time Limit,No Memory Limit
910,C,No Time Limit,No Memory Limit
910,B,No Time Limit,No Memory Limit
910,A,No Time Limit,No Memory Limit
909,F,No Time Limit,No Memory Limit
909,E,No Time Limit,No Memory Limit
909,D,No Time Limit,No Memory Limit
909,C,No Time Limit,No Memory Limit
909,B,No Time Limit,No Memory Limit
909,A,No Time Limit,No Memory Limit
908,H,No Time Limit,No Memory Limit
908,G,No Time Limit,No Memory Limit
908,F,No Time Limit,No Memory Limit
908,E,No Time Limit,No Memory Limit
908,D,No Time Limit,No Memory Limit
908,C,No Time Limit,No Memory Limit
908,B,No Time Limit,No Memory Limit
908,A,No Time Limit,No Memory Limit
907,B,No Time Limit,No Memory Limit
907,A,No Time Limit,No Memory Limit
906,E,No Time Limit,No Memory Limit
906,D,No Time Limit,No Memory Limit
906,C,No Time Limit,No Memory Limit
906,B,No Time Limit,No Memory Limit
906,A,No Time Limit,No Memory Limit
903,G,No Time Limit,No Memory Limit
903,F,No Time Limit,No Memory Limit
903,E,No Time Limit,No Memory Limit
903,D,No Time Limit,No Memory Limit
903,C,No Time Limit,No Memory Limit
903,B,No Time Limit,No Memory Limit
903,A,No Time Limit,No Memory Limit
902,B,No Time Limit,No Memory Limit
902,A,No Time Limit,No Memory Limit
901,E,No Time Limit,No Memory Limit
901,D,No Time Limit,No Memory Limit
901,C,No Time Limit,No Memory Limit
901,B,No Time Limit,No Memory Limit
901,A,No Time Limit,No Memory Limit
900,E,No Time Limit,No Memory Limit
900,D,No Time Limit,No Memory Limit
900,C,No Time Limit,No Memory Limit
900,B,No Time Limit,No Memory Limit
900,A,No Time Limit,No Memory Limit
899,F,No Time Limit,No Memory Limit
899,E,No Time Limit,No Memory Limit
899,D,No Time Limit,No Memory Limit
899,C,No Time Limit,No Memory Limit
899,B,No Time Limit,No Memory Limit
899,A,No Time Limit,No Memory Limit
898,F,No Time Limit,No Memory Limit
898,E,No Time Limit,No Memory Limit
898,D,No Time Limit,No Memory Limit
898,C,No Time Limit,No Memory Limit
898,B,No Time Limit,No Memory Limit
898,A,No Time Limit,No Memory Limit
897,B,No Time Limit,No Memory Limit
897,A,No Time Limit,No Memory Limit
896,E,No Time Limit,No Memory Limit
896,D,No Time Limit,No Memory Limit
896,C,No Time Limit,No Memory Limit
896,B,No Time Limit,No Memory Limit
896,A,No Time Limit,No Memory Limit
895,E,No Time Limit,No Memory Limit
895,D,No Time Limit,No Memory Limit
895,C,No Time Limit,No Memory Limit
895,B,No Time Limit,No Memory Limit
895,A,No Time Limit,No Memory Limit
894,E,No Time Limit,No Memory Limit
894,D,No Time Limit,No Memory Limit
894,C,No Time Limit,No Memory Limit
894,B,No Time Limit,No Memory Limit
894,A,No Time Limit,No Memory Limit
893,F,No Time Limit,No Memory Limit
893,E,No Time Limit,No Memory Limit
893,D,No Time Limit,No Memory Limit
893,C,No Time Limit,No Memory Limit
893,B,No Time Limit,No Memory Limit
893,A,No Time Limit,No Memory Limit
892,B,No Time Limit,No Memory Limit
892,A,No Time Limit,No Memory Limit
891,E,No Time Limit,No Memory Limit
891,D,No Time Limit,No Memory Limit
891,C,No Time Limit,No Memory Limit
891,B,No Time Limit,No Memory Limit
891,A,No Time Limit,No Memory Limit
889,E,No Time Limit,No Memory Limit
888,G,No Time Limit,No Memory Limit
888,F,No Time Limit,No Memory Limit
888,E,No Time Limit,No Memory Limit
888,D,No Time Limit,No Memory Limit
888,C,No Time Limit,No Memory Limit
888,B,No Time Limit,No Memory Limit
888,A,No Time Limit,No Memory Limit
887,F,No Time Limit,No Memory Limit
887,E,No Time Limit,No Memory Limit
887,D,No Time Limit,No Memory Limit
887,C,No Time Limit,No Memory Limit
887,B,No Time Limit,No Memory Limit
887,A,No Time Limit,No Memory Limit
886,F,No Time Limit,No Memory Limit
886,E,No Time Limit,No Memory Limit
886,D,No Time Limit,No Memory Limit
886,C,No Time Limit,No Memory Limit
886,B,No Time Limit,No Memory Limit
886,A,No Time Limit,No Memory Limit
884,F,No Time Limit,No Memory Limit
884,E,No Time Limit,No Memory Limit
884,D,No Time Limit,No Memory Limit
884,C,No Time Limit,No Memory Limit
884,B,No Time Limit,No Memory Limit
884,A,No Time Limit,No Memory Limit
883,M,No Time Limit,No Memory Limit
883,L,No Time Limit,No Memory Limit
883,K,No Time Limit,No Memory Limit
883,J,No Time Limit,No Memory Limit
883,I,No Time Limit,No Memory Limit
883,H,No Time Limit,No Memory Limit
883,G,No Time Limit,No Memory Limit
883,F,No Time Limit,No Memory Limit
883,E,No Time Limit,No Memory Limit
883,D,No Time Limit,No Memory Limit
883,C,No Time Limit,No Memory Limit
883,B,No Time Limit,No Memory Limit
883,A,No Time Limit,No Memory Limit
879,B,No Time Limit,No Memory Limit
879,A,No Time Limit,No Memory Limit
878,E,No Time Limit,No Memory Limit
878,D,No Time Limit,No Memory Limit
878,C,No Time Limit,No Memory Limit
878,B,No Time Limit,No Memory Limit
878,A,No Time Limit,No Memory Limit
877,F,No Time Limit,No Memory Limit
877,E,No Time Limit,No Memory Limit
877,D,No Time Limit,No Memory Limit
877,C,No Time Limit,No Memory Limit
877,B,No Time Limit,No Memory Limit
877,A,No Time Limit,No Memory Limit
876,B,No Time Limit,No Memory Limit
876,A,No Time Limit,No Memory Limit
875,F,No Time Limit,No Memory Limit
875,E,No Time Limit,No Memory Limit
875,D,No Time Limit,No Memory Limit
875,C,No Time Limit,No Memory Limit
875,B,No Time Limit,No Memory Limit
875,A,No Time Limit,No Memory Limit
873,F,No Time Limit,No Memory Limit
873,E,No Time Limit,No Memory Limit
873,D,No Time Limit,No Memory Limit
873,C,No Time Limit,No Memory Limit
873,B,No Time Limit,No Memory Limit
873,A,No Time Limit,No Memory Limit
871,E,No Time Limit,No Memory Limit
870,F,No Time Limit,No Memory Limit
870,E,No Time Limit,No Memory Limit
870,D,No Time Limit,No Memory Limit
870,C,No Time Limit,No Memory Limit
870,B,No Time Limit,No Memory Limit
870,A,No Time Limit,No Memory Limit
869,E,No Time Limit,No Memory Limit
869,D,No Time Limit,No Memory Limit
869,C,No Time Limit,No Memory Limit
869,B,No Time Limit,No Memory Limit
869,A,No Time Limit,No Memory Limit
868,G,No Time Limit,No Memory Limit
868,F,No Time Limit,No Memory Limit
868,E,No Time Limit,No Memory Limit
868,D,No Time Limit,No Memory Limit
868,C,No Time Limit,No Memory Limit
868,B,No Time Limit,No Memory Limit
868,A,No Time Limit,No Memory Limit
867,A,No Time Limit,No Memory Limit
865,G,No Time Limit,No Memory Limit
865,F,No Time Limit,No Memory Limit
865,E,No Time Limit,No Memory Limit
865,D,No Time Limit,No Memory Limit
865,C,No Time Limit,No Memory Limit
865,B,No Time Limit,No Memory Limit
865,A,No Time Limit,No Memory Limit
864,F,No Time Limit,No Memory Limit
864,E,No Time Limit,No Memory Limit
864,D,No Time Limit,No Memory Limit
864,C,No Time Limit,No Memory Limit
864,B,No Time Limit,No Memory Limit
864,A,No Time Limit,No Memory Limit
863,G,No Time Limit,No Memory Limit
863,F,No Time Limit,No Memory Limit
863,E,No Time Limit,No Memory Limit
863,D,No Time Limit,No Memory Limit
863,C,No Time Limit,No Memory Limit
863,B,No Time Limit,No Memory Limit
863,A,No Time Limit,No Memory Limit
862,F,No Time Limit,No Memory Limit
862,E,No Time Limit,No Memory Limit
862,D,No Time Limit,No Memory Limit
862,C,No Time Limit,No Memory Limit
862,B,No Time Limit,No Memory Limit
862,A,No Time Limit,No Memory Limit
860,E,No Time Limit,No Memory Limit
859,G,No Time Limit,No Memory Limit
859,F,No Time Limit,No Memory Limit
859,E,No Time Limit,No Memory Limit
859,D,No Time Limit,No Memory Limit
859,C,No Time Limit,No Memory Limit
859,B,No Time Limit,No Memory Limit
859,A,No Time Limit,No Memory Limit
858,F,No Time Limit,No Memory Limit
858,E,No Time Limit,No Memory Limit
858,D,No Time Limit,No Memory Limit
858,C,No Time Limit,No Memory Limit
858,B,No Time Limit,No Memory Limit
858,A,No Time Limit,No Memory Limit
856,F,No Time Limit,No Memory Limit
856,E,No Time Limit,No Memory Limit
856,D,No Time Limit,No Memory Limit
856,C,No Time Limit,No Memory Limit
856,B,No Time Limit,No Memory Limit
856,A,No Time Limit,No Memory Limit
855,G,No Time Limit,No Memory Limit
855,F,No Time Limit,No Memory Limit
855,E,No Time Limit,No Memory Limit
855,D,No Time Limit,No Memory Limit
855,C,No Time Limit,No Memory Limit
855,B,No Time Limit,No Memory Limit
855,A,No Time Limit,No Memory Limit
854,B,No Time Limit,No Memory Limit
854,A,No Time Limit,No Memory Limit
853,E,No Time Limit,No Memory Limit
853,D,No Time Limit,No Memory Limit
853,C,No Time Limit,No Memory Limit
853,B,No Time Limit,No Memory Limit
853,A,No Time Limit,No Memory Limit
852,I,No Time Limit,No Memory Limit
852,H,No Time Limit,No Memory Limit
852,G,No Time Limit,No Memory Limit
852,F,No Time Limit,No Memory Limit
852,E,No Time Limit,No Memory Limit
852,D,No Time Limit,No Memory Limit
852,C,No Time Limit,No Memory Limit
852,B,No Time Limit,No Memory Limit
852,A,No Time Limit,No Memory Limit
851,B,No Time Limit,No Memory Limit
851,A,No Time Limit,No Memory Limit
850,F,No Time Limit,No Memory Limit
850,E,No Time Limit,No Memory Limit
850,D,No Time Limit,No Memory Limit
850,C,No Time Limit,No Memory Limit
850,B,No Time Limit,No Memory Limit
850,A,No Time Limit,No Memory Limit
849,B,No Time Limit,No Memory Limit
849,A,No Time Limit,No Memory Limit
848,E,No Time Limit,No Memory Limit
848,D,No Time Limit,No Memory Limit
848,C,No Time Limit,No Memory Limit
848,B,No Time Limit,No Memory Limit
848,A,No Time Limit,No Memory Limit
847,M,No Time Limit,No Memory Limit
847,L,No Time Limit,No Memory Limit
847,K,No Time Limit,No Memory Limit
847,J,No Time Limit,No Memory Limit
847,I,No Time Limit,No Memory Limit
847,H,No Time Limit,No Memory Limit
847,G,No Time Limit,No Memory Limit
847,F,No Time Limit,No Memory Limit
847,E,No Time Limit,No Memory Limit
847,D,No Time Limit,No Memory Limit
847,C,No Time Limit,No Memory Limit
847,B,No Time Limit,No Memory Limit
847,A,No Time Limit,No Memory Limit
846,F,No Time Limit,No Memory Limit
846,E,No Time Limit,No Memory Limit
846,D,No Time Limit,No Memory Limit
846,C,No Time Limit,No Memory Limit
846,B,No Time Limit,No Memory Limit
846,A,No Time Limit,No Memory Limit
845,G,No Time Limit,No Memory Limit
845,F,No Time Limit,No Memory Limit
845,E,No Time Limit,No Memory Limit
845,D,No Time Limit,No Memory Limit
845,C,No Time Limit,No Memory Limit
845,B,No Time Limit,No Memory Limit
845,A,No Time Limit,No Memory Limit
844,B,No Time Limit,No Memory Limit
844,A,No Time Limit,No Memory Limit
843,E,No Time Limit,No Memory Limit
843,D,No Time Limit,No Memory Limit
843,C,No Time Limit,No Memory Limit
843,B,No Time Limit,No Memory Limit
843,A,No Time Limit,No Memory Limit
842,E,No Time Limit,No Memory Limit
842,D,No Time Limit,No Memory Limit
842,C,No Time Limit,No Memory Limit
842,B,No Time Limit,No Memory Limit
842,A,No Time Limit,No Memory Limit
841,B,No Time Limit,No Memory Limit
841,A,No Time Limit,No Memory Limit
840,E,No Time Limit,No Memory Limit
840,D,No Time Limit,No Memory Limit
840,C,No Time Limit,No Memory Limit
840,B,No Time Limit,No Memory Limit
840,A,No Time Limit,No Memory Limit
839,E,No Time Limit,No Memory Limit
839,D,No Time Limit,No Memory Limit
839,C,No Time Limit,No Memory Limit
839,B,No Time Limit,No Memory Limit
839,A,No Time Limit,No Memory Limit
838,F,No Time Limit,No Memory Limit
838,E,No Time Limit,No Memory Limit
838,D,No Time Limit,No Memory Limit
838,C,No Time Limit,No Memory Limit
838,B,No Time Limit,No Memory Limit
838,A,No Time Limit,No Memory Limit
837,G,No Time Limit,No Memory Limit
837,F,No Time Limit,No Memory Limit
837,E,No Time Limit,No Memory Limit
837,D,No Time Limit,No Memory Limit
837,C,No Time Limit,No Memory Limit
837,B,No Time Limit,No Memory Limit
837,A,No Time Limit,No Memory Limit
835,F,No Time Limit,No Memory Limit
835,E,No Time Limit,No Memory Limit
835,D,No Time Limit,No Memory Limit
835,C,No Time Limit,No Memory Limit
835,B,No Time Limit,No Memory Limit
835,A,No Time Limit,No Memory Limit
834,B,No Time Limit,No Memory Limit
834,A,No Time Limit,No Memory Limit
833,E,No Time Limit,No Memory Limit
833,D,No Time Limit,No Memory Limit
833,C,No Time Limit,No Memory Limit
833,B,No Time Limit,No Memory Limit
833,A,No Time Limit,No Memory Limit
832,E,No Time Limit,No Memory Limit
832,D,No Time Limit,No Memory Limit
832,C,No Time Limit,No Memory Limit
832,B,No Time Limit,No Memory Limit
832,A,No Time Limit,No Memory Limit
831,C,No Time Limit,No Memory Limit
831,B,No Time Limit,No Memory Limit
831,A,No Time Limit,No Memory Limit
830,E,No Time Limit,No Memory Limit
830,D,No Time Limit,No Memory Limit
830,C,No Time Limit,No Memory Limit
830,B,No Time Limit,No Memory Limit
830,A,No Time Limit,No Memory Limit
828,B,No Time Limit,No Memory Limit
828,A,No Time Limit,No Memory Limit
827,F,No Time Limit,No Memory Limit
827,E,No Time Limit,No Memory Limit
827,D,No Time Limit,No Memory Limit
827,C,No Time Limit,No Memory Limit
827,B,No Time Limit,No Memory Limit
827,A,No Time Limit,No Memory Limit
825,G,No Time Limit,No Memory Limit
825,F,No Time Limit,No Memory Limit
825,E,No Time Limit,No Memory Limit
825,D,No Time Limit,No Memory Limit
825,C,No Time Limit,No Memory Limit
825,B,No Time Limit,No Memory Limit
825,A,No Time Limit,No Memory Limit
822,F,No Time Limit,No Memory Limit
822,E,No Time Limit,No Memory Limit
822,D,No Time Limit,No Memory Limit
822,C,No Time Limit,No Memory Limit
822,B,No Time Limit,No Memory Limit
822,A,No Time Limit,No Memory Limit
821,E,No Time Limit,No Memory Limit
821,D,No Time Limit,No Memory Limit
821,C,No Time Limit,No Memory Limit
821,B,No Time Limit,No Memory Limit
821,A,No Time Limit,No Memory Limit
820,B,No Time Limit,No Memory Limit
820,A,No Time Limit,No Memory Limit
819,E,No Time Limit,No Memory Limit
819,D,No Time Limit,No Memory Limit
819,C,No Time Limit,No Memory Limit
819,B,No Time Limit,No Memory Limit
819,A,No Time Limit,No Memory Limit
818,G,No Time Limit,No Memory Limit
818,F,No Time Limit,No Memory Limit
818,E,No Time Limit,No Memory Limit
818,D,No Time Limit,No Memory Limit
818,C,No Time Limit,No Memory Limit
818,B,No Time Limit,No Memory Limit
818,A,No Time Limit,No Memory Limit
817,F,No Time Limit,No Memory Limit
817,E,No Time Limit,No Memory Limit
817,D,No Time Limit,No Memory Limit
817,C,No Time Limit,No Memory Limit
817,B,No Time Limit,No Memory Limit
817,A,No Time Limit,No Memory Limit
816,B,No Time Limit,No Memory Limit
816,A,No Time Limit,No Memory Limit
815,E,No Time Limit,No Memory Limit
815,D,No Time Limit,No Memory Limit
815,C,No Time Limit,No Memory Limit
815,B,No Time Limit,No Memory Limit
815,A,No Time Limit,No Memory Limit
814,E,No Time Limit,No Memory Limit
814,D,No Time Limit,No Memory Limit
814,C,No Time Limit,No Memory Limit
814,B,No Time Limit,No Memory Limit
814,A,No Time Limit,No Memory Limit
813,F,No Time Limit,No Memory Limit
813,E,No Time Limit,No Memory Limit
813,D,No Time Limit,No Memory Limit
813,C,No Time Limit,No Memory Limit
813,B,No Time Limit,No Memory Limit
813,A,No Time Limit,No Memory Limit
812,E,No Time Limit,No Memory Limit
812,D,No Time Limit,No Memory Limit
812,C,No Time Limit,No Memory Limit
812,B,No Time Limit,No Memory Limit
812,A,No Time Limit,No Memory Limit
811,E,No Time Limit,No Memory Limit
811,D,No Time Limit,No Memory Limit
811,C,No Time Limit,No Memory Limit
811,B,No Time Limit,No Memory Limit
811,A,No Time Limit,No Memory Limit
810,B,No Time Limit,No Memory Limit
810,A,No Time Limit,No Memory Limit
809,E,No Time Limit,No Memory Limit
809,D,No Time Limit,No Memory Limit
809,C,No Time Limit,No Memory Limit
809,B,No Time Limit,No Memory Limit
809,A,No Time Limit,No Memory Limit
808,G,No Time Limit,No Memory Limit
808,F,No Time Limit,No Memory Limit
808,E,No Time Limit,No Memory Limit
808,D,No Time Limit,No Memory Limit
808,C,No Time Limit,No Memory Limit
808,B,No Time Limit,No Memory Limit
808,A,No Time Limit,No Memory Limit
807,B,No Time Limit,No Memory Limit
807,A,No Time Limit,No Memory Limit
805,B,No Time Limit,No Memory Limit
805,A,No Time Limit,No Memory Limit
804,F,No Time Limit,No Memory Limit
804,E,No Time Limit,No Memory Limit
804,D,No Time Limit,No Memory Limit
804,C,No Time Limit,No Memory Limit
804,B,No Time Limit,No Memory Limit
804,A,No Time Limit,No Memory Limit
803,G,No Time Limit,No Memory Limit
803,F,No Time Limit,No Memory Limit
803,E,No Time Limit,No Memory Limit
803,D,No Time Limit,No Memory Limit
803,C,No Time Limit,No Memory Limit
803,B,No Time Limit,No Memory Limit
803,A,No Time Limit,No Memory Limit
802,O,No Time Limit,No Memory Limit
802,N,No Time Limit,No Memory Limit
802,M,No Time Limit,No Memory Limit
802,L,No Time Limit,No Memory Limit
802,K,No Time Limit,No Memory Limit
802,J,No Time Limit,No Memory Limit
802,I,No Time Limit,No Memory Limit
802,H,No Time Limit,No Memory Limit
802,G,No Time Limit,No Memory Limit
802,F,No Time Limit,No Memory Limit
802,E,No Time Limit,No Memory Limit
802,D,No Time Limit,No Memory Limit
802,C,No Time Limit,No Memory Limit
802,B,No Time Limit,No Memory Limit
802,A,No Time Limit,No Memory Limit
801,B,No Time Limit,No Memory Limit
801,A,No Time Limit,No Memory Limit
799,G,No Time Limit,No Memory Limit
799,F,No Time Limit,No Memory Limit
799,E,No Time Limit,No Memory Limit
799,D,No Time Limit,No Memory Limit
799,C,No Time Limit,No Memory Limit
799,B,No Time Limit,No Memory Limit
799,A,No Time Limit,No Memory Limit
798,E,No Time Limit,No Memory Limit
798,D,No Time Limit,No Memory Limit
798,C,No Time Limit,No Memory Limit
798,B,No Time Limit,No Memory Limit
798,A,No Time Limit,No Memory Limit
797,F,No Time Limit,No Memory Limit
797,E,No Time Limit,No Memory Limit
797,D,No Time Limit,No Memory Limit
797,C,No Time Limit,No Memory Limit
797,B,No Time Limit,No Memory Limit
797,A,No Time Limit,No Memory Limit
796,F,No Time Limit,No Memory Limit
796,E,No Time Limit,No Memory Limit
796,D,No Time Limit,No Memory Limit
796,C,No Time Limit,No Memory Limit
796,B,No Time Limit,No Memory Limit
796,A,No Time Limit,No Memory Limit
794,G,No Time Limit,No Memory Limit
794,F,No Time Limit,No Memory Limit
794,E,No Time Limit,No Memory Limit
794,D,No Time Limit,No Memory Limit
794,C,No Time Limit,No Memory Limit
794,B,No Time Limit,No Memory Limit
794,A,No Time Limit,No Memory Limit
793,G,No Time Limit,No Memory Limit
793,F,No Time Limit,No Memory Limit
793,E,No Time Limit,No Memory Limit
793,D,No Time Limit,No Memory Limit
793,C,No Time Limit,No Memory Limit
793,B,No Time Limit,No Memory Limit
793,A,No Time Limit,No Memory Limit
792,F,No Time Limit,No Memory Limit
792,E,No Time Limit,No Memory Limit
792,D,No Time Limit,No Memory Limit
792,C,No Time Limit,No Memory Limit
792,B,No Time Limit,No Memory Limit
792,A,No Time Limit,No Memory Limit
791,A,No Time Limit,No Memory Limit
789,B,No Time Limit,No Memory Limit
789,A,No Time Limit,No Memory Limit
788,E,No Time Limit,No Memory Limit
788,D,No Time Limit,No Memory Limit
788,C,No Time Limit,No Memory Limit
788,B,No Time Limit,No Memory Limit
788,A,No Time Limit,No Memory Limit
787,B,No Time Limit,No Memory Limit
787,A,No Time Limit,No Memory Limit
786,E,No Time Limit,No Memory Limit
786,D,No Time Limit,No Memory Limit
786,C,No Time Limit,No Memory Limit
786,B,No Time Limit,No Memory Limit
786,A,No Time Limit,No Memory Limit
785,E,No Time Limit,No Memory Limit
785,D,No Time Limit,No Memory Limit
785,C,No Time Limit,No Memory Limit
785,B,No Time Limit,No Memory Limit
785,A,No Time Limit,No Memory Limit
784,G,No Time Limit,No Memory Limit
784,F,No Time Limit,No Memory Limit
784,E,No Time Limit,No Memory Limit
784,D,No Time Limit,No Memory Limit
784,C,No Time Limit,No Memory Limit
784,B,No Time Limit,No Memory Limit
784,A,No Time Limit,No Memory Limit
780,H,No Time Limit,No Memory Limit
780,G,No Time Limit,No Memory Limit
780,F,No Time Limit,No Memory Limit
780,E,No Time Limit,No Memory Limit
780,D,No Time Limit,No Memory Limit
780,C,No Time Limit,No Memory Limit
780,B,No Time Limit,No Memory Limit
780,A,No Time Limit,No Memory Limit
779,C,No Time Limit,No Memory Limit
779,B,No Time Limit,No Memory Limit
779,A,No Time Limit,No Memory Limit
778,E,No Time Limit,No Memory Limit
778,D,No Time Limit,No Memory Limit
778,C,No Time Limit,No Memory Limit
778,B,No Time Limit,No Memory Limit
778,A,No Time Limit,No Memory Limit
777,E,No Time Limit,No Memory Limit
777,D,No Time Limit,No Memory Limit
777,C,No Time Limit,No Memory Limit
777,B,No Time Limit,No Memory Limit
777,A,No Time Limit,No Memory Limit
776,G,No Time Limit,No Memory Limit
776,F,No Time Limit,No Memory Limit
776,E,No Time Limit,No Memory Limit
776,D,No Time Limit,No Memory Limit
776,C,No Time Limit,No Memory Limit
776,B,No Time Limit,No Memory Limit
776,A,No Time Limit,No Memory Limit
775,A,No Time Limit,No Memory Limit
774,L,No Time Limit,No Memory Limit
774,K,No Time Limit,No Memory Limit
774,J,No Time Limit,No Memory Limit
774,I,No Time Limit,No Memory Limit
774,H,No Time Limit,No Memory Limit
774,G,No Time Limit,No Memory Limit
774,F,No Time Limit,No Memory Limit
774,E,No Time Limit,No Memory Limit
774,D,No Time Limit,No Memory Limit
774,C,No Time Limit,No Memory Limit
774,B,No Time Limit,No Memory Limit
774,A,No Time Limit,No Memory Limit
773,F,No Time Limit,No Memory Limit
773,E,No Time Limit,No Memory Limit
773,D,No Time Limit,No Memory Limit
773,C,No Time Limit,No Memory Limit
773,B,No Time Limit,No Memory Limit
773,A,No Time Limit,No Memory Limit
772,E,No Time Limit,No Memory Limit
772,D,No Time Limit,No Memory Limit
772,C,No Time Limit,No Memory Limit
772,B,No Time Limit,No Memory Limit
772,A,No Time Limit,No Memory Limit
771,F,No Time Limit,No Memory Limit
771,E,No Time Limit,No Memory Limit
771,D,No Time Limit,No Memory Limit
771,C,No Time Limit,No Memory Limit
771,B,No Time Limit,No Memory Limit
771,A,No Time Limit,No Memory Limit
770,D,No Time Limit,No Memory Limit
770,C,No Time Limit,No Memory Limit
770,B,No Time Limit,No Memory Limit
770,A,No Time Limit,No Memory Limit
769,D,No Time Limit,No Memory Limit
769,C,No Time Limit,No Memory Limit
769,B,No Time Limit,No Memory Limit
769,A,No Time Limit,No Memory Limit
768,G,No Time Limit,No Memory Limit
768,F,No Time Limit,No Memory Limit
768,E,No Time Limit,No Memory Limit
768,D,No Time Limit,No Memory Limit
768,C,No Time Limit,No Memory Limit
768,B,No Time Limit,No Memory Limit
768,A,No Time Limit,No Memory Limit
767,E,No Time Limit,No Memory Limit
767,D,No Time Limit,No Memory Limit
767,C,No Time Limit,No Memory Limit
767,B,No Time Limit,No Memory Limit
767,A,No Time Limit,No Memory Limit
766,E,No Time Limit,No Memory Limit
766,D,No Time Limit,No Memory Limit
766,C,No Time Limit,No Memory Limit
766,B,No Time Limit,No Memory Limit
766,A,No Time Limit,No Memory Limit
765,G,No Time Limit,No Memory Limit
765,F,No Time Limit,No Memory Limit
765,E,No Time Limit,No Memory Limit
765,D,No Time Limit,No Memory Limit
765,C,No Time Limit,No Memory Limit
765,B,No Time Limit,No Memory Limit
765,A,No Time Limit,No Memory Limit
764,B,No Time Limit,No Memory Limit
764,A,No Time Limit,No Memory Limit
763,E,No Time Limit,No Memory Limit
763,D,No Time Limit,No Memory Limit
763,C,No Time Limit,No Memory Limit
763,B,No Time Limit,No Memory Limit
763,A,No Time Limit,No Memory Limit
762,F,No Time Limit,No Memory Limit
762,E,No Time Limit,No Memory Limit
762,D,No Time Limit,No Memory Limit
762,C,No Time Limit,No Memory Limit
762,B,No Time Limit,No Memory Limit
762,A,No Time Limit,No Memory Limit
761,F,No Time Limit,No Memory Limit
761,E,No Time Limit,No Memory Limit
761,D,No Time Limit,No Memory Limit
761,C,No Time Limit,No Memory Limit
761,B,No Time Limit,No Memory Limit
761,A,No Time Limit,No Memory Limit
760,B,No Time Limit,No Memory Limit
760,A,No Time Limit,No Memory Limit
758,F,No Time Limit,No Memory Limit
758,E,No Time Limit,No Memory Limit
758,D,No Time Limit,No Memory Limit
758,C,No Time Limit,No Memory Limit
758,B,No Time Limit,No Memory Limit
758,A,No Time Limit,No Memory Limit
757,G,No Time Limit,No Memory Limit
757,F,No Time Limit,No Memory Limit
757,E,No Time Limit,No Memory Limit
757,D,No Time Limit,No Memory Limit
757,C,No Time Limit,No Memory Limit
757,B,No Time Limit,No Memory Limit
757,A,No Time Limit,No Memory Limit
756,F,No Time Limit,No Memory Limit
756,E,No Time Limit,No Memory Limit
756,D,No Time Limit,No Memory Limit
756,C,No Time Limit,No Memory Limit
756,B,No Time Limit,No Memory Limit
756,A,No Time Limit,No Memory Limit
755,G,No Time Limit,No Memory Limit
755,F,No Time Limit,No Memory Limit
755,E,No Time Limit,No Memory Limit
755,D,No Time Limit,No Memory Limit
755,C,No Time Limit,No Memory Limit
755,B,No Time Limit,No Memory Limit
755,A,No Time Limit,No Memory Limit
754,E,No Time Limit,No Memory Limit
754,D,No Time Limit,No Memory Limit
754,C,No Time Limit,No Memory Limit
754,B,No Time Limit,No Memory Limit
754,A,No Time Limit,No Memory Limit
753,C,No Time Limit,No Memory Limit
753,B,No Time Limit,No Memory Limit
753,A,No Time Limit,No Memory Limit
750,H,No Time Limit,No Memory Limit
750,G,No Time Limit,No Memory Limit
750,F,No Time Limit,No Memory Limit
750,E,No Time Limit,No Memory Limit
750,D,No Time Limit,No Memory Limit
750,C,No Time Limit,No Memory Limit
750,B,No Time Limit,No Memory Limit
750,A,No Time Limit,No Memory Limit
749,E,No Time Limit,No Memory Limit
749,D,No Time Limit,No Memory Limit
749,C,No Time Limit,No Memory Limit
749,B,No Time Limit,No Memory Limit
749,A,No Time Limit,No Memory Limit
748,F,No Time Limit,No Memory Limit
748,E,No Time Limit,No Memory Limit
748,D,No Time Limit,No Memory Limit
748,C,No Time Limit,No Memory Limit
748,B,No Time Limit,No Memory Limit
748,A,No Time Limit,No Memory Limit
747,F,No Time Limit,No Memory Limit
747,E,No Time Limit,No Memory Limit
747,D,No Time Limit,No Memory Limit
747,C,No Time Limit,No Memory Limit
747,B,No Time Limit,No Memory Limit
747,A,No Time Limit,No Memory Limit
746,G,No Time Limit,No Memory Limit
746,F,No Time Limit,No Memory Limit
746,E,No Time Limit,No Memory Limit
746,D,No Time Limit,No Memory Limit
746,C,No Time Limit,No Memory Limit
746,B,No Time Limit,No Memory Limit
746,A,No Time Limit,No Memory Limit
745,B,No Time Limit,No Memory Limit
745,A,No Time Limit,No Memory Limit
744,E,No Time Limit,No Memory Limit
744,D,No Time Limit,No Memory Limit
744,C,No Time Limit,No Memory Limit
744,B,No Time Limit,No Memory Limit
744,A,No Time Limit,No Memory Limit
743,E,No Time Limit,No Memory Limit
743,D,No Time Limit,No Memory Limit
743,C,No Time Limit,No Memory Limit
743,B,No Time Limit,No Memory Limit
743,A,No Time Limit,No Memory Limit
742,B,No Time Limit,No Memory Limit
742,A,No Time Limit,No Memory Limit
741,E,No Time Limit,No Memory Limit
741,D,No Time Limit,No Memory Limit
741,C,No Time Limit,No Memory Limit
741,B,No Time Limit,No Memory Limit
741,A,No Time Limit,No Memory Limit
740,B,No Time Limit,No Memory Limit
740,A,No Time Limit,No Memory Limit
739,E,No Time Limit,No Memory Limit
739,D,No Time Limit,No Memory Limit
739,C,No Time Limit,No Memory Limit
739,B,No Time Limit,No Memory Limit
739,A,No Time Limit,No Memory Limit
737,F,No Time Limit,No Memory Limit
737,E,No Time Limit,No Memory Limit
736,E,No Time Limit,No Memory Limit
736,D,No Time Limit,No Memory Limit
735,E,No Time Limit,No Memory Limit
735,D,No Time Limit,No Memory Limit
735,C,No Time Limit,No Memory Limit
735,B,No Time Limit,No Memory Limit
735,A,No Time Limit,No Memory Limit
734,F,No Time Limit,No Memory Limit
734,E,No Time Limit,No Memory Limit
734,D,No Time Limit,No Memory Limit
734,C,No Time Limit,No Memory Limit
734,B,No Time Limit,No Memory Limit
734,A,No Time Limit,No Memory Limit
733,F,No Time Limit,No Memory Limit
733,E,No Time Limit,No Memory Limit
733,D,No Time Limit,No Memory Limit
733,C,No Time Limit,No Memory Limit
733,B,No Time Limit,No Memory Limit
733,A,No Time Limit,No Memory Limit
732,F,No Time Limit,No Memory Limit
732,E,No Time Limit,No Memory Limit
732,D,No Time Limit,No Memory Limit
732,C,No Time Limit,No Memory Limit
732,B,No Time Limit,No Memory Limit
732,A,No Time Limit,No Memory Limit
731,F,No Time Limit,No Memory Limit
731,E,No Time Limit,No Memory Limit
731,D,No Time Limit,No Memory Limit
731,C,No Time Limit,No Memory Limit
731,B,No Time Limit,No Memory Limit
731,A,No Time Limit,No Memory Limit
730,L,No Time Limit,No Memory Limit
730,K,No Time Limit,No Memory Limit
730,J,No Time Limit,No Memory Limit
730,I,No Time Limit,No Memory Limit
730,H,No Time Limit,No Memory Limit
730,G,No Time Limit,No Memory Limit
730,F,No Time Limit,No Memory Limit
730,E,No Time Limit,No Memory Limit
730,D,No Time Limit,No Memory Limit
730,C,No Time Limit,No Memory Limit
730,B,No Time Limit,No Memory Limit
730,A,No Time Limit,No Memory Limit
729,F,No Time Limit,No Memory Limit
729,E,No Time Limit,No Memory Limit
729,D,No Time Limit,No Memory Limit
729,C,No Time Limit,No Memory Limit
729,B,No Time Limit,No Memory Limit
729,A,No Time Limit,No Memory Limit
727,F,No Time Limit,No Memory Limit
727,E,No Time Limit,No Memory Limit
727,D,No Time Limit,No Memory Limit
727,C,No Time Limit,No Memory Limit
727,B,No Time Limit,No Memory Limit
727,A,No Time Limit,No Memory Limit
725,G,No Time Limit,No Memory Limit
725,F,No Time Limit,No Memory Limit
725,E,No Time Limit,No Memory Limit
725,D,No Time Limit,No Memory Limit
725,C,No Time Limit,No Memory Limit
725,B,No Time Limit,No Memory Limit
725,A,No Time Limit,No Memory Limit
724,G,No Time Limit,No Memory Limit
724,F,No Time Limit,No Memory Limit
724,E,No Time Limit,No Memory Limit
724,D,No Time Limit,No Memory Limit
724,C,No Time Limit,No Memory Limit
724,B,No Time Limit,No Memory Limit
724,A,No Time Limit,No Memory Limit
723,F,No Time Limit,No Memory Limit
723,E,No Time Limit,No Memory Limit
723,D,No Time Limit,No Memory Limit
723,C,No Time Limit,No Memory Limit
723,B,No Time Limit,No Memory Limit
723,A,No Time Limit,No Memory Limit
722,F,No Time Limit,No Memory Limit
722,E,No Time Limit,No Memory Limit
722,D,No Time Limit,No Memory Limit
722,C,No Time Limit,No Memory Limit
722,B,No Time Limit,No Memory Limit
722,A,No Time Limit,No Memory Limit
721,E,No Time Limit,No Memory Limit
721,D,No Time Limit,No Memory Limit
721,C,No Time Limit,No Memory Limit
721,B,No Time Limit,No Memory Limit
721,A,No Time Limit,No Memory Limit
720,F,No Time Limit,No Memory Limit
720,E,No Time Limit,No Memory Limit
720,D,No Time Limit,No Memory Limit
720,C,No Time Limit,No Memory Limit
720,B,No Time Limit,No Memory Limit
720,A,No Time Limit,No Memory Limit
719,B,No Time Limit,No Memory Limit
719,A,No Time Limit,No Memory Limit
718,E,No Time Limit,No Memory Limit
718,D,No Time Limit,No Memory Limit
718,C,No Time Limit,No Memory Limit
718,A,No Time Limit,No Memory Limit
717,I,No Time Limit,No Memory Limit
717,H,No Time Limit,No Memory Limit
717,G,No Time Limit,No Memory Limit
717,F,No Time Limit,No Memory Limit
717,E,No Time Limit,No Memory Limit
717,D,No Time Limit,No Memory Limit
717,C,No Time Limit,No Memory Limit
717,B,No Time Limit,No Memory Limit
717,A,No Time Limit,No Memory Limit
716,B,No Time Limit,No Memory Limit
716,A,No Time Limit,No Memory Limit
715,E,No Time Limit,No Memory Limit
715,D,No Time Limit,No Memory Limit
715,C,No Time Limit,No Memory Limit
715,B,No Time Limit,No Memory Limit
715,A,No Time Limit,No Memory Limit
714,B,No Time Limit,No Memory Limit
714,A,No Time Limit,No Memory Limit
713,E,No Time Limit,No Memory Limit
713,D,No Time Limit,No Memory Limit
713,C,No Time Limit,No Memory Limit
713,B,No Time Limit,No Memory Limit
713,A,No Time Limit,No Memory Limit
712,E,No Time Limit,No Memory Limit
712,D,No Time Limit,No Memory Limit
712,C,No Time Limit,No Memory Limit
712,B,No Time Limit,No Memory Limit
712,A,No Time Limit,No Memory Limit
711,E,No Time Limit,No Memory Limit
711,D,No Time Limit,No Memory Limit
711,C,No Time Limit,No Memory Limit
711,B,No Time Limit,No Memory Limit
711,A,No Time Limit,No Memory Limit
710,F,No Time Limit,No Memory Limit
710,E,No Time Limit,No Memory Limit
710,D,No Time Limit,No Memory Limit
710,C,No Time Limit,No Memory Limit
710,B,No Time Limit,No Memory Limit
710,A,No Time Limit,No Memory Limit
709,B,No Time Limit,No Memory Limit
709,A,No Time Limit,No Memory Limit
708,E,No Time Limit,No Memory Limit
708,D,No Time Limit,No Memory Limit
708,C,No Time Limit,No Memory Limit
708,B,No Time Limit,No Memory Limit
708,A,No Time Limit,No Memory Limit
707,E,No Time Limit,No Memory Limit
707,D,No Time Limit,No Memory Limit
707,C,No Time Limit,No Memory Limit
707,B,No Time Limit,No Memory Limit
707,A,No Time Limit,No Memory Limit
706,E,No Time Limit,No Memory Limit
706,D,No Time Limit,No Memory Limit
706,C,No Time Limit,No Memory Limit
706,B,No Time Limit,No Memory Limit
706,A,No Time Limit,No Memory Limit
705,B,No Time Limit,No Memory Limit
705,A,No Time Limit,No Memory Limit
704,E,No Time Limit,No Memory Limit
704,D,No Time Limit,No Memory Limit
704,C,No Time Limit,No Memory Limit
704,B,No Time Limit,No Memory Limit
704,A,No Time Limit,No Memory Limit
703,E,No Time Limit,No Memory Limit
703,D,No Time Limit,No Memory Limit
703,C,No Time Limit,No Memory Limit
703,B,No Time Limit,No Memory Limit
703,A,No Time Limit,No Memory Limit
702,F,No Time Limit,No Memory Limit
702,E,No Time Limit,No Memory Limit
702,D,No Time Limit,No Memory Limit
702,C,No Time Limit,No Memory Limit
702,B,No Time Limit,No Memory Limit
702,A,No Time Limit,No Memory Limit
701,C,No Time Limit,No Memory Limit
701,B,No Time Limit,No Memory Limit
701,A,No Time Limit,No Memory Limit
700,E,No Time Limit,No Memory Limit
700,D,No Time Limit,No Memory Limit
700,C,No Time Limit,No Memory Limit
700,B,No Time Limit,No Memory Limit
700,A,No Time Limit,No Memory Limit
699,B,No Time Limit,No Memory Limit
699,A,No Time Limit,No Memory Limit
698,F,No Time Limit,No Memory Limit
698,E,No Time Limit,No Memory Limit
698,D,No Time Limit,No Memory Limit
698,C,No Time Limit,No Memory Limit
698,B,No Time Limit,No Memory Limit
698,A,No Time Limit,No Memory Limit
697,B,No Time Limit,No Memory Limit
697,A,No Time Limit,No Memory Limit
696,F,No Time Limit,No Memory Limit
696,E,No Time Limit,No Memory Limit
696,D,No Time Limit,No Memory Limit
696,C,No Time Limit,No Memory Limit
696,B,No Time Limit,No Memory Limit
696,A,No Time Limit,No Memory Limit
691,F,No Time Limit,No Memory Limit
691,E,No Time Limit,No Memory Limit
691,D,No Time Limit,No Memory Limit
691,C,No Time Limit,No Memory Limit
691,B,No Time Limit,No Memory Limit
691,A,No Time Limit,No Memory Limit
690,F3,No Time Limit,No Memory Limit
690,F2,No Time Limit,No Memory Limit
690,F1,No Time Limit,No Memory Limit
690,E2,No Time Limit,No Memory Limit
690,E1,No Time Limit,No Memory Limit
690,D3,No Time Limit,No Memory Limit
690,D2,No Time Limit,No Memory Limit
690,D1,No Time Limit,No Memory Limit
690,C3,No Time Limit,No Memory Limit
690,C2,No Time Limit,No Memory Limit
690,C1,No Time Limit,No Memory Limit
690,B3,No Time Limit,No Memory Limit
690,B2,No Time Limit,No Memory Limit
690,B1,No Time Limit,No Memory Limit
690,A3,No Time Limit,No Memory Limit
690,A2,No Time Limit,No Memory Limit
690,A1,No Time Limit,No Memory Limit
689,E,No Time Limit,No Memory Limit
689,D,No Time Limit,No Memory Limit
689,C,No Time Limit,No Memory Limit
689,B,No Time Limit,No Memory Limit
689,A,No Time Limit,No Memory Limit
688,B,No Time Limit,No Memory Limit
688,A,No Time Limit,No Memory Limit
687,E,No Time Limit,No Memory Limit
687,D,No Time Limit,No Memory Limit
687,C,No Time Limit,No Memory Limit
687,B,No Time Limit,No Memory Limit
687,A,No Time Limit,No Memory Limit
686,B,No Time Limit,No Memory Limit
686,A,No Time Limit,No Memory Limit
685,E,No Time Limit,No Memory Limit
685,D,No Time Limit,No Memory Limit
685,C,No Time Limit,No Memory Limit
685,B,No Time Limit,No Memory Limit
685,A,No Time Limit,No Memory Limit
683,J,No Time Limit,No Memory Limit
683,I,No Time Limit,No Memory Limit
683,H,No Time Limit,No Memory Limit
683,G,No Time Limit,No Memory Limit
683,F,No Time Limit,No Memory Limit
683,E,No Time Limit,No Memory Limit
683,D,No Time Limit,No Memory Limit
683,C,No Time Limit,No Memory Limit
683,B,No Time Limit,No Memory Limit
683,A,No Time Limit,No Memory Limit
682,E,No Time Limit,No Memory Limit
682,D,No Time Limit,No Memory Limit
682,C,No Time Limit,No Memory Limit
682,B,No Time Limit,No Memory Limit
682,A,No Time Limit,No Memory Limit
681,E,No Time Limit,No Memory Limit
681,D,No Time Limit,No Memory Limit
681,C,No Time Limit,No Memory Limit
681,B,No Time Limit,No Memory Limit
681,A,No Time Limit,No Memory Limit
680,B,No Time Limit,No Memory Limit
680,A,No Time Limit,No Memory Limit
679,E,No Time Limit,No Memory Limit
679,D,No Time Limit,No Memory Limit
679,C,No Time Limit,No Memory Limit
679,B,No Time Limit,No Memory Limit
679,A,No Time Limit,No Memory Limit
678,F,No Time Limit,No Memory Limit
678,E,No Time Limit,No Memory Limit
678,D,No Time Limit,No Memory Limit
678,C,No Time Limit,No Memory Limit
678,B,No Time Limit,No Memory Limit
678,A,No Time Limit,No Memory Limit
677,E,No Time Limit,No Memory Limit
677,D,No Time Limit,No Memory Limit
677,C,No Time Limit,No Memory Limit
677,B,No Time Limit,No Memory Limit
677,A,No Time Limit,No Memory Limit
676,E,No Time Limit,No Memory Limit
676,D,No Time Limit,No Memory Limit
676,C,No Time Limit,No Memory Limit
676,B,No Time Limit,No Memory Limit
676,A,No Time Limit,No Memory Limit
675,E,No Time Limit,No Memory Limit
675,D,No Time Limit,No Memory Limit
675,C,No Time Limit,No Memory Limit
675,B,No Time Limit,No Memory Limit
675,A,No Time Limit,No Memory Limit
673,B,No Time Limit,No Memory Limit
673,A,No Time Limit,No Memory Limit
672,B,No Time Limit,No Memory Limit
672,A,No Time Limit,No Memory Limit
671,E,No Time Limit,No Memory Limit
671,D,No Time Limit,No Memory Limit
671,C,No Time Limit,No Memory Limit
671,B,No Time Limit,No Memory Limit
671,A,No Time Limit,No Memory Limit
670,F,No Time Limit,No Memory Limit
670,E,No Time Limit,No Memory Limit
670,D2,No Time Limit,No Memory Limit
670,D1,No Time Limit,No Memory Limit
670,C,No Time Limit,No Memory Limit
670,B,No Time Limit,No Memory Limit
670,A,No Time Limit,No Memory Limit
669,A,No Time Limit,No Memory Limit
667,B,No Time Limit,No Memory Limit
667,A,No Time Limit,No Memory Limit
666,E,No Time Limit,No Memory Limit
666,D,No Time Limit,No Memory Limit
666,C,No Time Limit,No Memory Limit
666,B,No Time Limit,No Memory Limit
666,A,No Time Limit,No Memory Limit
665,F,No Time Limit,No Memory Limit
665,E,No Time Limit,No Memory Limit
665,D,No Time Limit,No Memory Limit
665,C,No Time Limit,No Memory Limit
665,B,No Time Limit,No Memory Limit
665,A,No Time Limit,No Memory Limit
664,A,No Time Limit,No Memory Limit
663,A,No Time Limit,No Memory Limit
662,E,No Time Limit,No Memory Limit
662,D,No Time Limit,No Memory Limit
662,C,No Time Limit,No Memory Limit
662,B,No Time Limit,No Memory Limit
662,A,No Time Limit,No Memory Limit
661,H,No Time Limit,No Memory Limit
661,G,No Time Limit,No Memory Limit
661,F,No Time Limit,No Memory Limit
661,E,No Time Limit,No Memory Limit
661,D,No Time Limit,No Memory Limit
661,C,No Time Limit,No Memory Limit
661,B,No Time Limit,No Memory Limit
661,A,No Time Limit,No Memory Limit
660,F,No Time Limit,No Memory Limit
660,E,No Time Limit,No Memory Limit
660,D,No Time Limit,No Memory Limit
660,C,No Time Limit,No Memory Limit
660,B,No Time Limit,No Memory Limit
660,A,No Time Limit,No Memory Limit
659,G,No Time Limit,No Memory Limit
659,F,No Time Limit,No Memory Limit
659,E,No Time Limit,No Memory Limit
659,D,No Time Limit,No Memory Limit
659,C,No Time Limit,No Memory Limit
659,B,No Time Limit,No Memory Limit
659,A,No Time Limit,No Memory Limit
658,A,No Time Limit,No Memory Limit
656,G,No Time Limit,No Memory Limit
656,F,No Time Limit,No Memory Limit
656,E,No Time Limit,No Memory Limit
656,D,No Time Limit,No Memory Limit
656,C,No Time Limit,No Memory Limit
656,B,No Time Limit,No Memory Limit
656,A,No Time Limit,No Memory Limit
653,G,No Time Limit,No Memory Limit
653,F,No Time Limit,No Memory Limit
653,E,No Time Limit,No Memory Limit
653,D,No Time Limit,No Memory Limit
653,C,No Time Limit,No Memory Limit
653,B,No Time Limit,No Memory Limit
653,A,No Time Limit,No Memory Limit
652,F,No Time Limit,No Memory Limit
652,E,No Time Limit,No Memory Limit
652,D,No Time Limit,No Memory Limit
652,C,No Time Limit,No Memory Limit
652,B,No Time Limit,No Memory Limit
652,A,No Time Limit,No Memory Limit
651,B,No Time Limit,No Memory Limit
651,A,No Time Limit,No Memory Limit
650,E,No Time Limit,No Memory Limit
650,D,No Time Limit,No Memory Limit
650,C,No Time Limit,No Memory Limit
650,B,No Time Limit,No Memory Limit
650,A,No Time Limit,No Memory Limit
649,E,No Time Limit,No Memory Limit
649,D,No Time Limit,No Memory Limit
649,C,No Time Limit,No Memory Limit
649,B,No Time Limit,No Memory Limit
649,A,No Time Limit,No Memory Limit
648,E,No Time Limit,No Memory Limit
648,D,No Time Limit,No Memory Limit
648,C,No Time Limit,No Memory Limit
648,B,No Time Limit,No Memory Limit
648,A,No Time Limit,No Memory Limit
645,G,No Time Limit,No Memory Limit
645,F,No Time Limit,No Memory Limit
645,E,No Time Limit,No Memory Limit
645,D,No Time Limit,No Memory Limit
645,C,No Time Limit,No Memory Limit
645,B,No Time Limit,No Memory Limit
645,A,No Time Limit,No Memory Limit
644,C,No Time Limit,No Memory Limit
644,B,No Time Limit,No Memory Limit
644,A,No Time Limit,No Memory Limit
643,G,No Time Limit,No Memory Limit
643,F,No Time Limit,No Memory Limit
643,E,No Time Limit,No Memory Limit
643,D,No Time Limit,No Memory Limit
643,C,No Time Limit,No Memory Limit
643,B,No Time Limit,No Memory Limit
643,A,No Time Limit,No Memory Limit
641,G,No Time Limit,No Memory Limit
641,F,No Time Limit,No Memory Limit
641,E,No Time Limit,No Memory Limit
641,D,No Time Limit,No Memory Limit
641,C,No Time Limit,No Memory Limit
641,B,No Time Limit,No Memory Limit
641,A,No Time Limit,No Memory Limit
639,F,No Time Limit,No Memory Limit
639,E,No Time Limit,No Memory Limit
639,D,No Time Limit,No Memory Limit
639,C,No Time Limit,No Memory Limit
639,B,No Time Limit,No Memory Limit
639,A,No Time Limit,No Memory Limit
638,D,No Time Limit,No Memory Limit
638,C,No Time Limit,No Memory Limit
638,B,No Time Limit,No Memory Limit
638,A,No Time Limit,No Memory Limit
637,D,No Time Limit,No Memory Limit
637,C,No Time Limit,No Memory Limit
637,B,No Time Limit,No Memory Limit
637,A,No Time Limit,No Memory Limit
635,A,No Time Limit,No Memory Limit
634,A,No Time Limit,No Memory Limit
633,H,No Time Limit,No Memory Limit
633,G,No Time Limit,No Memory Limit
633,F,No Time Limit,No Memory Limit
633,E,No Time Limit,No Memory Limit
633,D,No Time Limit,No Memory Limit
633,C,No Time Limit,No Memory Limit
633,B,No Time Limit,No Memory Limit
633,A,No Time Limit,No Memory Limit
632,F,No Time Limit,No Memory Limit
632,E,No Time Limit,No Memory Limit
632,D,No Time Limit,No Memory Limit
632,C,No Time Limit,No Memory Limit
632,B,No Time Limit,No Memory Limit
632,A,No Time Limit,No Memory Limit
631,E,No Time Limit,No Memory Limit
631,D,No Time Limit,No Memory Limit
631,C,No Time Limit,No Memory Limit
631,B,No Time Limit,No Memory Limit
631,A,No Time Limit,No Memory Limit
630,R,No Time Limit,No Memory Limit
630,Q,No Time Limit,No Memory Limit
630,P,No Time Limit,No Memory Limit
630,O,No Time Limit,No Memory Limit
630,N,No Time Limit,No Memory Limit
630,M,No Time Limit,No Memory Limit
630,L,No Time Limit,No Memory Limit
630,K,No Time Limit,No Memory Limit
630,J,No Time Limit,No Memory Limit
630,I,No Time Limit,No Memory Limit
630,H,No Time Limit,No Memory Limit
630,G,No Time Limit,No Memory Limit
630,F,No Time Limit,No Memory Limit
630,E,No Time Limit,No Memory Limit
630,D,No Time Limit,No Memory Limit
630,C,No Time Limit,No Memory Limit
630,B,No Time Limit,No Memory Limit
630,A,No Time Limit,No Memory Limit
629,E,No Time Limit,No Memory Limit
629,D,No Time Limit,No Memory Limit
629,C,No Time Limit,No Memory Limit
629,B,No Time Limit,No Memory Limit
629,A,No Time Limit,No Memory Limit
628,F,No Time Limit,No Memory Limit
628,E,No Time Limit,No Memory Limit
628,D,No Time Limit,No Memory Limit
628,C,No Time Limit,No Memory Limit
628,B,No Time Limit,No Memory Limit
628,A,No Time Limit,No Memory Limit
627,F,No Time Limit,No Memory Limit
627,E,No Time Limit,No Memory Limit
627,D,No Time Limit,No Memory Limit
627,C,No Time Limit,No Memory Limit
627,B,No Time Limit,No Memory Limit
627,A,No Time Limit,No Memory Limit
626,G,No Time Limit,No Memory Limit
626,F,No Time Limit,No Memory Limit
626,E,No Time Limit,No Memory Limit
626,D,No Time Limit,No Memory Limit
626,C,No Time Limit,No Memory Limit
626,B,No Time Limit,No Memory Limit
626,A,No Time Limit,No Memory Limit
625,E,No Time Limit,No Memory Limit
625,D,No Time Limit,No Memory Limit
625,C,No Time Limit,No Memory Limit
625,B,No Time Limit,No Memory Limit
625,A,No Time Limit,No Memory Limit
624,B,No Time Limit,No Memory Limit
624,A,No Time Limit,No Memory Limit
623,E,No Time Limit,No Memory Limit
623,D,No Time Limit,No Memory Limit
623,C,No Time Limit,No Memory Limit
623,B,No Time Limit,No Memory Limit
623,A,No Time Limit,No Memory Limit
622,F,No Time Limit,No Memory Limit
622,E,No Time Limit,No Memory Limit
622,D,No Time Limit,No Memory Limit
622,C,No Time Limit,No Memory Limit
622,B,No Time Limit,No Memory Limit
622,A,No Time Limit,No Memory Limit
621,E,No Time Limit,No Memory Limit
621,D,No Time Limit,No Memory Limit
621,C,No Time Limit,No Memory Limit
621,B,No Time Limit,No Memory Limit
621,A,No Time Limit,No Memory Limit
620,F,No Time Limit,No Memory Limit
620,E,No Time Limit,No Memory Limit
620,D,No Time Limit,No Memory Limit
620,C,No Time Limit,No Memory Limit
620,B,No Time Limit,No Memory Limit
620,A,No Time Limit,No Memory Limit
618,G,No Time Limit,No Memory Limit
618,F,No Time Limit,No Memory Limit
618,E,No Time Limit,No Memory Limit
618,D,No Time Limit,No Memory Limit
618,C,No Time Limit,No Memory Limit
618,B,No Time Limit,No Memory Limit
618,A,No Time Limit,No Memory Limit
617,E,No Time Limit,No Memory Limit
617,D,No Time Limit,No Memory Limit
617,C,No Time Limit,No Memory Limit
617,B,No Time Limit,No Memory Limit
617,A,No Time Limit,No Memory Limit
616,F,No Time Limit,No Memory Limit
616,E,No Time Limit,No Memory Limit
616,D,No Time Limit,No Memory Limit
616,C,No Time Limit,No Memory Limit
616,B,No Time Limit,No Memory Limit
616,A,No Time Limit,No Memory Limit
615,E,No Time Limit,No Memory Limit
615,D,No Time Limit,No Memory Limit
615,C,No Time Limit,No Memory Limit
615,B,No Time Limit,No Memory Limit
615,A,No Time Limit,No Memory Limit
614,B,No Time Limit,No Memory Limit
614,A,No Time Limit,No Memory Limit
613,E,No Time Limit,No Memory Limit
613,D,No Time Limit,No Memory Limit
613,C,No Time Limit,No Memory Limit
613,B,No Time Limit,No Memory Limit
613,A,No Time Limit,No Memory Limit
612,F,No Time Limit,No Memory Limit
612,E,No Time Limit,No Memory Limit
612,D,No Time Limit,No Memory Limit
612,C,No Time Limit,No Memory Limit
612,B,No Time Limit,No Memory Limit
612,A,No Time Limit,No Memory Limit
611,H,No Time Limit,No Memory Limit
611,G,No Time Limit,No Memory Limit
611,F,No Time Limit,No Memory Limit
611,E,No Time Limit,No Memory Limit
611,D,No Time Limit,No Memory Limit
611,C,No Time Limit,No Memory Limit
611,B,No Time Limit,No Memory Limit
611,A,No Time Limit,No Memory Limit
610,E,No Time Limit,No Memory Limit
610,D,No Time Limit,No Memory Limit
610,C,No Time Limit,No Memory Limit
610,B,No Time Limit,No Memory Limit
610,A,No Time Limit,No Memory Limit
609,F,No Time Limit,No Memory Limit
609,E,No Time Limit,No Memory Limit
609,D,No Time Limit,No Memory Limit
609,C,No Time Limit,No Memory Limit
609,B,No Time Limit,No Memory Limit
609,A,No Time Limit,No Memory Limit
608,B,No Time Limit,No Memory Limit
608,A,No Time Limit,No Memory Limit
607,E,No Time Limit,No Memory Limit
607,D,No Time Limit,No Memory Limit
607,C,No Time Limit,No Memory Limit
607,B,No Time Limit,No Memory Limit
607,A,No Time Limit,No Memory Limit
606,B,No Time Limit,No Memory Limit
606,A,No Time Limit,No Memory Limit
605,E,No Time Limit,No Memory Limit
605,D,No Time Limit,No Memory Limit
605,C,No Time Limit,No Memory Limit
605,B,No Time Limit,No Memory Limit
605,A,No Time Limit,No Memory Limit
604,B,No Time Limit,No Memory Limit
604,A,No Time Limit,No Memory Limit
603,E,No Time Limit,No Memory Limit
603,D,No Time Limit,No Memory Limit
603,C,No Time Limit,No Memory Limit
603,B,No Time Limit,No Memory Limit
603,A,No Time Limit,No Memory Limit
602,B,No Time Limit,No Memory Limit
602,A,No Time Limit,No Memory Limit
601,E,No Time Limit,No Memory Limit
601,D,No Time Limit,No Memory Limit
601,C,No Time Limit,No Memory Limit
601,B,No Time Limit,No Memory Limit
601,A,No Time Limit,No Memory Limit
600,F,No Time Limit,No Memory Limit
600,E,No Time Limit,No Memory Limit
600,D,No Time Limit,No Memory Limit
600,C,No Time Limit,No Memory Limit
600,B,No Time Limit,No Memory Limit
600,A,No Time Limit,No Memory Limit
599,E,No Time Limit,No Memory Limit
599,D,No Time Limit,No Memory Limit
599,C,No Time Limit,No Memory Limit
599,B,No Time Limit,No Memory Limit
599,A,No Time Limit,No Memory Limit
598,F,No Time Limit,No Memory Limit
598,E,No Time Limit,No Memory Limit
598,D,No Time Limit,No Memory Limit
598,C,No Time Limit,No Memory Limit
598,B,No Time Limit,No Memory Limit
598,A,No Time Limit,No Memory Limit
597,C,No Time Limit,No Memory Limit
597,B,No Time Limit,No Memory Limit
597,A,No Time Limit,No Memory Limit
596,E,No Time Limit,No Memory Limit
596,D,No Time Limit,No Memory Limit
596,C,No Time Limit,No Memory Limit
596,B,No Time Limit,No Memory Limit
596,A,No Time Limit,No Memory Limit
595,B,No Time Limit,No Memory Limit
595,A,No Time Limit,No Memory Limit
594,E,No Time Limit,No Memory Limit
594,D,No Time Limit,No Memory Limit
594,C,No Time Limit,No Memory Limit
594,B,No Time Limit,No Memory Limit
594,A,No Time Limit,No Memory Limit
593,E,No Time Limit,No Memory Limit
593,D,No Time Limit,No Memory Limit
593,C,No Time Limit,No Memory Limit
593,B,No Time Limit,No Memory Limit
593,A,No Time Limit,No Memory Limit
592,E,No Time Limit,No Memory Limit
592,D,No Time Limit,No Memory Limit
592,C,No Time Limit,No Memory Limit
592,B,No Time Limit,No Memory Limit
592,A,No Time Limit,No Memory Limit
591,B,No Time Limit,No Memory Limit
591,A,No Time Limit,No Memory Limit
590,E,No Time Limit,No Memory Limit
590,D,No Time Limit,No Memory Limit
590,C,No Time Limit,No Memory Limit
590,B,No Time Limit,No Memory Limit
590,A,No Time Limit,No Memory Limit
588,B,No Time Limit,No Memory Limit
588,A,No Time Limit,No Memory Limit
587,F,No Time Limit,No Memory Limit
587,E,No Time Limit,No Memory Limit
587,D,No Time Limit,No Memory Limit
587,C,No Time Limit,No Memory Limit
587,B,No Time Limit,No Memory Limit
587,A,No Time Limit,No Memory Limit
586,B,No Time Limit,No Memory Limit
586,A,No Time Limit,No Memory Limit
585,F,No Time Limit,No Memory Limit
585,E,No Time Limit,No Memory Limit
585,D,No Time Limit,No Memory Limit
585,C,No Time Limit,No Memory Limit
585,B,No Time Limit,No Memory Limit
585,A,No Time Limit,No Memory Limit
584,E,No Time Limit,No Memory Limit
584,D,No Time Limit,No Memory Limit
584,C,No Time Limit,No Memory Limit
584,B,No Time Limit,No Memory Limit
584,A,No Time Limit,No Memory Limit
583,B,No Time Limit,No Memory Limit
583,A,No Time Limit,No Memory Limit
582,E,No Time Limit,No Memory Limit
582,D,No Time Limit,No Memory Limit
582,C,No Time Limit,No Memory Limit
582,B,No Time Limit,No Memory Limit
582,A,No Time Limit,No Memory Limit
581,F,No Time Limit,No Memory Limit
581,E,No Time Limit,No Memory Limit
581,D,No Time Limit,No Memory Limit
581,C,No Time Limit,No Memory Limit
581,B,No Time Limit,No Memory Limit
581,A,No Time Limit,No Memory Limit
580,E,No Time Limit,No Memory Limit
580,D,No Time Limit,No Memory Limit
580,C,No Time Limit,No Memory Limit
580,B,No Time Limit,No Memory Limit
580,A,No Time Limit,No Memory Limit
579,B,No Time Limit,No Memory Limit
579,A,No Time Limit,No Memory Limit
578,F,No Time Limit,No Memory Limit
578,E,No Time Limit,No Memory Limit
578,D,No Time Limit,No Memory Limit
578,C,No Time Limit,No Memory Limit
578,B,No Time Limit,No Memory Limit
578,A,No Time Limit,No Memory Limit
577,B,No Time Limit,No Memory Limit
577,A,No Time Limit,No Memory Limit
576,E,No Time Limit,No Memory Limit
576,D,No Time Limit,No Memory Limit
576,C,No Time Limit,No Memory Limit
576,B,No Time Limit,No Memory Limit
576,A,No Time Limit,No Memory Limit
575,I,No Time Limit,No Memory Limit
575,H,No Time Limit,No Memory Limit
575,G,No Time Limit,No Memory Limit
575,F,No Time Limit,No Memory Limit
575,E,No Time Limit,No Memory Limit
575,D,No Time Limit,No Memory Limit
575,C,No Time Limit,No Memory Limit
575,B,No Time Limit,No Memory Limit
575,A,No Time Limit,No Memory Limit
574,B,No Time Limit,No Memory Limit
574,A,No Time Limit,No Memory Limit
573,E,No Time Limit,No Memory Limit
573,D,No Time Limit,No Memory Limit
573,C,No Time Limit,No Memory Limit
573,B,No Time Limit,No Memory Limit
573,A,No Time Limit,No Memory Limit
572,B,No Time Limit,No Memory Limit
572,A,No Time Limit,No Memory Limit
571,E,No Time Limit,No Memory Limit
571,D,No Time Limit,No Memory Limit
571,C,No Time Limit,No Memory Limit
571,B,No Time Limit,No Memory Limit
571,A,No Time Limit,No Memory Limit
570,E,No Time Limit,No Memory Limit
570,D,No Time Limit,No Memory Limit
570,C,No Time Limit,No Memory Limit
570,B,No Time Limit,No Memory Limit
570,A,No Time Limit,No Memory Limit
569,B,No Time Limit,No Memory Limit
569,A,No Time Limit,No Memory Limit
568,E,No Time Limit,No Memory Limit
568,D,No Time Limit,No Memory Limit
568,C,No Time Limit,No Memory Limit
568,B,No Time Limit,No Memory Limit
568,A,No Time Limit,No Memory Limit
567,F,No Time Limit,No Memory Limit
567,E,No Time Limit,No Memory Limit
567,D,No Time Limit,No Memory Limit
567,C,No Time Limit,No Memory Limit
567,B,No Time Limit,No Memory Limit
567,A,No Time Limit,No Memory Limit
566,G,No Time Limit,No Memory Limit
566,F,No Time Limit,No Memory Limit
566,E,No Time Limit,No Memory Limit
566,D,No Time Limit,No Memory Limit
566,C,No Time Limit,No Memory Limit
566,B,No Time Limit,No Memory Limit
566,A,No Time Limit,No Memory Limit
560,B,No Time Limit,No Memory Limit
560,A,No Time Limit,No Memory Limit
559,E,No Time Limit,No Memory Limit
559,D,No Time Limit,No Memory Limit
559,C,No Time Limit,No Memory Limit
559,B,No Time Limit,No Memory Limit
559,A,No Time Limit,No Memory Limit
558,E,No Time Limit,No Memory Limit
558,D,No Time Limit,No Memory Limit
558,C,No Time Limit,No Memory Limit
558,B,No Time Limit,No Memory Limit
558,A,No Time Limit,No Memory Limit
557,E,No Time Limit,No Memory Limit
557,D,No Time Limit,No Memory Limit
557,C,No Time Limit,No Memory Limit
557,B,No Time Limit,No Memory Limit
557,A,No Time Limit,No Memory Limit
556,B,No Time Limit,No Memory Limit
556,A,No Time Limit,No Memory Limit
555,E,No Time Limit,No Memory Limit
555,D,No Time Limit,No Memory Limit
555,C,No Time Limit,No Memory Limit
555,B,No Time Limit,No Memory Limit
555,A,No Time Limit,No Memory Limit
554,B,No Time Limit,No Memory Limit
554,A,No Time Limit,No Memory Limit
553,E,No Time Limit,No Memory Limit
553,D,No Time Limit,No Memory Limit
553,C,No Time Limit,No Memory Limit
553,B,No Time Limit,No Memory Limit
553,A,No Time Limit,No Memory Limit
552,E,No Time Limit,No Memory Limit
552,D,No Time Limit,No Memory Limit
552,C,No Time Limit,No Memory Limit
552,B,No Time Limit,No Memory Limit
552,A,No Time Limit,No Memory Limit
551,E,No Time Limit,No Memory Limit
551,D,No Time Limit,No Memory Limit
551,C,No Time Limit,No Memory Limit
551,B,No Time Limit,No Memory Limit
551,A,No Time Limit,No Memory Limit
550,E,No Time Limit,No Memory Limit
550,D,No Time Limit,No Memory Limit
550,C,No Time Limit,No Memory Limit
550,B,No Time Limit,No Memory Limit
550,A,No Time Limit,No Memory Limit
549,H,No Time Limit,No Memory Limit
549,G,No Time Limit,No Memory Limit
549,F,No Time Limit,No Memory Limit
549,E,No Time Limit,No Memory Limit
549,D,No Time Limit,No Memory Limit
549,C,No Time Limit,No Memory Limit
549,B,No Time Limit,No Memory Limit
549,A,No Time Limit,No Memory Limit
548,B,No Time Limit,No Memory Limit
548,A,No Time Limit,No Memory Limit
547,E,No Time Limit,No Memory Limit
547,D,No Time Limit,No Memory Limit
547,C,No Time Limit,No Memory Limit
547,B,No Time Limit,No Memory Limit
547,A,No Time Limit,No Memory Limit
546,E,No Time Limit,No Memory Limit
546,D,No Time Limit,No Memory Limit
546,C,No Time Limit,No Memory Limit
546,B,No Time Limit,No Memory Limit
546,A,No Time Limit,No Memory Limit
545,E,No Time Limit,No Memory Limit
545,D,No Time Limit,No Memory Limit
545,C,No Time Limit,No Memory Limit
545,B,No Time Limit,No Memory Limit
545,A,No Time Limit,No Memory Limit
544,B,No Time Limit,No Memory Limit
544,A,No Time Limit,No Memory Limit
543,E,No Time Limit,No Memory Limit
543,D,No Time Limit,No Memory Limit
543,C,No Time Limit,No Memory Limit
543,B,No Time Limit,No Memory Limit
543,A,No Time Limit,No Memory Limit
542,F,No Time Limit,No Memory Limit
542,E,No Time Limit,No Memory Limit
542,D,No Time Limit,No Memory Limit
542,C,No Time Limit,No Memory Limit
542,B,No Time Limit,No Memory Limit
542,A,No Time Limit,No Memory Limit
540,E,No Time Limit,No Memory Limit
540,D,No Time Limit,No Memory Limit
540,C,No Time Limit,No Memory Limit
540,B,No Time Limit,No Memory Limit
540,A,No Time Limit,No Memory Limit
538,H,No Time Limit,No Memory Limit
538,G,No Time Limit,No Memory Limit
538,F,No Time Limit,No Memory Limit
538,E,No Time Limit,No Memory Limit
538,D,No Time Limit,No Memory Limit
538,C,No Time Limit,No Memory Limit
538,B,No Time Limit,No Memory Limit
538,A,No Time Limit,No Memory Limit
536,E,No Time Limit,No Memory Limit
536,D,No Time Limit,No Memory Limit
535,E,No Time Limit,No Memory Limit
535,D,No Time Limit,No Memory Limit
535,C,No Time Limit,No Memory Limit
535,B,No Time Limit,No Memory Limit
535,A,No Time Limit,No Memory Limit
534,F,No Time Limit,No Memory Limit
534,E,No Time Limit,No Memory Limit
534,D,No Time Limit,No Memory Limit
534,C,No Time Limit,No Memory Limit
534,B,No Time Limit,No Memory Limit
534,A,No Time Limit,No Memory Limit
533,F,No Time Limit,No Memory Limit
533,E,No Time Limit,No Memory Limit
533,D,No Time Limit,No Memory Limit
533,C,No Time Limit,No Memory Limit
533,B,No Time Limit,No Memory Limit
533,A,No Time Limit,No Memory Limit
530,I,No Time Limit,No Memory Limit
530,H,No Time Limit,No Memory Limit
530,G,No Time Limit,No Memory Limit
530,F,No Time Limit,No Memory Limit
530,E,No Time Limit,No Memory Limit
530,D,No Time Limit,No Memory Limit
530,C,No Time Limit,No Memory Limit
530,B,No Time Limit,No Memory Limit
530,A,No Time Limit,No Memory Limit
529,B,No Time Limit,No Memory Limit
528,E,No Time Limit,No Memory Limit
528,D,No Time Limit,No Memory Limit
527,E,No Time Limit,No Memory Limit
527,D,No Time Limit,No Memory Limit
527,C,No Time Limit,No Memory Limit
527,B,No Time Limit,No Memory Limit
527,A,No Time Limit,No Memory Limit
526,G,No Time Limit,No Memory Limit
526,F,No Time Limit,No Memory Limit
526,E,No Time Limit,No Memory Limit
526,D,No Time Limit,No Memory Limit
526,C,No Time Limit,No Memory Limit
526,B,No Time Limit,No Memory Limit
526,A,No Time Limit,No Memory Limit
525,E,No Time Limit,No Memory Limit
525,D,No Time Limit,No Memory Limit
525,C,No Time Limit,No Memory Limit
525,B,No Time Limit,No Memory Limit
525,A,No Time Limit,No Memory Limit
524,F,No Time Limit,No Memory Limit
524,E,No Time Limit,No Memory Limit
524,D,No Time Limit,No Memory Limit
524,C,No Time Limit,No Memory Limit
524,B,No Time Limit,No Memory Limit
524,A,No Time Limit,No Memory Limit
523,D,No Time Limit,No Memory Limit
523,C,No Time Limit,No Memory Limit
523,B,No Time Limit,No Memory Limit
523,A,No Time Limit,No Memory Limit
522,D,No Time Limit,No Memory Limit
522,C,No Time Limit,No Memory Limit
522,B,No Time Limit,No Memory Limit
522,A,No Time Limit,No Memory Limit
521,E,No Time Limit,No Memory Limit
521,D,No Time Limit,No Memory Limit
520,E,No Time Limit,No Memory Limit
520,D,No Time Limit,No Memory Limit
520,C,No Time Limit,No Memory Limit
520,B,No Time Limit,No Memory Limit
520,A,No Time Limit,No Memory Limit
519,E,No Time Limit,No Memory Limit
519,D,No Time Limit,No Memory Limit
519,C,No Time Limit,No Memory Limit
519,B,No Time Limit,No Memory Limit
519,A,No Time Limit,No Memory Limit
518,F,No Time Limit,No Memory Limit
518,E,No Time Limit,No Memory Limit
518,D,No Time Limit,No Memory Limit
518,C,No Time Limit,No Memory Limit
518,B,No Time Limit,No Memory Limit
518,A,No Time Limit,No Memory Limit
516,E,No Time Limit,No Memory Limit
516,D,No Time Limit,No Memory Limit
515,E,No Time Limit,No Memory Limit
515,D,No Time Limit,No Memory Limit
515,C,No Time Limit,No Memory Limit
515,B,No Time Limit,No Memory Limit
515,A,No Time Limit,No Memory Limit
514,E,No Time Limit,No Memory Limit
514,D,No Time Limit,No Memory Limit
514,C,No Time Limit,No Memory Limit
514,B,No Time Limit,No Memory Limit
514,A,No Time Limit,No Memory Limit
513,G3,No Time Limit,No Memory Limit
513,G2,No Time Limit,No Memory Limit
513,G1,No Time Limit,No Memory Limit
513,F2,No Time Limit,No Memory Limit
513,F1,No Time Limit,No Memory Limit
513,E2,No Time Limit,No Memory Limit
513,E1,No Time Limit,No Memory Limit
513,D2,No Time Limit,No Memory Limit
513,D1,No Time Limit,No Memory Limit
513,C,No Time Limit,No Memory Limit
513,B2,No Time Limit,No Memory Limit
513,B1,No Time Limit,No Memory Limit
513,A,No Time Limit,No Memory Limit
512,E,No Time Limit,No Memory Limit
512,D,No Time Limit,No Memory Limit
510,E,No Time Limit,No Memory Limit
510,D,No Time Limit,No Memory Limit
510,C,No Time Limit,No Memory Limit
510,B,No Time Limit,No Memory Limit
510,A,No Time Limit,No Memory Limit
509,F,No Time Limit,No Memory Limit
509,E,No Time Limit,No Memory Limit
509,D,No Time Limit,No Memory Limit
509,C,No Time Limit,No Memory Limit
509,B,No Time Limit,No Memory Limit
509,A,No Time Limit,No Memory Limit
508,E,No Time Limit,No Memory Limit
508,D,No Time Limit,No Memory Limit
508,C,No Time Limit,No Memory Limit
508,B,No Time Limit,No Memory Limit
508,A,No Time Limit,No Memory Limit
507,E,No Time Limit,No Memory Limit
507,D,No Time Limit,No Memory Limit
507,C,No Time Limit,No Memory Limit
507,B,No Time Limit,No Memory Limit
507,A,No Time Limit,No Memory Limit
506,E,No Time Limit,No Memory Limit
506,D,No Time Limit,No Memory Limit
505,E,No Time Limit,No Memory Limit
505,D,No Time Limit,No Memory Limit
505,C,No Time Limit,No Memory Limit
505,B,No Time Limit,No Memory Limit
505,A,No Time Limit,No Memory Limit
504,E,No Time Limit,No Memory Limit
504,D,No Time Limit,No Memory Limit
501,E,No Time Limit,No Memory Limit
501,D,No Time Limit,No Memory Limit
501,C,No Time Limit,No Memory Limit
501,B,No Time Limit,No Memory Limit
501,A,No Time Limit,No Memory Limit
500,G,No Time Limit,No Memory Limit
500,F,No Time Limit,No Memory Limit
500,E,No Time Limit,No Memory Limit
500,D,No Time Limit,No Memory Limit
500,C,No Time Limit,No Memory Limit
500,B,No Time Limit,No Memory Limit
500,A,No Time Limit,No Memory Limit
499,B,No Time Limit,No Memory Limit
499,A,No Time Limit,No Memory Limit
498,E,No Time Limit,No Memory Limit
498,D,No Time Limit,No Memory Limit
498,C,No Time Limit,No Memory Limit
498,B,No Time Limit,No Memory Limit
498,A,No Time Limit,No Memory Limit
497,E,No Time Limit,No Memory Limit
497,D,No Time Limit,No Memory Limit
496,E,No Time Limit,No Memory Limit
496,D,No Time Limit,No Memory Limit
496,C,No Time Limit,No Memory Limit
496,B,No Time Limit,No Memory Limit
496,A,No Time Limit,No Memory Limit
495,B,No Time Limit,No Memory Limit
495,A,No Time Limit,No Memory Limit
494,E,No Time Limit,No Memory Limit
494,D,No Time Limit,No Memory Limit
494,C,No Time Limit,No Memory Limit
494,B,No Time Limit,No Memory Limit
494,A,No Time Limit,No Memory Limit
493,E,No Time Limit,No Memory Limit
493,D,No Time Limit,No Memory Limit
493,C,No Time Limit,No Memory Limit
493,B,No Time Limit,No Memory Limit
493,A,No Time Limit,No Memory Limit
492,E,No Time Limit,No Memory Limit
492,D,No Time Limit,No Memory Limit
492,C,No Time Limit,No Memory Limit
492,B,No Time Limit,No Memory Limit
492,A,No Time Limit,No Memory Limit
491,C,No Time Limit,No Memory Limit
491,B,No Time Limit,No Memory Limit
491,A,No Time Limit,No Memory Limit
490,F,No Time Limit,No Memory Limit
490,E,No Time Limit,No Memory Limit
490,D,No Time Limit,No Memory Limit
490,C,No Time Limit,No Memory Limit
490,B,No Time Limit,No Memory Limit
490,A,No Time Limit,No Memory Limit
489,F,No Time Limit,No Memory Limit
489,E,No Time Limit,No Memory Limit
489,D,No Time Limit,No Memory Limit
489,C,No Time Limit,No Memory Limit
489,B,No Time Limit,No Memory Limit
489,A,No Time Limit,No Memory Limit
488,B,No Time Limit,No Memory Limit
488,A,No Time Limit,No Memory Limit
487,E,No Time Limit,No Memory Limit
487,D,No Time Limit,No Memory Limit
487,C,No Time Limit,No Memory Limit
487,B,No Time Limit,No Memory Limit
487,A,No Time Limit,No Memory Limit
486,E,No Time Limit,No Memory Limit
486,D,No Time Limit,No Memory Limit
486,C,No Time Limit,No Memory Limit
486,B,No Time Limit,No Memory Limit
486,A,No Time Limit,No Memory Limit
485,B,No Time Limit,No Memory Limit
485,A,No Time Limit,No Memory Limit
484,E,No Time Limit,No Memory Limit
484,D,No Time Limit,No Memory Limit
484,C,No Time Limit,No Memory Limit
484,B,No Time Limit,No Memory Limit
484,A,No Time Limit,No Memory Limit
483,B,No Time Limit,No Memory Limit
483,A,No Time Limit,No Memory Limit
482,E,No Time Limit,No Memory Limit
482,D,No Time Limit,No Memory Limit
482,C,No Time Limit,No Memory Limit
482,B,No Time Limit,No Memory Limit
482,A,No Time Limit,No Memory Limit
480,E,No Time Limit,No Memory Limit
480,D,No Time Limit,No Memory Limit
479,E,No Time Limit,No Memory Limit
479,D,No Time Limit,No Memory Limit
479,C,No Time Limit,No Memory Limit
479,B,No Time Limit,No Memory Limit
479,A,No Time Limit,No Memory Limit
478,E,No Time Limit,No Memory Limit
478,D,No Time Limit,No Memory Limit
478,C,No Time Limit,No Memory Limit
478,B,No Time Limit,No Memory Limit
478,A,No Time Limit,No Memory Limit
477,E,No Time Limit,No Memory Limit
477,D,No Time Limit,No Memory Limit
476,E,No Time Limit,No Memory Limit
476,D,No Time Limit,No Memory Limit
476,C,No Time Limit,No Memory Limit
476,B,No Time Limit,No Memory Limit
476,A,No Time Limit,No Memory Limit
475,F,No Time Limit,No Memory Limit
475,E,No Time Limit,No Memory Limit
475,D,No Time Limit,No Memory Limit
475,C,No Time Limit,No Memory Limit
475,B,No Time Limit,No Memory Limit
475,A,No Time Limit,No Memory Limit
474,F,No Time Limit,No Memory Limit
474,E,No Time Limit,No Memory Limit
474,D,No Time Limit,No Memory Limit
474,C,No Time Limit,No Memory Limit
474,B,No Time Limit,No Memory Limit
474,A,No Time Limit,No Memory Limit
472,G,No Time Limit,No Memory Limit
472,F,No Time Limit,No Memory Limit
472,E,No Time Limit,No Memory Limit
472,D,No Time Limit,No Memory Limit
472,C,No Time Limit,No Memory Limit
472,B,No Time Limit,No Memory Limit
472,A,No Time Limit,No Memory Limit
471,E,No Time Limit,No Memory Limit
471,D,No Time Limit,No Memory Limit
471,C,No Time Limit,No Memory Limit
471,B,No Time Limit,No Memory Limit
471,A,No Time Limit,No Memory Limit
470,H,No Time Limit,No Memory Limit
470,G,No Time Limit,No Memory Limit
470,F,No Time Limit,No Memory Limit
470,E,No Time Limit,No Memory Limit
470,D,No Time Limit,No Memory Limit
470,C,No Time Limit,No Memory Limit
470,B,No Time Limit,No Memory Limit
470,A,No Time Limit,No Memory Limit
469,B,No Time Limit,No Memory Limit
469,A,No Time Limit,No Memory Limit
468,E,No Time Limit,No Memory Limit
468,D,No Time Limit,No Memory Limit
468,C,No Time Limit,No Memory Limit
468,B,No Time Limit,No Memory Limit
468,A,No Time Limit,No Memory Limit
467,E,No Time Limit,No Memory Limit
467,D,No Time Limit,No Memory Limit
467,C,No Time Limit,No Memory Limit
467,B,No Time Limit,No Memory Limit
467,A,No Time Limit,No Memory Limit
466,E,No Time Limit,No Memory Limit
466,D,No Time Limit,No Memory Limit
466,C,No Time Limit,No Memory Limit
466,B,No Time Limit,No Memory Limit
466,A,No Time Limit,No Memory Limit
465,B,No Time Limit,No Memory Limit
465,A,No Time Limit,No Memory Limit
464,E,No Time Limit,No Memory Limit
464,D,No Time Limit,No Memory Limit
464,C,No Time Limit,No Memory Limit
464,B,No Time Limit,No Memory Limit
464,A,No Time Limit,No Memory Limit
463,E,No Time Limit,No Memory Limit
463,D,No Time Limit,No Memory Limit
463,C,No Time Limit,No Memory Limit
463,B,No Time Limit,No Memory Limit
463,A,No Time Limit,No Memory Limit
462,B,No Time Limit,No Memory Limit
462,A,No Time Limit,No Memory Limit
461,E,No Time Limit,No Memory Limit
461,D,No Time Limit,No Memory Limit
461,C,No Time Limit,No Memory Limit
461,B,No Time Limit,No Memory Limit
461,A,No Time Limit,No Memory Limit
460,E,No Time Limit,No Memory Limit
460,D,No Time Limit,No Memory Limit
460,C,No Time Limit,No Memory Limit
460,B,No Time Limit,No Memory Limit
460,A,No Time Limit,No Memory Limit
459,E,No Time Limit,No Memory Limit
459,D,No Time Limit,No Memory Limit
459,C,No Time Limit,No Memory Limit
459,B,No Time Limit,No Memory Limit
459,A,No Time Limit,No Memory Limit
457,F,No Time Limit,No Memory Limit
457,E,No Time Limit,No Memory Limit
457,D,No Time Limit,No Memory Limit
457,C,No Time Limit,No Memory Limit
457,B,No Time Limit,No Memory Limit
457,A,No Time Limit,No Memory Limit
456,B,No Time Limit,No Memory Limit
456,A,No Time Limit,No Memory Limit
455,E,No Time Limit,No Memory Limit
455,D,No Time Limit,No Memory Limit
455,C,No Time Limit,No Memory Limit
455,B,No Time Limit,No Memory Limit
455,A,No Time Limit,No Memory Limit
454,B,No Time Limit,No Memory Limit
454,A,No Time Limit,No Memory Limit
453,E,No Time Limit,No Memory Limit
453,D,No Time Limit,No Memory Limit
453,C,No Time Limit,No Memory Limit
453,B,No Time Limit,No Memory Limit
453,A,No Time Limit,No Memory Limit
452,F,No Time Limit,No Memory Limit
452,E,No Time Limit,No Memory Limit
452,D,No Time Limit,No Memory Limit
452,C,No Time Limit,No Memory Limit
452,B,No Time Limit,No Memory Limit
452,A,No Time Limit,No Memory Limit
451,E,No Time Limit,No Memory Limit
451,D,No Time Limit,No Memory Limit
451,C,No Time Limit,No Memory Limit
451,B,No Time Limit,No Memory Limit
451,A,No Time Limit,No Memory Limit
450,B,No Time Limit,No Memory Limit
450,A,No Time Limit,No Memory Limit
449,E,No Time Limit,No Memory Limit
449,D,No Time Limit,No Memory Limit
449,C,No Time Limit,No Memory Limit
449,B,No Time Limit,No Memory Limit
449,A,No Time Limit,No Memory Limit
448,E,No Time Limit,No Memory Limit
448,D,No Time Limit,No Memory Limit
448,C,No Time Limit,No Memory Limit
448,B,No Time Limit,No Memory Limit
448,A,No Time Limit,No Memory Limit
447,B,No Time Limit,No Memory Limit
447,A,No Time Limit,No Memory Limit
446,E,No Time Limit,No Memory Limit
446,D,No Time Limit,No Memory Limit
446,C,No Time Limit,No Memory Limit
446,B,No Time Limit,No Memory Limit
446,A,No Time Limit,No Memory Limit
445,B,No Time Limit,No Memory Limit
445,A,No Time Limit,No Memory Limit
444,E,No Time Limit,No Memory Limit
444,D,No Time Limit,No Memory Limit
444,C,No Time Limit,No Memory Limit
444,B,No Time Limit,No Memory Limit
444,A,No Time Limit,No Memory Limit
443,B,No Time Limit,No Memory Limit
443,A,No Time Limit,No Memory Limit
442,E,No Time Limit,No Memory Limit
442,D,No Time Limit,No Memory Limit
442,C,No Time Limit,No Memory Limit
442,B,No Time Limit,No Memory Limit
442,A,No Time Limit,No Memory Limit
441,E,No Time Limit,No Memory Limit
441,D,No Time Limit,No Memory Limit
441,C,No Time Limit,No Memory Limit
441,B,No Time Limit,No Memory Limit
441,A,No Time Limit,No Memory Limit
440,D,No Time Limit,No Memory Limit
440,C,No Time Limit,No Memory Limit
440,B,No Time Limit,No Memory Limit
440,A,No Time Limit,No Memory Limit
439,E,No Time Limit,No Memory Limit
439,D,No Time Limit,No Memory Limit
439,C,No Time Limit,No Memory Limit
439,B,No Time Limit,No Memory Limit
439,A,No Time Limit,No Memory Limit
438,E,No Time Limit,No Memory Limit
438,D,No Time Limit,No Memory Limit
437,E,No Time Limit,No Memory Limit
437,D,No Time Limit,No Memory Limit
437,C,No Time Limit,No Memory Limit
437,B,No Time Limit,No Memory Limit
437,A,No Time Limit,No Memory Limit
436,F,No Time Limit,No Memory Limit
436,E,No Time Limit,No Memory Limit
436,D,No Time Limit,No Memory Limit
436,C,No Time Limit,No Memory Limit
436,B,No Time Limit,No Memory Limit
436,A,No Time Limit,No Memory Limit
435,E,No Time Limit,No Memory Limit
435,D,No Time Limit,No Memory Limit
435,C,No Time Limit,No Memory Limit
435,B,No Time Limit,No Memory Limit
435,A,No Time Limit,No Memory Limit
434,E,No Time Limit,No Memory Limit
434,D,No Time Limit,No Memory Limit
433,E,No Time Limit,No Memory Limit
433,D,No Time Limit,No Memory Limit
433,C,No Time Limit,No Memory Limit
433,B,No Time Limit,No Memory Limit
433,A,No Time Limit,No Memory Limit
432,E,No Time Limit,No Memory Limit
432,D,No Time Limit,No Memory Limit
432,C,No Time Limit,No Memory Limit
432,B,No Time Limit,No Memory Limit
432,A,No Time Limit,No Memory Limit
431,E,No Time Limit,No Memory Limit
431,D,No Time Limit,No Memory Limit
431,C,No Time Limit,No Memory Limit
431,B,No Time Limit,No Memory Limit
431,A,No Time Limit,No Memory Limit
430,B,No Time Limit,No Memory Limit
430,A,No Time Limit,No Memory Limit
429,E,No Time Limit,No Memory Limit
429,D,No Time Limit,No Memory Limit
429,C,No Time Limit,No Memory Limit
429,B,No Time Limit,No Memory Limit
429,A,No Time Limit,No Memory Limit
427,E,No Time Limit,No Memory Limit
427,D,No Time Limit,No Memory Limit
427,C,No Time Limit,No Memory Limit
427,B,No Time Limit,No Memory Limit
427,A,No Time Limit,No Memory Limit
426,B,No Time Limit,No Memory Limit
426,A,No Time Limit,No Memory Limit
425,E,No Time Limit,No Memory Limit
425,D,No Time Limit,No Memory Limit
425,C,No Time Limit,No Memory Limit
425,B,No Time Limit,No Memory Limit
425,A,No Time Limit,No Memory Limit
424,E,No Time Limit,No Memory Limit
424,D,No Time Limit,No Memory Limit
424,C,No Time Limit,No Memory Limit
424,B,No Time Limit,No Memory Limit
424,A,No Time Limit,No Memory Limit
421,D,No Time Limit,No Memory Limit
421,A,No Time Limit,No Memory Limit
420,E,No Time Limit,No Memory Limit
420,D,No Time Limit,No Memory Limit
420,C,No Time Limit,No Memory Limit
420,B,No Time Limit,No Memory Limit
420,A,No Time Limit,No Memory Limit
418,E,No Time Limit,No Memory Limit
418,D,No Time Limit,No Memory Limit
417,E,No Time Limit,No Memory Limit
417,D,No Time Limit,No Memory Limit
417,C,No Time Limit,No Memory Limit
417,B,No Time Limit,No Memory Limit
417,A,No Time Limit,No Memory Limit
416,E,No Time Limit,No Memory Limit
416,D,No Time Limit,No Memory Limit
416,C,No Time Limit,No Memory Limit
416,B,No Time Limit,No Memory Limit
416,A,No Time Limit,No Memory Limit
415,B,No Time Limit,No Memory Limit
415,A,No Time Limit,No Memory Limit
414,E,No Time Limit,No Memory Limit
414,D,No Time Limit,No Memory Limit
414,C,No Time Limit,No Memory Limit
414,B,No Time Limit,No Memory Limit
414,A,No Time Limit,No Memory Limit
413,E,No Time Limit,No Memory Limit
413,D,No Time Limit,No Memory Limit
413,C,No Time Limit,No Memory Limit
413,B,No Time Limit,No Memory Limit
413,A,No Time Limit,No Memory Limit
412,E,No Time Limit,No Memory Limit
412,D,No Time Limit,No Memory Limit
412,C,No Time Limit,No Memory Limit
412,B,No Time Limit,No Memory Limit
412,A,No Time Limit,No Memory Limit
411,C,No Time Limit,No Memory Limit
411,B,No Time Limit,No Memory Limit
411,A,No Time Limit,No Memory Limit
409,I,No Time Limit,No Memory Limit
409,H,No Time Limit,No Memory Limit
409,G,No Time Limit,No Memory Limit
409,F,No Time Limit,No Memory Limit
409,E,No Time Limit,No Memory Limit
409,D,No Time Limit,No Memory Limit
409,C,No Time Limit,No Memory Limit
409,B,No Time Limit,No Memory Limit
409,A,No Time Limit,No Memory Limit
408,B,No Time Limit,No Memory Limit
408,A,No Time Limit,No Memory Limit
407,E,No Time Limit,No Memory Limit
407,D,No Time Limit,No Memory Limit
407,C,No Time Limit,No Memory Limit
407,B,No Time Limit,No Memory Limit
407,A,No Time Limit,No Memory Limit
406,E,No Time Limit,No Memory Limit
406,D,No Time Limit,No Memory Limit
405,E,No Time Limit,No Memory Limit
405,D,No Time Limit,No Memory Limit
405,C,No Time Limit,No Memory Limit
405,B,No Time Limit,No Memory Limit
405,A,No Time Limit,No Memory Limit
404,E,No Time Limit,No Memory Limit
404,D,No Time Limit,No Memory Limit
404,C,No Time Limit,No Memory Limit
404,B,No Time Limit,No Memory Limit
404,A,No Time Limit,No Memory Limit
403,E,No Time Limit,No Memory Limit
403,D,No Time Limit,No Memory Limit
402,E,No Time Limit,No Memory Limit
402,D,No Time Limit,No Memory Limit
402,C,No Time Limit,No Memory Limit
402,B,No Time Limit,No Memory Limit
402,A,No Time Limit,No Memory Limit
401,E,No Time Limit,No Memory Limit
401,D,No Time Limit,No Memory Limit
401,C,No Time Limit,No Memory Limit
401,B,No Time Limit,No Memory Limit
401,A,No Time Limit,No Memory Limit
400,E,No Time Limit,No Memory Limit
400,D,No Time Limit,No Memory Limit
400,C,No Time Limit,No Memory Limit
400,B,No Time Limit,No Memory Limit
400,A,No Time Limit,No Memory Limit
399,B,No Time Limit,No Memory Limit
399,A,No Time Limit,No Memory Limit
398,E,No Time Limit,No Memory Limit
398,D,No Time Limit,No Memory Limit
398,C,No Time Limit,No Memory Limit
398,B,No Time Limit,No Memory Limit
398,A,No Time Limit,No Memory Limit
397,B,No Time Limit,No Memory Limit
397,A,No Time Limit,No Memory Limit
396,E,No Time Limit,No Memory Limit
396,D,No Time Limit,No Memory Limit
396,C,No Time Limit,No Memory Limit
396,B,No Time Limit,No Memory Limit
396,A,No Time Limit,No Memory Limit
394,E,No Time Limit,No Memory Limit
394,D,No Time Limit,No Memory Limit
394,C,No Time Limit,No Memory Limit
394,B,No Time Limit,No Memory Limit
394,A,No Time Limit,No Memory Limit
393,B,No Time Limit,No Memory Limit
393,A,No Time Limit,No Memory Limit
392,E,No Time Limit,No Memory Limit
392,D,No Time Limit,No Memory Limit
392,C,No Time Limit,No Memory Limit
392,B,No Time Limit,No Memory Limit
392,A,No Time Limit,No Memory Limit
391,F3,No Time Limit,No Memory Limit
391,F2,No Time Limit,No Memory Limit
391,F1,No Time Limit,No Memory Limit
391,E2,No Time Limit,No Memory Limit
391,E1,No Time Limit,No Memory Limit
391,D2,No Time Limit,No Memory Limit
391,D1,No Time Limit,No Memory Limit
391,C3,No Time Limit,No Memory Limit
391,C2,No Time Limit,No Memory Limit
391,C1,No Time Limit,No Memory Limit
391,B,No Time Limit,No Memory Limit
391,A,No Time Limit,No Memory Limit
390,E,No Time Limit,No Memory Limit
390,D,No Time Limit,No Memory Limit
390,C,No Time Limit,No Memory Limit
390,B,No Time Limit,No Memory Limit
390,A,No Time Limit,No Memory Limit
389,B,No Time Limit,No Memory Limit
389,A,No Time Limit,No Memory Limit
388,E,No Time Limit,No Memory Limit
388,D,No Time Limit,No Memory Limit
388,C,No Time Limit,No Memory Limit
388,B,No Time Limit,No Memory Limit
388,A,No Time Limit,No Memory Limit
387,E,No Time Limit,No Memory Limit
387,D,No Time Limit,No Memory Limit
387,C,No Time Limit,No Memory Limit
387,B,No Time Limit,No Memory Limit
387,A,No Time Limit,No Memory Limit
386,D,No Time Limit,No Memory Limit
386,C,No Time Limit,No Memory Limit
386,B,No Time Limit,No Memory Limit
386,A,No Time Limit,No Memory Limit
385,E,No Time Limit,No Memory Limit
385,D,No Time Limit,No Memory Limit
385,C,No Time Limit,No Memory Limit
385,B,No Time Limit,No Memory Limit
385,A,No Time Limit,No Memory Limit
384,B,No Time Limit,No Memory Limit
384,A,No Time Limit,No Memory Limit
383,E,No Time Limit,No Memory Limit
383,D,No Time Limit,No Memory Limit
383,C,No Time Limit,No Memory Limit
383,B,No Time Limit,No Memory Limit
383,A,No Time Limit,No Memory Limit
382,E,No Time Limit,No Memory Limit
382,D,No Time Limit,No Memory Limit
382,C,No Time Limit,No Memory Limit
382,B,No Time Limit,No Memory Limit
382,A,No Time Limit,No Memory Limit
381,B,No Time Limit,No Memory Limit
381,A,No Time Limit,No Memory Limit
380,E,No Time Limit,No Memory Limit
380,D,No Time Limit,No Memory Limit
380,C,No Time Limit,No Memory Limit
380,B,No Time Limit,No Memory Limit
380,A,No Time Limit,No Memory Limit
379,G,No Time Limit,No Memory Limit
379,F,No Time Limit,No Memory Limit
379,E,No Time Limit,No Memory Limit
379,D,No Time Limit,No Memory Limit
379,C,No Time Limit,No Memory Limit
379,B,No Time Limit,No Memory Limit
379,A,No Time Limit,No Memory Limit
378,B,No Time Limit,No Memory Limit
378,A,No Time Limit,No Memory Limit
377,E,No Time Limit,No Memory Limit
377,D,No Time Limit,No Memory Limit
377,C,No Time Limit,No Memory Limit
377,B,No Time Limit,No Memory Limit
377,A,No Time Limit,No Memory Limit
376,B,No Time Limit,No Memory Limit
376,A,No Time Limit,No Memory Limit
375,E,No Time Limit,No Memory Limit
375,D,No Time Limit,No Memory Limit
375,C,No Time Limit,No Memory Limit
375,B,No Time Limit,No Memory Limit
375,A,No Time Limit,No Memory Limit
374,E,No Time Limit,No Memory Limit
374,D,No Time Limit,No Memory Limit
374,C,No Time Limit,No Memory Limit
374,B,No Time Limit,No Memory Limit
374,A,No Time Limit,No Memory Limit
373,B,No Time Limit,No Memory Limit
373,A,No Time Limit,No Memory Limit
372,E,No Time Limit,No Memory Limit
372,D,No Time Limit,No Memory Limit
372,C,No Time Limit,No Memory Limit
372,B,No Time Limit,No Memory Limit
372,A,No Time Limit,No Memory Limit
371,E,No Time Limit,No Memory Limit
371,D,No Time Limit,No Memory Limit
371,C,No Time Limit,No Memory Limit
371,B,No Time Limit,No Memory Limit
371,A,No Time Limit,No Memory Limit
370,E,No Time Limit,No Memory Limit
370,D,No Time Limit,No Memory Limit
370,C,No Time Limit,No Memory Limit
370,B,No Time Limit,No Memory Limit
370,A,No Time Limit,No Memory Limit
369,E,No Time Limit,No Memory Limit
369,D,No Time Limit,No Memory Limit
369,C,No Time Limit,No Memory Limit
369,B,No Time Limit,No Memory Limit
369,A,No Time Limit,No Memory Limit
368,B,No Time Limit,No Memory Limit
368,A,No Time Limit,No Memory Limit
367,E,No Time Limit,No Memory Limit
367,D,No Time Limit,No Memory Limit
367,C,No Time Limit,No Memory Limit
367,B,No Time Limit,No Memory Limit
367,A,No Time Limit,No Memory Limit
366,E,No Time Limit,No Memory Limit
366,D,No Time Limit,No Memory Limit
366,C,No Time Limit,No Memory Limit
366,B,No Time Limit,No Memory Limit
366,A,No Time Limit,No Memory Limit
365,B,No Time Limit,No Memory Limit
365,A,No Time Limit,No Memory Limit
364,E,No Time Limit,No Memory Limit
364,D,No Time Limit,No Memory Limit
364,C,No Time Limit,No Memory Limit
364,B,No Time Limit,No Memory Limit
364,A,No Time Limit,No Memory Limit
363,E,No Time Limit,No Memory Limit
363,D,No Time Limit,No Memory Limit
363,C,No Time Limit,No Memory Limit
363,B,No Time Limit,No Memory Limit
363,A,No Time Limit,No Memory Limit
362,E,No Time Limit,No Memory Limit
362,D,No Time Limit,No Memory Limit
362,C,No Time Limit,No Memory Limit
362,B,No Time Limit,No Memory Limit
362,A,No Time Limit,No Memory Limit
361,B,No Time Limit,No Memory Limit
361,A,No Time Limit,No Memory Limit
360,E,No Time Limit,No Memory Limit
360,D,No Time Limit,No Memory Limit
360,C,No Time Limit,No Memory Limit
360,B,No Time Limit,No Memory Limit
360,A,No Time Limit,No Memory Limit
359,E,No Time Limit,No Memory Limit
359,D,No Time Limit,No Memory Limit
359,C,No Time Limit,No Memory Limit
359,B,No Time Limit,No Memory Limit
359,A,No Time Limit,No Memory Limit
358,E,No Time Limit,No Memory Limit
358,D,No Time Limit,No Memory Limit
358,C,No Time Limit,No Memory Limit
358,B,No Time Limit,No Memory Limit
358,A,No Time Limit,No Memory Limit
357,B,No Time Limit,No Memory Limit
357,A,No Time Limit,No Memory Limit
356,E,No Time Limit,No Memory Limit
356,D,No Time Limit,No Memory Limit
356,C,No Time Limit,No Memory Limit
356,B,No Time Limit,No Memory Limit
356,A,No Time Limit,No Memory Limit
355,B,No Time Limit,No Memory Limit
355,A,No Time Limit,No Memory Limit
354,E,No Time Limit,No Memory Limit
354,D,No Time Limit,No Memory Limit
354,C,No Time Limit,No Memory Limit
354,B,No Time Limit,No Memory Limit
354,A,No Time Limit,No Memory Limit
353,E,No Time Limit,No Memory Limit
353,D,No Time Limit,No Memory Limit
353,C,No Time Limit,No Memory Limit
353,B,No Time Limit,No Memory Limit
353,A,No Time Limit,No Memory Limit
352,B,No Time Limit,No Memory Limit
352,A,No Time Limit,No Memory Limit
351,E,No Time Limit,No Memory Limit
351,D,No Time Limit,No Memory Limit
351,C,No Time Limit,No Memory Limit
351,B,No Time Limit,No Memory Limit
351,A,No Time Limit,No Memory Limit
350,E,No Time Limit,No Memory Limit
350,D,No Time Limit,No Memory Limit
350,C,No Time Limit,No Memory Limit
350,B,No Time Limit,No Memory Limit
350,A,No Time Limit,No Memory Limit
349,B,No Time Limit,No Memory Limit
349,A,No Time Limit,No Memory Limit
348,E,No Time Limit,No Memory Limit
348,D,No Time Limit,No Memory Limit
348,C,No Time Limit,No Memory Limit
348,B,No Time Limit,No Memory Limit
348,A,No Time Limit,No Memory Limit
347,B,No Time Limit,No Memory Limit
347,A,No Time Limit,No Memory Limit
346,E,No Time Limit,No Memory Limit
346,D,No Time Limit,No Memory Limit
346,C,No Time Limit,No Memory Limit
346,B,No Time Limit,No Memory Limit
346,A,No Time Limit,No Memory Limit
345,G,No Time Limit,No Memory Limit
345,F,No Time Limit,No Memory Limit
345,E,No Time Limit,No Memory Limit
345,D,No Time Limit,No Memory Limit
345,C,No Time Limit,No Memory Limit
345,B,No Time Limit,No Memory Limit
345,A,No Time Limit,No Memory Limit
344,B,No Time Limit,No Memory Limit
344,A,No Time Limit,No Memory Limit
343,E,No Time Limit,No Memory Limit
343,D,No Time Limit,No Memory Limit
343,C,No Time Limit,No Memory Limit
343,B,No Time Limit,No Memory Limit
343,A,No Time Limit,No Memory Limit
342,E,No Time Limit,No Memory Limit
342,D,No Time Limit,No Memory Limit
342,C,No Time Limit,No Memory Limit
342,B,No Time Limit,No Memory Limit
342,A,No Time Limit,No Memory Limit
341,E,No Time Limit,No Memory Limit
341,D,No Time Limit,No Memory Limit
340,E,No Time Limit,No Memory Limit
340,D,No Time Limit,No Memory Limit
340,C,No Time Limit,No Memory Limit
340,B,No Time Limit,No Memory Limit
340,A,No Time Limit,No Memory Limit
339,E,No Time Limit,No Memory Limit
339,D,No Time Limit,No Memory Limit
339,C,No Time Limit,No Memory Limit
339,B,No Time Limit,No Memory Limit
339,A,No Time Limit,No Memory Limit
338,E,No Time Limit,No Memory Limit
338,D,No Time Limit,No Memory Limit
337,E,No Time Limit,No Memory Limit
337,D,No Time Limit,No Memory Limit
337,C,No Time Limit,No Memory Limit
337,B,No Time Limit,No Memory Limit
337,A,No Time Limit,No Memory Limit
336,E,No Time Limit,No Memory Limit
336,D,No Time Limit,No Memory Limit
336,C,No Time Limit,No Memory Limit
336,B,No Time Limit,No Memory Limit
336,A,No Time Limit,No Memory Limit
335,F,No Time Limit,No Memory Limit
335,E,No Time Limit,No Memory Limit
335,D,No Time Limit,No Memory Limit
335,C,No Time Limit,No Memory Limit
335,B,No Time Limit,No Memory Limit
335,A,No Time Limit,No Memory Limit
334,B,No Time Limit,No Memory Limit
334,A,No Time Limit,No Memory Limit
333,E,No Time Limit,No Memory Limit
333,D,No Time Limit,No Memory Limit
333,C,No Time Limit,No Memory Limit
333,B,No Time Limit,No Memory Limit
333,A,No Time Limit,No Memory Limit
332,E,No Time Limit,No Memory Limit
332,D,No Time Limit,No Memory Limit
332,C,No Time Limit,No Memory Limit
332,B,No Time Limit,No Memory Limit
332,A,No Time Limit,No Memory Limit
331,E2,No Time Limit,No Memory Limit
331,E1,No Time Limit,No Memory Limit
331,D3,No Time Limit,No Memory Limit
331,D2,No Time Limit,No Memory Limit
331,D1,No Time Limit,No Memory Limit
331,C3,No Time Limit,No Memory Limit
331,C2,No Time Limit,No Memory Limit
331,C1,No Time Limit,No Memory Limit
331,B2,No Time Limit,No Memory Limit
331,B1,No Time Limit,No Memory Limit
331,A2,No Time Limit,No Memory Limit
331,A1,No Time Limit,No Memory Limit
330,B,No Time Limit,No Memory Limit
330,A,No Time Limit,No Memory Limit
329,E,No Time Limit,No Memory Limit
329,D,No Time Limit,No Memory Limit
329,C,No Time Limit,No Memory Limit
329,B,No Time Limit,No Memory Limit
329,A,No Time Limit,No Memory Limit
328,B,No Time Limit,No Memory Limit
328,A,No Time Limit,No Memory Limit
327,E,No Time Limit,No Memory Limit
327,D,No Time Limit,No Memory Limit
327,C,No Time Limit,No Memory Limit
327,B,No Time Limit,No Memory Limit
327,A,No Time Limit,No Memory Limit
325,E,No Time Limit,No Memory Limit
325,D,No Time Limit,No Memory Limit
325,C,No Time Limit,No Memory Limit
325,B,No Time Limit,No Memory Limit
325,A,No Time Limit,No Memory Limit
323,C,No Time Limit,No Memory Limit
323,B,No Time Limit,No Memory Limit
323,A,No Time Limit,No Memory Limit
322,B,No Time Limit,No Memory Limit
322,A,No Time Limit,No Memory Limit
321,E,No Time Limit,No Memory Limit
321,D,No Time Limit,No Memory Limit
321,C,No Time Limit,No Memory Limit
321,B,No Time Limit,No Memory Limit
321,A,No Time Limit,No Memory Limit
320,B,No Time Limit,No Memory Limit
320,A,No Time Limit,No Memory Limit
319,E,No Time Limit,No Memory Limit
319,D,No Time Limit,No Memory Limit
319,C,No Time Limit,No Memory Limit
319,B,No Time Limit,No Memory Limit
319,A,No Time Limit,No Memory Limit
318,B,No Time Limit,No Memory Limit
318,A,No Time Limit,No Memory Limit
317,E,No Time Limit,No Memory Limit
317,D,No Time Limit,No Memory Limit
317,C,No Time Limit,No Memory Limit
317,B,No Time Limit,No Memory Limit
317,A,No Time Limit,No Memory Limit
316,G3,No Time Limit,No Memory Limit
316,G2,No Time Limit,No Memory Limit
316,G1,No Time Limit,No Memory Limit
316,F3,No Time Limit,No Memory Limit
316,F2,No Time Limit,No Memory Limit
316,F1,No Time Limit,No Memory Limit
316,E3,No Time Limit,No Memory Limit
316,E2,No Time Limit,No Memory Limit
316,E1,No Time Limit,No Memory Limit
316,D3,No Time Limit,No Memory Limit
316,D2,No Time Limit,No Memory Limit
316,D1,No Time Limit,No Memory Limit
316,C2,No Time Limit,No Memory Limit
316,C1,No Time Limit,No Memory Limit
316,B2,No Time Limit,No Memory Limit
316,B1,No Time Limit,No Memory Limit
316,A2,No Time Limit,No Memory Limit
316,A1,No Time Limit,No Memory Limit
315,B,No Time Limit,No Memory Limit
315,A,No Time Limit,No Memory Limit
314,E,No Time Limit,No Memory Limit
314,D,No Time Limit,No Memory Limit
314,C,No Time Limit,No Memory Limit
314,B,No Time Limit,No Memory Limit
314,A,No Time Limit,No Memory Limit
313,E,No Time Limit,No Memory Limit
313,D,No Time Limit,No Memory Limit
313,C,No Time Limit,No Memory Limit
313,B,No Time Limit,No Memory Limit
313,A,No Time Limit,No Memory Limit
312,B,No Time Limit,No Memory Limit
312,A,No Time Limit,No Memory Limit
311,E,No Time Limit,No Memory Limit
311,D,No Time Limit,No Memory Limit
311,C,No Time Limit,No Memory Limit
311,B,No Time Limit,No Memory Limit
311,A,No Time Limit,No Memory Limit
309,E,No Time Limit,No Memory Limit
309,D,No Time Limit,No Memory Limit
309,C,No Time Limit,No Memory Limit
309,B,No Time Limit,No Memory Limit
309,A,No Time Limit,No Memory Limit
306,D,No Time Limit,No Memory Limit
306,C,No Time Limit,No Memory Limit
306,B,No Time Limit,No Memory Limit
306,A,No Time Limit,No Memory Limit
305,E,No Time Limit,No Memory Limit
305,D,No Time Limit,No Memory Limit
305,C,No Time Limit,No Memory Limit
305,B,No Time Limit,No Memory Limit
305,A,No Time Limit,No Memory Limit
304,B,No Time Limit,No Memory Limit
304,A,No Time Limit,No Memory Limit
303,E,No Time Limit,No Memory Limit
303,D,No Time Limit,No Memory Limit
303,C,No Time Limit,No Memory Limit
303,B,No Time Limit,No Memory Limit
303,A,No Time Limit,No Memory Limit
302,B,No Time Limit,No Memory Limit
302,A,No Time Limit,No Memory Limit
301,E,No Time Limit,No Memory Limit
301,D,No Time Limit,No Memory Limit
301,C,No Time Limit,No Memory Limit
301,B,No Time Limit,No Memory Limit
301,A,No Time Limit,No Memory Limit
300,E,No Time Limit,No Memory Limit
300,D,No Time Limit,No Memory Limit
300,C,No Time Limit,No Memory Limit
300,B,No Time Limit,No Memory Limit
300,A,No Time Limit,No Memory Limit
299,B,No Time Limit,No Memory Limit
299,A,No Time Limit,No Memory Limit
298,B,No Time Limit,No Memory Limit
298,A,No Time Limit,No Memory Limit
297,E,No Time Limit,No Memory Limit
297,D,No Time Limit,No Memory Limit
297,C,No Time Limit,No Memory Limit
297,B,No Time Limit,No Memory Limit
297,A,No Time Limit,No Memory Limit
296,B,No Time Limit,No Memory Limit
296,A,No Time Limit,No Memory Limit
295,E,No Time Limit,No Memory Limit
295,D,No Time Limit,No Memory Limit
295,C,No Time Limit,No Memory Limit
295,B,No Time Limit,No Memory Limit
295,A,No Time Limit,No Memory Limit
294,E,No Time Limit,No Memory Limit
294,D,No Time Limit,No Memory Limit
294,C,No Time Limit,No Memory Limit
294,B,No Time Limit,No Memory Limit
294,A,No Time Limit,No Memory Limit
293,E,No Time Limit,No Memory Limit
293,D,No Time Limit,No Memory Limit
293,C,No Time Limit,No Memory Limit
293,B,No Time Limit,No Memory Limit
293,A,No Time Limit,No Memory Limit
292,E,No Time Limit,No Memory Limit
292,D,No Time Limit,No Memory Limit
292,C,No Time Limit,No Memory Limit
292,B,No Time Limit,No Memory Limit
292,A,No Time Limit,No Memory Limit
291,E,No Time Limit,No Memory Limit
291,D,No Time Limit,No Memory Limit
291,C,No Time Limit,No Memory Limit
291,B,No Time Limit,No Memory Limit
291,A,No Time Limit,No Memory Limit
290,F,No Time Limit,No Memory Limit
290,E,No Time Limit,No Memory Limit
290,D,No Time Limit,No Memory Limit
290,C,No Time Limit,No Memory Limit
290,B,No Time Limit,No Memory Limit
290,A,No Time Limit,No Memory Limit
289,B,No Time Limit,No Memory Limit
289,A,No Time Limit,No Memory Limit
288,E,No Time Limit,No Memory Limit
288,D,No Time Limit,No Memory Limit
288,C,No Time Limit,No Memory Limit
288,B,No Time Limit,No Memory Limit
288,A,No Time Limit,No Memory Limit
287,B,No Time Limit,No Memory Limit
287,A,No Time Limit,No Memory Limit
286,E,No Time Limit,No Memory Limit
286,D,No Time Limit,No Memory Limit
286,C,No Time Limit,No Memory Limit
286,B,No Time Limit,No Memory Limit
286,A,No Time Limit,No Memory Limit
285,E,No Time Limit,No Memory Limit
285,D,No Time Limit,No Memory Limit
285,C,No Time Limit,No Memory Limit
285,B,No Time Limit,No Memory Limit
285,A,No Time Limit,No Memory Limit
284,B,No Time Limit,No Memory Limit
284,A,No Time Limit,No Memory Limit
283,E,No Time Limit,No Memory Limit
283,D,No Time Limit,No Memory Limit
283,C,No Time Limit,No Memory Limit
283,B,No Time Limit,No Memory Limit
283,A,No Time Limit,No Memory Limit
282,E,No Time Limit,No Memory Limit
282,D,No Time Limit,No Memory Limit
282,C,No Time Limit,No Memory Limit
282,B,No Time Limit,No Memory Limit
282,A,No Time Limit,No Memory Limit
281,B,No Time Limit,No Memory Limit
281,A,No Time Limit,No Memory Limit
280,E,No Time Limit,No Memory Limit
280,D,No Time Limit,No Memory Limit
280,C,No Time Limit,No Memory Limit
280,B,No Time Limit,No Memory Limit
280,A,No Time Limit,No Memory Limit
279,E,No Time Limit,No Memory Limit
279,D,No Time Limit,No Memory Limit
279,C,No Time Limit,No Memory Limit
279,B,No Time Limit,No Memory Limit
279,A,No Time Limit,No Memory Limit
278,B,No Time Limit,No Memory Limit
278,A,No Time Limit,No Memory Limit
277,E,No Time Limit,No Memory Limit
277,D,No Time Limit,No Memory Limit
277,C,No Time Limit,No Memory Limit
277,B,No Time Limit,No Memory Limit
277,A,No Time Limit,No Memory Limit
276,E,No Time Limit,No Memory Limit
276,D,No Time Limit,No Memory Limit
276,C,No Time Limit,No Memory Limit
276,B,No Time Limit,No Memory Limit
276,A,No Time Limit,No Memory Limit
275,B,No Time Limit,No Memory Limit
275,A,No Time Limit,No Memory Limit
274,E,No Time Limit,No Memory Limit
274,D,No Time Limit,No Memory Limit
274,C,No Time Limit,No Memory Limit
274,B,No Time Limit,No Memory Limit
274,A,No Time Limit,No Memory Limit
273,E,No Time Limit,No Memory Limit
273,D,No Time Limit,No Memory Limit
272,E,No Time Limit,No Memory Limit
272,D,No Time Limit,No Memory Limit
272,C,No Time Limit,No Memory Limit
272,B,No Time Limit,No Memory Limit
272,A,No Time Limit,No Memory Limit
271,E,No Time Limit,No Memory Limit
271,D,No Time Limit,No Memory Limit
271,C,No Time Limit,No Memory Limit
271,B,No Time Limit,No Memory Limit
271,A,No Time Limit,No Memory Limit
270,B,No Time Limit,No Memory Limit
270,A,No Time Limit,No Memory Limit
269,E,No Time Limit,No Memory Limit
269,D,No Time Limit,No Memory Limit
269,C,No Time Limit,No Memory Limit
269,B,No Time Limit,No Memory Limit
269,A,No Time Limit,No Memory Limit
268,E,No Time Limit,No Memory Limit
268,D,No Time Limit,No Memory Limit
268,C,No Time Limit,No Memory Limit
268,B,No Time Limit,No Memory Limit
268,A,No Time Limit,No Memory Limit
267,C,No Time Limit,No Memory Limit
267,B,No Time Limit,No Memory Limit
267,A,No Time Limit,No Memory Limit
266,E,No Time Limit,No Memory Limit
266,D,No Time Limit,No Memory Limit
266,C,No Time Limit,No Memory Limit
266,B,No Time Limit,No Memory Limit
266,A,No Time Limit,No Memory Limit
265,B,No Time Limit,No Memory Limit
265,A,No Time Limit,No Memory Limit
264,E,No Time Limit,No Memory Limit
264,D,No Time Limit,No Memory Limit
264,C,No Time Limit,No Memory Limit
264,B,No Time Limit,No Memory Limit
264,A,No Time Limit,No Memory Limit
263,E,No Time Limit,No Memory Limit
263,D,No Time Limit,No Memory Limit
263,C,No Time Limit,No Memory Limit
263,B,No Time Limit,No Memory Limit
263,A,No Time Limit,No Memory Limit
262,B,No Time Limit,No Memory Limit
262,A,No Time Limit,No Memory Limit
261,E,No Time Limit,No Memory Limit
261,D,No Time Limit,No Memory Limit
261,C,No Time Limit,No Memory Limit
261,B,No Time Limit,No Memory Limit
261,A,No Time Limit,No Memory Limit
260,E,No Time Limit,No Memory Limit
260,D,No Time Limit,No Memory Limit
260,C,No Time Limit,No Memory Limit
260,B,No Time Limit,No Memory Limit
260,A,No Time Limit,No Memory Limit
259,B,No Time Limit,No Memory Limit
259,A,No Time Limit,No Memory Limit
258,E,No Time Limit,No Memory Limit
258,D,No Time Limit,No Memory Limit
258,C,No Time Limit,No Memory Limit
258,B,No Time Limit,No Memory Limit
258,A,No Time Limit,No Memory Limit
257,E,No Time Limit,No Memory Limit
257,D,No Time Limit,No Memory Limit
257,C,No Time Limit,No Memory Limit
257,B,No Time Limit,No Memory Limit
257,A,No Time Limit,No Memory Limit
256,E,No Time Limit,No Memory Limit
256,D,No Time Limit,No Memory Limit
255,E,No Time Limit,No Memory Limit
255,D,No Time Limit,No Memory Limit
255,C,No Time Limit,No Memory Limit
255,B,No Time Limit,No Memory Limit
255,A,No Time Limit,No Memory Limit
254,E,No Time Limit,No Memory Limit
254,D,No Time Limit,No Memory Limit
254,C,No Time Limit,No Memory Limit
254,B,No Time Limit,No Memory Limit
254,A,No Time Limit,No Memory Limit
253,E,No Time Limit,No Memory Limit
253,D,No Time Limit,No Memory Limit
253,C,No Time Limit,No Memory Limit
253,B,No Time Limit,No Memory Limit
253,A,No Time Limit,No Memory Limit
252,B,No Time Limit,No Memory Limit
252,A,No Time Limit,No Memory Limit
251,E,No Time Limit,No Memory Limit
251,D,No Time Limit,No Memory Limit
251,C,No Time Limit,No Memory Limit
251,B,No Time Limit,No Memory Limit
251,A,No Time Limit,No Memory Limit
250,E,No Time Limit,No Memory Limit
250,D,No Time Limit,No Memory Limit
250,C,No Time Limit,No Memory Limit
250,B,No Time Limit,No Memory Limit
250,A,No Time Limit,No Memory Limit
249,E,No Time Limit,No Memory Limit
249,D,No Time Limit,No Memory Limit
248,E,No Time Limit,No Memory Limit
248,D,No Time Limit,No Memory Limit
248,C,No Time Limit,No Memory Limit
248,B,No Time Limit,No Memory Limit
248,A,No Time Limit,No Memory Limit
246,E,No Time Limit,No Memory Limit
246,D,No Time Limit,No Memory Limit
246,C,No Time Limit,No Memory Limit
246,B,No Time Limit,No Memory Limit
246,A,No Time Limit,No Memory Limit
245,H,No Time Limit,No Memory Limit
245,G,No Time Limit,No Memory Limit
245,F,No Time Limit,No Memory Limit
245,E,No Time Limit,No Memory Limit
245,D,No Time Limit,No Memory Limit
245,C,No Time Limit,No Memory Limit
245,B,No Time Limit,No Memory Limit
245,A,No Time Limit,No Memory Limit
244,B,No Time Limit,No Memory Limit
244,A,No Time Limit,No Memory Limit
243,E,No Time Limit,No Memory Limit
243,D,No Time Limit,No Memory Limit
243,C,No Time Limit,No Memory Limit
243,B,No Time Limit,No Memory Limit
243,A,No Time Limit,No Memory Limit
242,E,No Time Limit,No Memory Limit
242,D,No Time Limit,No Memory Limit
242,C,No Time Limit,No Memory Limit
242,B,No Time Limit,No Memory Limit
242,A,No Time Limit,No Memory Limit
241,G,No Time Limit,No Memory Limit
241,F,No Time Limit,No Memory Limit
241,E,No Time Limit,No Memory Limit
241,D,No Time Limit,No Memory Limit
241,C,No Time Limit,No Memory Limit
241,B,No Time Limit,No Memory Limit
241,A,No Time Limit,No Memory Limit
240,F,No Time Limit,No Memory Limit
240,E,No Time Limit,No Memory Limit
239,B,No Time Limit,No Memory Limit
239,A,No Time Limit,No Memory Limit
238,E,No Time Limit,No Memory Limit
238,D,No Time Limit,No Memory Limit
238,C,No Time Limit,No Memory Limit
238,B,No Time Limit,No Memory Limit
238,A,No Time Limit,No Memory Limit
237,E,No Time Limit,No Memory Limit
237,D,No Time Limit,No Memory Limit
237,C,No Time Limit,No Memory Limit
237,B,No Time Limit,No Memory Limit
237,A,No Time Limit,No Memory Limit
236,B,No Time Limit,No Memory Limit
236,A,No Time Limit,No Memory Limit
235,E,No Time Limit,No Memory Limit
235,D,No Time Limit,No Memory Limit
235,C,No Time Limit,No Memory Limit
235,B,No Time Limit,No Memory Limit
235,A,No Time Limit,No Memory Limit
234,H,No Time Limit,No Memory Limit
234,G,No Time Limit,No Memory Limit
234,F,No Time Limit,No Memory Limit
234,E,No Time Limit,No Memory Limit
234,D,No Time Limit,No Memory Limit
234,C,No Time Limit,No Memory Limit
234,B,No Time Limit,No Memory Limit
234,A,No Time Limit,No Memory Limit
233,B,No Time Limit,No Memory Limit
233,A,No Time Limit,No Memory Limit
232,E,No Time Limit,No Memory Limit
232,D,No Time Limit,No Memory Limit
232,C,No Time Limit,No Memory Limit
232,B,No Time Limit,No Memory Limit
232,A,No Time Limit,No Memory Limit
231,E,No Time Limit,No Memory Limit
231,D,No Time Limit,No Memory Limit
231,C,No Time Limit,No Memory Limit
231,B,No Time Limit,No Memory Limit
231,A,No Time Limit,No Memory Limit
230,B,No Time Limit,No Memory Limit
230,A,No Time Limit,No Memory Limit
229,E,No Time Limit,No Memory Limit
229,D,No Time Limit,No Memory Limit
229,C,No Time Limit,No Memory Limit
229,B,No Time Limit,No Memory Limit
229,A,No Time Limit,No Memory Limit
228,E,No Time Limit,No Memory Limit
228,D,No Time Limit,No Memory Limit
228,C,No Time Limit,No Memory Limit
228,B,No Time Limit,No Memory Limit
228,A,No Time Limit,No Memory Limit
227,B,No Time Limit,No Memory Limit
227,A,No Time Limit,No Memory Limit
226,E,No Time Limit,No Memory Limit
226,D,No Time Limit,No Memory Limit
226,C,No Time Limit,No Memory Limit
226,B,No Time Limit,No Memory Limit
226,A,No Time Limit,No Memory Limit
225,E,No Time Limit,No Memory Limit
225,D,No Time Limit,No Memory Limit
225,C,No Time Limit,No Memory Limit
225,B,No Time Limit,No Memory Limit
225,A,No Time Limit,No Memory Limit
224,B,No Time Limit,No Memory Limit
224,A,No Time Limit,No Memory Limit
223,E,No Time Limit,No Memory Limit
223,D,No Time Limit,No Memory Limit
223,C,No Time Limit,No Memory Limit
223,B,No Time Limit,No Memory Limit
223,A,No Time Limit,No Memory Limit
222,E,No Time Limit,No Memory Limit
222,D,No Time Limit,No Memory Limit
222,C,No Time Limit,No Memory Limit
222,B,No Time Limit,No Memory Limit
222,A,No Time Limit,No Memory Limit
221,B,No Time Limit,No Memory Limit
221,A,No Time Limit,No Memory Limit
220,E,No Time Limit,No Memory Limit
220,D,No Time Limit,No Memory Limit
220,C,No Time Limit,No Memory Limit
220,B,No Time Limit,No Memory Limit
220,A,No Time Limit,No Memory Limit
219,E,No Time Limit,No Memory Limit
219,D,No Time Limit,No Memory Limit
219,C,No Time Limit,No Memory Limit
219,B,No Time Limit,No Memory Limit
219,A,No Time Limit,No Memory Limit
218,B,No Time Limit,No Memory Limit
218,A,No Time Limit,No Memory Limit
217,E,No Time Limit,No Memory Limit
217,D,No Time Limit,No Memory Limit
217,C,No Time Limit,No Memory Limit
217,B,No Time Limit,No Memory Limit
217,A,No Time Limit,No Memory Limit
216,E,No Time Limit,No Memory Limit
216,D,No Time Limit,No Memory Limit
216,C,No Time Limit,No Memory Limit
216,B,No Time Limit,No Memory Limit
216,A,No Time Limit,No Memory Limit
215,E,No Time Limit,No Memory Limit
215,D,No Time Limit,No Memory Limit
215,C,No Time Limit,No Memory Limit
215,B,No Time Limit,No Memory Limit
215,A,No Time Limit,No Memory Limit
214,B,No Time Limit,No Memory Limit
214,A,No Time Limit,No Memory Limit
213,E,No Time Limit,No Memory Limit
213,D,No Time Limit,No Memory Limit
213,C,No Time Limit,No Memory Limit
213,B,No Time Limit,No Memory Limit
213,A,No Time Limit,No Memory Limit
212,E,No Time Limit,No Memory Limit
212,D,No Time Limit,No Memory Limit
212,C,No Time Limit,No Memory Limit
212,B,No Time Limit,No Memory Limit
212,A,No Time Limit,No Memory Limit
209,C,No Time Limit,No Memory Limit
209,B,No Time Limit,No Memory Limit
209,A,No Time Limit,No Memory Limit
208,E,No Time Limit,No Memory Limit
208,D,No Time Limit,No Memory Limit
208,C,No Time Limit,No Memory Limit
208,B,No Time Limit,No Memory Limit
208,A,No Time Limit,No Memory Limit
207,D9,No Time Limit,No Memory Limit
207,D8,No Time Limit,No Memory Limit
207,D7,No Time Limit,No Memory Limit
207,D6,No Time Limit,No Memory Limit
207,D5,No Time Limit,No Memory Limit
207,D4,No Time Limit,No Memory Limit
207,D3,No Time Limit,No Memory Limit
207,D2,No Time Limit,No Memory Limit
207,D10,No Time Limit,No Memory Limit
207,D1,No Time Limit,No Memory Limit
207,C3,No Time Limit,No Memory Limit
207,C2,No Time Limit,No Memory Limit
207,C1,No Time Limit,No Memory Limit
207,B3,No Time Limit,No Memory Limit
207,B2,No Time Limit,No Memory Limit
207,B1,No Time Limit,No Memory Limit
207,A3,No Time Limit,No Memory Limit
207,A2,No Time Limit,No Memory Limit
207,A1,No Time Limit,No Memory Limit
205,B,No Time Limit,No Memory Limit
205,A,No Time Limit,No Memory Limit
204,E,No Time Limit,No Memory Limit
204,D,No Time Limit,No Memory Limit
204,C,No Time Limit,No Memory Limit
204,B,No Time Limit,No Memory Limit
204,A,No Time Limit,No Memory Limit
203,E,No Time Limit,No Memory Limit
203,D,No Time Limit,No Memory Limit
203,C,No Time Limit,No Memory Limit
203,B,No Time Limit,No Memory Limit
203,A,No Time Limit,No Memory Limit
202,B,No Time Limit,No Memory Limit
202,A,No Time Limit,No Memory Limit
201,E,No Time Limit,No Memory Limit
201,D,No Time Limit,No Memory Limit
201,C,No Time Limit,No Memory Limit
201,B,No Time Limit,No Memory Limit
201,A,No Time Limit,No Memory Limit
200,E,No Time Limit,No Memory Limit
200,D,No Time Limit,No Memory Limit
200,C,No Time Limit,No Memory Limit
200,B,No Time Limit,No Memory Limit
200,A,No Time Limit,No Memory Limit
199,B,No Time Limit,No Memory Limit
199,A,No Time Limit,No Memory Limit
198,E,No Time Limit,No Memory Limit
198,D,No Time Limit,No Memory Limit
198,C,No Time Limit,No Memory Limit
198,B,No Time Limit,No Memory Limit
198,A,No Time Limit,No Memory Limit
197,B,No Time Limit,No Memory Limit
197,A,No Time Limit,No Memory Limit
196,E,No Time Limit,No Memory Limit
196,D,No Time Limit,No Memory Limit
196,C,No Time Limit,No Memory Limit
196,B,No Time Limit,No Memory Limit
196,A,No Time Limit,No Memory Limit
195,E,No Time Limit,No Memory Limit
195,D,No Time Limit,No Memory Limit
195,C,No Time Limit,No Memory Limit
195,B,No Time Limit,No Memory Limit
195,A,No Time Limit,No Memory Limit
194,B,No Time Limit,No Memory Limit
194,A,No Time Limit,No Memory Limit
193,E,No Time Limit,No Memory Limit
193,D,No Time Limit,No Memory Limit
193,C,No Time Limit,No Memory Limit
193,B,No Time Limit,No Memory Limit
193,A,No Time Limit,No Memory Limit
192,B,No Time Limit,No Memory Limit
192,A,No Time Limit,No Memory Limit
191,E,No Time Limit,No Memory Limit
191,D,No Time Limit,No Memory Limit
191,C,No Time Limit,No Memory Limit
191,B,No Time Limit,No Memory Limit
191,A,No Time Limit,No Memory Limit
190,E,No Time Limit,No Memory Limit
190,D,No Time Limit,No Memory Limit
190,C,No Time Limit,No Memory Limit
190,B,No Time Limit,No Memory Limit
190,A,No Time Limit,No Memory Limit
189,B,No Time Limit,No Memory Limit
189,A,No Time Limit,No Memory Limit
188,H,No Time Limit,No Memory Limit
188,G,No Time Limit,No Memory Limit
188,F,No Time Limit,No Memory Limit
188,E,No Time Limit,No Memory Limit
188,D,No Time Limit,No Memory Limit
188,C,No Time Limit,No Memory Limit
188,B,No Time Limit,No Memory Limit
188,A,No Time Limit,No Memory Limit
187,E,No Time Limit,No Memory Limit
187,D,No Time Limit,No Memory Limit
187,C,No Time Limit,No Memory Limit
187,B,No Time Limit,No Memory Limit
187,A,No Time Limit,No Memory Limit
186,B,No Time Limit,No Memory Limit
186,A,No Time Limit,No Memory Limit
185,E,No Time Limit,No Memory Limit
185,D,No Time Limit,No Memory Limit
185,C,No Time Limit,No Memory Limit
185,B,No Time Limit,No Memory Limit
185,A,No Time Limit,No Memory Limit
183,E,No Time Limit,No Memory Limit
183,D,No Time Limit,No Memory Limit
183,C,No Time Limit,No Memory Limit
183,B,No Time Limit,No Memory Limit
183,A,No Time Limit,No Memory Limit
182,E,No Time Limit,No Memory Limit
182,D,No Time Limit,No Memory Limit
182,C,No Time Limit,No Memory Limit
182,B,No Time Limit,No Memory Limit
182,A,No Time Limit,No Memory Limit
181,B,No Time Limit,No Memory Limit
181,A,No Time Limit,No Memory Limit
180,F,No Time Limit,No Memory Limit
180,E,No Time Limit,No Memory Limit
180,D,No Time Limit,No Memory Limit
180,C,No Time Limit,No Memory Limit
180,B,No Time Limit,No Memory Limit
180,A,No Time Limit,No Memory Limit
178,F3,No Time Limit,No Memory Limit
178,F2,No Time Limit,No Memory Limit
178,F1,No Time Limit,No Memory Limit
178,E3,No Time Limit,No Memory Limit
178,E2,No Time Limit,No Memory Limit
178,E1,No Time Limit,No Memory Limit
178,D3,No Time Limit,No Memory Limit
178,D2,No Time Limit,No Memory Limit
178,D1,No Time Limit,No Memory Limit
178,C3,No Time Limit,No Memory Limit
178,C2,No Time Limit,No Memory Limit
178,C1,No Time Limit,No Memory Limit
178,B3,No Time Limit,No Memory Limit
178,B2,No Time Limit,No Memory Limit
178,B1,No Time Limit,No Memory Limit
178,A3,No Time Limit,No Memory Limit
178,A2,No Time Limit,No Memory Limit
178,A1,No Time Limit,No Memory Limit
177,G2,No Time Limit,No Memory Limit
177,G1,No Time Limit,No Memory Limit
177,F2,No Time Limit,No Memory Limit
177,F1,No Time Limit,No Memory Limit
177,E2,No Time Limit,No Memory Limit
177,E1,No Time Limit,No Memory Limit
177,D2,No Time Limit,No Memory Limit
177,D1,No Time Limit,No Memory Limit
177,C2,No Time Limit,No Memory Limit
177,C1,No Time Limit,No Memory Limit
177,B2,No Time Limit,No Memory Limit
177,B1,No Time Limit,No Memory Limit
177,A2,No Time Limit,No Memory Limit
177,A1,No Time Limit,No Memory Limit
176,E,No Time Limit,No Memory Limit
176,D,No Time Limit,No Memory Limit
176,C,No Time Limit,No Memory Limit
176,B,No Time Limit,No Memory Limit
176,A,No Time Limit,No Memory Limit
175,F,No Time Limit,No Memory Limit
175,E,No Time Limit,No Memory Limit
175,D,No Time Limit,No Memory Limit
175,C,No Time Limit,No Memory Limit
175,B,No Time Limit,No Memory Limit
175,A,No Time Limit,No Memory Limit
174,C,No Time Limit,No Memory Limit
174,B,No Time Limit,No Memory Limit
174,A,No Time Limit,No Memory Limit
173,E,No Time Limit,No Memory Limit
173,D,No Time Limit,No Memory Limit
173,C,No Time Limit,No Memory Limit
173,B,No Time Limit,No Memory Limit
173,A,No Time Limit,No Memory Limit
172,E,No Time Limit,No Memory Limit
172,D,No Time Limit,No Memory Limit
172,C,No Time Limit,No Memory Limit
172,B,No Time Limit,No Memory Limit
172,A,No Time Limit,No Memory Limit
171,H,No Time Limit,No Memory Limit
171,G,No Time Limit,No Memory Limit
171,F,No Time Limit,No Memory Limit
171,E,No Time Limit,No Memory Limit
171,D,No Time Limit,No Memory Limit
171,C,No Time Limit,No Memory Limit
171,B,No Time Limit,No Memory Limit
171,A,No Time Limit,No Memory Limit
169,B,No Time Limit,No Memory Limit
169,A,No Time Limit,No Memory Limit
168,B,No Time Limit,No Memory Limit
168,A,No Time Limit,No Memory Limit
167,E,No Time Limit,No Memory Limit
167,D,No Time Limit,No Memory Limit
167,C,No Time Limit,No Memory Limit
167,B,No Time Limit,No Memory Limit
167,A,No Time Limit,No Memory Limit
166,E,No Time Limit,No Memory Limit
166,D,No Time Limit,No Memory Limit
166,C,No Time Limit,No Memory Limit
166,B,No Time Limit,No Memory Limit
166,A,No Time Limit,No Memory Limit
165,E,No Time Limit,No Memory Limit
165,D,No Time Limit,No Memory Limit
165,C,No Time Limit,No Memory Limit
165,B,No Time Limit,No Memory Limit
165,A,No Time Limit,No Memory Limit
164,E,No Time Limit,No Memory Limit
164,D,No Time Limit,No Memory Limit
164,C,No Time Limit,No Memory Limit
164,B,No Time Limit,No Memory Limit
164,A,No Time Limit,No Memory Limit
163,E,No Time Limit,No Memory Limit
163,D,No Time Limit,No Memory Limit
163,C,No Time Limit,No Memory Limit
163,B,No Time Limit,No Memory Limit
163,A,No Time Limit,No Memory Limit
162,J,No Time Limit,No Memory Limit
162,I,No Time Limit,No Memory Limit
162,H,No Time Limit,No Memory Limit
162,G,No Time Limit,No Memory Limit
162,F,No Time Limit,No Memory Limit
162,E,No Time Limit,No Memory Limit
162,D,No Time Limit,No Memory Limit
162,C,No Time Limit,No Memory Limit
162,B,No Time Limit,No Memory Limit
162,A,No Time Limit,No Memory Limit
161,E,No Time Limit,No Memory Limit
161,D,No Time Limit,No Memory Limit
161,C,No Time Limit,No Memory Limit
161,B,No Time Limit,No Memory Limit
161,A,No Time Limit,No Memory Limit
160,E,No Time Limit,No Memory Limit
160,D,No Time Limit,No Memory Limit
160,C,No Time Limit,No Memory Limit
160,B,No Time Limit,No Memory Limit
160,A,No Time Limit,No Memory Limit
159,E,No Time Limit,No Memory Limit
159,D,No Time Limit,No Memory Limit
159,C,No Time Limit,No Memory Limit
159,B,No Time Limit,No Memory Limit
159,A,No Time Limit,No Memory Limit
158,E,No Time Limit,No Memory Limit
158,D,No Time Limit,No Memory Limit
158,C,No Time Limit,No Memory Limit
158,B,No Time Limit,No Memory Limit
158,A,No Time Limit,No Memory Limit
157,B,No Time Limit,No Memory Limit
157,A,No Time Limit,No Memory Limit
156,E,No Time Limit,No Memory Limit
156,D,No Time Limit,No Memory Limit
156,C,No Time Limit,No Memory Limit
156,B,No Time Limit,No Memory Limit
156,A,No Time Limit,No Memory Limit
155,B,No Time Limit,No Memory Limit
155,A,No Time Limit,No Memory Limit
154,E,No Time Limit,No Memory Limit
154,D,No Time Limit,No Memory Limit
154,C,No Time Limit,No Memory Limit
154,B,No Time Limit,No Memory Limit
154,A,No Time Limit,No Memory Limit
153,E,No Time Limit,No Memory Limit
153,D,No Time Limit,No Memory Limit
153,C,No Time Limit,No Memory Limit
153,B,No Time Limit,No Memory Limit
153,A,No Time Limit,No Memory Limit
152,E,No Time Limit,No Memory Limit
152,D,No Time Limit,No Memory Limit
152,C,No Time Limit,No Memory Limit
152,B,No Time Limit,No Memory Limit
152,A,No Time Limit,No Memory Limit
151,B,No Time Limit,No Memory Limit
151,A,No Time Limit,No Memory Limit
150,E,No Time Limit,No Memory Limit
150,D,No Time Limit,No Memory Limit
150,C,No Time Limit,No Memory Limit
150,B,No Time Limit,No Memory Limit
150,A,No Time Limit,No Memory Limit
149,E,No Time Limit,No Memory Limit
149,D,No Time Limit,No Memory Limit
149,C,No Time Limit,No Memory Limit
149,B,No Time Limit,No Memory Limit
149,A,No Time Limit,No Memory Limit
148,E,No Time Limit,No Memory Limit
148,D,No Time Limit,No Memory Limit
148,C,No Time Limit,No Memory Limit
148,B,No Time Limit,No Memory Limit
148,A,No Time Limit,No Memory Limit
147,B,No Time Limit,No Memory Limit
147,A,No Time Limit,No Memory Limit
146,B,No Time Limit,No Memory Limit
146,A,No Time Limit,No Memory Limit
145,E,No Time Limit,No Memory Limit
145,D,No Time Limit,No Memory Limit
145,C,No Time Limit,No Memory Limit
145,B,No Time Limit,No Memory Limit
145,A,No Time Limit,No Memory Limit
144,E,No Time Limit,No Memory Limit
144,D,No Time Limit,No Memory Limit
144,C,No Time Limit,No Memory Limit
144,B,No Time Limit,No Memory Limit
144,A,No Time Limit,No Memory Limit
143,B,No Time Limit,No Memory Limit
143,A,No Time Limit,No Memory Limit
142,E,No Time Limit,No Memory Limit
142,D,No Time Limit,No Memory Limit
142,C,No Time Limit,No Memory Limit
142,B,No Time Limit,No Memory Limit
142,A,No Time Limit,No Memory Limit
141,E,No Time Limit,No Memory Limit
141,D,No Time Limit,No Memory Limit
141,C,No Time Limit,No Memory Limit
141,B,No Time Limit,No Memory Limit
141,A,No Time Limit,No Memory Limit
140,F,No Time Limit,No Memory Limit
140,E,No Time Limit,No Memory Limit
140,D,No Time Limit,No Memory Limit
140,C,No Time Limit,No Memory Limit
140,B,No Time Limit,No Memory Limit
140,A,No Time Limit,No Memory Limit
139,B,No Time Limit,No Memory Limit
139,A,No Time Limit,No Memory Limit
138,E,No Time Limit,No Memory Limit
138,D,No Time Limit,No Memory Limit
138,C,No Time Limit,No Memory Limit
138,B,No Time Limit,No Memory Limit
138,A,No Time Limit,No Memory Limit
137,E,No Time Limit,No Memory Limit
137,D,No Time Limit,No Memory Limit
137,C,No Time Limit,No Memory Limit
137,B,No Time Limit,No Memory Limit
137,A,No Time Limit,No Memory Limit
136,B,No Time Limit,No Memory Limit
136,A,No Time Limit,No Memory Limit
135,E,No Time Limit,No Memory Limit
135,D,No Time Limit,No Memory Limit
135,C,No Time Limit,No Memory Limit
135,B,No Time Limit,No Memory Limit
135,A,No Time Limit,No Memory Limit
134,C,No Time Limit,No Memory Limit
134,B,No Time Limit,No Memory Limit
134,A,No Time Limit,No Memory Limit
133,B,No Time Limit,No Memory Limit
133,A,No Time Limit,No Memory Limit
132,E,No Time Limit,No Memory Limit
132,D,No Time Limit,No Memory Limit
132,C,No Time Limit,No Memory Limit
132,B,No Time Limit,No Memory Limit
132,A,No Time Limit,No Memory Limit
131,F,No Time Limit,No Memory Limit
131,E,No Time Limit,No Memory Limit
131,D,No Time Limit,No Memory Limit
131,C,No Time Limit,No Memory Limit
131,B,No Time Limit,No Memory Limit
131,A,No Time Limit,No Memory Limit
130,J,No Time Limit,No Memory Limit
130,I,No Time Limit,No Memory Limit
130,H,No Time Limit,No Memory Limit
130,G,No Time Limit,No Memory Limit
130,F,No Time Limit,No Memory Limit
130,E,No Time Limit,No Memory Limit
130,D,No Time Limit,No Memory Limit
130,C,No Time Limit,No Memory Limit
130,B,No Time Limit,No Memory Limit
130,A,No Time Limit,No Memory Limit
129,B,No Time Limit,No Memory Limit
129,A,No Time Limit,No Memory Limit
128,E,No Time Limit,No Memory Limit
128,D,No Time Limit,No Memory Limit
128,C,No Time Limit,No Memory Limit
128,B,No Time Limit,No Memory Limit
128,A,No Time Limit,No Memory Limit
127,B,No Time Limit,No Memory Limit
127,A,No Time Limit,No Memory Limit
126,E,No Time Limit,No Memory Limit
126,D,No Time Limit,No Memory Limit
126,C,No Time Limit,No Memory Limit
126,B,No Time Limit,No Memory Limit
126,A,No Time Limit,No Memory Limit
125,E,No Time Limit,No Memory Limit
125,D,No Time Limit,No Memory Limit
125,C,No Time Limit,No Memory Limit
125,B,No Time Limit,No Memory Limit
125,A,No Time Limit,No Memory Limit
124,B,No Time Limit,No Memory Limit
124,A,No Time Limit,No Memory Limit
123,E,No Time Limit,No Memory Limit
123,D,No Time Limit,No Memory Limit
123,C,No Time Limit,No Memory Limit
123,B,No Time Limit,No Memory Limit
123,A,No Time Limit,No Memory Limit
122,B,No Time Limit,No Memory Limit
122,A,No Time Limit,No Memory Limit
121,E,No Time Limit,No Memory Limit
121,D,No Time Limit,No Memory Limit
121,C,No Time Limit,No Memory Limit
121,B,No Time Limit,No Memory Limit
121,A,No Time Limit,No Memory Limit
120,J,No Time Limit,No Memory Limit
120,I,No Time Limit,No Memory Limit
120,H,No Time Limit,No Memory Limit
120,G,No Time Limit,No Memory Limit
120,F,No Time Limit,No Memory Limit
120,E,No Time Limit,No Memory Limit
120,D,No Time Limit,No Memory Limit
120,C,No Time Limit,No Memory Limit
120,B,No Time Limit,No Memory Limit
120,A,No Time Limit,No Memory Limit
119,E,No Time Limit,No Memory Limit
119,D,No Time Limit,No Memory Limit
119,C,No Time Limit,No Memory Limit
119,B,No Time Limit,No Memory Limit
119,A,No Time Limit,No Memory Limit
118,E,No Time Limit,No Memory Limit
118,D,No Time Limit,No Memory Limit
118,C,No Time Limit,No Memory Limit
118,B,No Time Limit,No Memory Limit
118,A,No Time Limit,No Memory Limit
117,E,No Time Limit,No Memory Limit
117,D,No Time Limit,No Memory Limit
117,C,No Time Limit,No Memory Limit
117,B,No Time Limit,No Memory Limit
117,A,No Time Limit,No Memory Limit
116,B,No Time Limit,No Memory Limit
116,A,No Time Limit,No Memory Limit
115,E,No Time Limit,No Memory Limit
115,D,No Time Limit,No Memory Limit
115,C,No Time Limit,No Memory Limit
115,B,No Time Limit,No Memory Limit
115,A,No Time Limit,No Memory Limit
114,B,No Time Limit,No Memory Limit
114,A,No Time Limit,No Memory Limit
113,E,No Time Limit,No Memory Limit
113,D,No Time Limit,No Memory Limit
113,C,No Time Limit,No Memory Limit
113,B,No Time Limit,No Memory Limit
113,A,No Time Limit,No Memory Limit
112,B,No Time Limit,No Memory Limit
112,A,No Time Limit,No Memory Limit
111,E,No Time Limit,No Memory Limit
111,D,No Time Limit,No Memory Limit
111,C,No Time Limit,No Memory Limit
111,B,No Time Limit,No Memory Limit
111,A,No Time Limit,No Memory Limit
110,B,No Time Limit,No Memory Limit
110,A,No Time Limit,No Memory Limit
109,E,No Time Limit,No Memory Limit
109,D,No Time Limit,No Memory Limit
109,C,No Time Limit,No Memory Limit
109,B,No Time Limit,No Memory Limit
109,A,No Time Limit,No Memory Limit
108,B,No Time Limit,No Memory Limit
108,A,No Time Limit,No Memory Limit
107,E,No Time Limit,No Memory Limit
107,D,No Time Limit,No Memory Limit
107,C,No Time Limit,No Memory Limit
107,B,No Time Limit,No Memory Limit
107,A,No Time Limit,No Memory Limit
106,E,No Time Limit,No Memory Limit
106,D,No Time Limit,No Memory Limit
106,C,No Time Limit,No Memory Limit
106,B,No Time Limit,No Memory Limit
106,A,No Time Limit,No Memory Limit
105,E,No Time Limit,No Memory Limit
105,D,No Time Limit,No Memory Limit
105,C,No Time Limit,No Memory Limit
105,B,No Time Limit,No Memory Limit
105,A,No Time Limit,No Memory Limit
104,A,No Time Limit,No Memory Limit
103,E,No Time Limit,No Memory Limit
103,D,No Time Limit,No Memory Limit
103,C,No Time Limit,No Memory Limit
103,B,No Time Limit,No Memory Limit
103,A,No Time Limit,No Memory Limit
102,B,No Time Limit,No Memory Limit
102,A,No Time Limit,No Memory Limit
101,E,No Time Limit,No Memory Limit
101,D,No Time Limit,No Memory Limit
101,C,No Time Limit,No Memory Limit
101,B,No Time Limit,No Memory Limit
101,A,No Time Limit,No Memory Limit
100,J,No Time Limit,No Memory Limit
100,I,No Time Limit,No Memory Limit
100,H,No Time Limit,No Memory Limit
100,G,No Time Limit,No Memory Limit
100,F,No Time Limit,No Memory Limit
100,E,No Time Limit,No Memory Limit
100,D,No Time Limit,No Memory Limit
100,C,No Time Limit,No Memory Limit
100,B,No Time Limit,No Memory Limit
100,A,No Time Limit,No Memory Limit
99,B,No Time Limit,No Memory Limit
99,A,No Time Limit,No Memory Limit
98,E,No Time Limit,No Memory Limit
98,D,No Time Limit,No Memory Limit
98,C,No Time Limit,No Memory Limit
98,B,No Time Limit,No Memory Limit
98,A,No Time Limit,No Memory Limit
97,E,No Time Limit,No Memory Limit
97,D,No Time Limit,No Memory Limit
97,C,No Time Limit,No Memory Limit
97,B,No Time Limit,No Memory Limit
97,A,No Time Limit,No Memory Limit
96,B,No Time Limit,No Memory Limit
96,A,No Time Limit,No Memory Limit
95,E,No Time Limit,No Memory Limit
95,D,No Time Limit,No Memory Limit
95,C,No Time Limit,No Memory Limit
95,B,No Time Limit,No Memory Limit
95,A,No Time Limit,No Memory Limit
94,B,No Time Limit,No Memory Limit
94,A,No Time Limit,No Memory Limit
93,E,No Time Limit,No Memory Limit
93,D,No Time Limit,No Memory Limit
93,C,No Time Limit,No Memory Limit
93,B,No Time Limit,No Memory Limit
93,A,No Time Limit,No Memory Limit
92,B,No Time Limit,No Memory Limit
92,A,No Time Limit,No Memory Limit
91,E,No Time Limit,No Memory Limit
91,D,No Time Limit,No Memory Limit
91,C,No Time Limit,No Memory Limit
91,B,No Time Limit,No Memory Limit
91,A,No Time Limit,No Memory Limit
90,B,No Time Limit,No Memory Limit
90,A,No Time Limit,No Memory Limit
89,E,No Time Limit,No Memory Limit
89,D,No Time Limit,No Memory Limit
89,C,No Time Limit,No Memory Limit
89,B,No Time Limit,No Memory Limit
89,A,No Time Limit,No Memory Limit
88,B,No Time Limit,No Memory Limit
88,A,No Time Limit,No Memory Limit
87,E,No Time Limit,No Memory Limit
87,D,No Time Limit,No Memory Limit
87,C,No Time Limit,No Memory Limit
87,B,No Time Limit,No Memory Limit
87,A,No Time Limit,No Memory Limit
86,E,No Time Limit,No Memory Limit
86,D,No Time Limit,No Memory Limit
86,C,No Time Limit,No Memory Limit
86,B,No Time Limit,No Memory Limit
86,A,No Time Limit,No Memory Limit
85,E,No Time Limit,No Memory Limit
85,D,No Time Limit,No Memory Limit
85,C,No Time Limit,No Memory Limit
85,B,No Time Limit,No Memory Limit
85,A,No Time Limit,No Memory Limit
84,C,No Time Limit,No Memory Limit
84,A,No Time Limit,No Memory Limit
83,E,No Time Limit,No Memory Limit
83,D,No Time Limit,No Memory Limit
83,C,No Time Limit,No Memory Limit
83,B,No Time Limit,No Memory Limit
83,A,No Time Limit,No Memory Limit
82,E,No Time Limit,No Memory Limit
82,D,No Time Limit,No Memory Limit
82,C,No Time Limit,No Memory Limit
82,B,No Time Limit,No Memory Limit
82,A,No Time Limit,No Memory Limit
81,E,No Time Limit,No Memory Limit
81,D,No Time Limit,No Memory Limit
81,C,No Time Limit,No Memory Limit
81,B,No Time Limit,No Memory Limit
81,A,No Time Limit,No Memory Limit
80,B,No Time Limit,No Memory Limit
80,A,No Time Limit,No Memory Limit
79,E,No Time Limit,No Memory Limit
79,D,No Time Limit,No Memory Limit
79,C,No Time Limit,No Memory Limit
79,B,No Time Limit,No Memory Limit
79,A,No Time Limit,No Memory Limit
78,E,No Time Limit,No Memory Limit
78,D,No Time Limit,No Memory Limit
78,C,No Time Limit,No Memory Limit
78,B,No Time Limit,No Memory Limit
78,A,No Time Limit,No Memory Limit
77,E,No Time Limit,No Memory Limit
77,D,No Time Limit,No Memory Limit
77,C,No Time Limit,No Memory Limit
77,B,No Time Limit,No Memory Limit
77,A,No Time Limit,No Memory Limit
76,F,No Time Limit,No Memory Limit
76,E,No Time Limit,No Memory Limit
76,D,No Time Limit,No Memory Limit
76,C,No Time Limit,No Memory Limit
76,B,No Time Limit,No Memory Limit
76,A,No Time Limit,No Memory Limit
75,E,No Time Limit,No Memory Limit
75,D,No Time Limit,No Memory Limit
75,C,No Time Limit,No Memory Limit
75,B,No Time Limit,No Memory Limit
75,A,No Time Limit,No Memory Limit
74,E,No Time Limit,No Memory Limit
74,D,No Time Limit,No Memory Limit
74,C,No Time Limit,No Memory Limit
74,B,No Time Limit,No Memory Limit
74,A,No Time Limit,No Memory Limit
73,F,No Time Limit,No Memory Limit
73,E,No Time Limit,No Memory Limit
73,D,No Time Limit,No Memory Limit
73,C,No Time Limit,No Memory Limit
73,B,No Time Limit,No Memory Limit
73,A,No Time Limit,No Memory Limit
72,I,No Time Limit,No Memory Limit
72,H,No Time Limit,No Memory Limit
72,G,No Time Limit,No Memory Limit
72,F,No Time Limit,No Memory Limit
72,E,No Time Limit,No Memory Limit
72,D,No Time Limit,No Memory Limit
72,C,No Time Limit,No Memory Limit
72,B,No Time Limit,No Memory Limit
72,A,No Time Limit,No Memory Limit
71,E,No Time Limit,No Memory Limit
71,D,No Time Limit,No Memory Limit
71,C,No Time Limit,No Memory Limit
71,B,No Time Limit,No Memory Limit
71,A,No Time Limit,No Memory Limit
70,E,No Time Limit,No Memory Limit
70,D,No Time Limit,No Memory Limit
70,C,No Time Limit,No Memory Limit
70,B,No Time Limit,No Memory Limit
70,A,No Time Limit,No Memory Limit
69,E,No Time Limit,No Memory Limit
69,D,No Time Limit,No Memory Limit
69,C,No Time Limit,No Memory Limit
69,B,No Time Limit,No Memory Limit
69,A,No Time Limit,No Memory Limit
68,E,No Time Limit,No Memory Limit
68,D,No Time Limit,No Memory Limit
68,C,No Time Limit,No Memory Limit
68,B,No Time Limit,No Memory Limit
68,A,No Time Limit,No Memory Limit
67,E,No Time Limit,No Memory Limit
67,D,No Time Limit,No Memory Limit
67,C,No Time Limit,No Memory Limit
67,B,No Time Limit,No Memory Limit
67,A,No Time Limit,No Memory Limit
66,E,No Time Limit,No Memory Limit
66,D,No Time Limit,No Memory Limit
66,C,No Time Limit,No Memory Limit
66,B,No Time Limit,No Memory Limit
66,A,No Time Limit,No Memory Limit
65,E,No Time Limit,No Memory Limit
65,D,No Time Limit,No Memory Limit
65,C,No Time Limit,No Memory Limit
65,B,No Time Limit,No Memory Limit
65,A,No Time Limit,No Memory Limit
64,I,No Time Limit,No Memory Limit
64,H,No Time Limit,No Memory Limit
64,G,No Time Limit,No Memory Limit
64,F,No Time Limit,No Memory Limit
64,E,No Time Limit,No Memory Limit
64,D,No Time Limit,No Memory Limit
64,C,No Time Limit,No Memory Limit
64,B,No Time Limit,No Memory Limit
64,A,No Time Limit,No Memory Limit
63,E,No Time Limit,No Memory Limit
63,D,No Time Limit,No Memory Limit
63,C,No Time Limit,No Memory Limit
63,B,No Time Limit,No Memory Limit
63,A,No Time Limit,No Memory Limit
62,E,No Time Limit,No Memory Limit
62,D,No Time Limit,No Memory Limit
62,C,No Time Limit,No Memory Limit
62,B,No Time Limit,No Memory Limit
62,A,No Time Limit,No Memory Limit
61,E,No Time Limit,No Memory Limit
61,D,No Time Limit,No Memory Limit
61,C,No Time Limit,No Memory Limit
61,B,No Time Limit,No Memory Limit
61,A,No Time Limit,No Memory Limit
60,E,No Time Limit,No Memory Limit
60,D,No Time Limit,No Memory Limit
60,C,No Time Limit,No Memory Limit
60,B,No Time Limit,No Memory Limit
60,A,No Time Limit,No Memory Limit
59,E,No Time Limit,No Memory Limit
59,D,No Time Limit,No Memory Limit
59,C,No Time Limit,No Memory Limit
59,B,No Time Limit,No Memory Limit
59,A,No Time Limit,No Memory Limit
58,E,No Time Limit,No Memory Limit
58,D,No Time Limit,No Memory Limit
58,C,No Time Limit,No Memory Limit
58,B,No Time Limit,No Memory Limit
58,A,No Time Limit,No Memory Limit
57,E,No Time Limit,No Memory Limit
57,D,No Time Limit,No Memory Limit
57,C,No Time Limit,No Memory Limit
57,B,No Time Limit,No Memory Limit
57,A,No Time Limit,No Memory Limit
56,E,No Time Limit,No Memory Limit
56,D,No Time Limit,No Memory Limit
56,C,No Time Limit,No Memory Limit
56,B,No Time Limit,No Memory Limit
56,A,No Time Limit,No Memory Limit
55,E,No Time Limit,No Memory Limit
55,D,No Time Limit,No Memory Limit
55,C,No Time Limit,No Memory Limit
55,B,No Time Limit,No Memory Limit
55,A,No Time Limit,No Memory Limit
54,E,No Time Limit,No Memory Limit
54,D,No Time Limit,No Memory Limit
54,C,No Time Limit,No Memory Limit
54,B,No Time Limit,No Memory Limit
54,A,No Time Limit,No Memory Limit
53,E,No Time Limit,No Memory Limit
53,D,No Time Limit,No Memory Limit
53,C,No Time Limit,No Memory Limit
53,B,No Time Limit,No Memory Limit
53,A,No Time Limit,No Memory Limit
52,C,No Time Limit,No Memory Limit
52,B,No Time Limit,No Memory Limit
52,A,No Time Limit,No Memory Limit
51,F,No Time Limit,No Memory Limit
51,E,No Time Limit,No Memory Limit
51,D,No Time Limit,No Memory Limit
51,C,No Time Limit,No Memory Limit
51,B,No Time Limit,No Memory Limit
51,A,No Time Limit,No Memory Limit
50,E,No Time Limit,No Memory Limit
50,D,No Time Limit,No Memory Limit
50,C,No Time Limit,No Memory Limit
50,B,No Time Limit,No Memory Limit
50,A,No Time Limit,No Memory Limit
49,E,No Time Limit,No Memory Limit
49,D,No Time Limit,No Memory Limit
49,C,No Time Limit,No Memory Limit
49,B,No Time Limit,No Memory Limit
49,A,No Time Limit,No Memory Limit
48,H,No Time Limit,No Memory Limit
48,G,No Time Limit,No Memory Limit
48,F,No Time Limit,No Memory Limit
48,E,No Time Limit,No Memory Limit
48,D,No Time Limit,No Memory Limit
48,C,No Time Limit,No Memory Limit
48,B,No Time Limit,No Memory Limit
48,A,No Time Limit,No Memory Limit
47,E,No Time Limit,No Memory Limit
47,D,No Time Limit,No Memory Limit
47,C,No Time Limit,No Memory Limit
47,B,No Time Limit,No Memory Limit
47,A,No Time Limit,No Memory Limit
46,G,No Time Limit,No Memory Limit
46,F,No Time Limit,No Memory Limit
46,E,No Time Limit,No Memory Limit
46,D,No Time Limit,No Memory Limit
46,C,No Time Limit,No Memory Limit
46,B,No Time Limit,No Memory Limit
46,A,No Time Limit,No Memory Limit
45,J,No Time Limit,No Memory Limit
45,I,No Time Limit,No Memory Limit
45,H,No Time Limit,No Memory Limit
45,G,No Time Limit,No Memory Limit
45,F,No Time Limit,No Memory Limit
45,E,No Time Limit,No Memory Limit
45,D,No Time Limit,No Memory Limit
45,C,No Time Limit,No Memory Limit
45,B,No Time Limit,No Memory Limit
45,A,No Time Limit,No Memory Limit
44,J,No Time Limit,No Memory Limit
44,I,No Time Limit,No Memory Limit
44,H,No Time Limit,No Memory Limit
44,G,No Time Limit,No Memory Limit
44,F,No Time Limit,No Memory Limit
44,E,No Time Limit,No Memory Limit
44,D,No Time Limit,No Memory Limit
44,C,No Time Limit,No Memory Limit
44,B,No Time Limit,No Memory Limit
44,A,No Time Limit,No Memory Limit
43,E,No Time Limit,No Memory Limit
43,D,No Time Limit,No Memory Limit
43,C,No Time Limit,No Memory Limit
43,B,No Time Limit,No Memory Limit
43,A,No Time Limit,No Memory Limit
42,E,No Time Limit,No Memory Limit
42,D,No Time Limit,No Memory Limit
42,C,No Time Limit,No Memory Limit
42,B,No Time Limit,No Memory Limit
42,A,No Time Limit,No Memory Limit
41,E,No Time Limit,No Memory Limit
41,D,No Time Limit,No Memory Limit
41,C,No Time Limit,No Memory Limit
41,B,No Time Limit,No Memory Limit
41,A,No Time Limit,No Memory Limit
40,E,No Time Limit,No Memory Limit
40,D,No Time Limit,No Memory Limit
40,C,No Time Limit,No Memory Limit
40,B,No Time Limit,No Memory Limit
40,A,No Time Limit,No Memory Limit
39,K,No Time Limit,No Memory Limit
39,J,No Time Limit,No Memory Limit
39,I,No Time Limit,No Memory Limit
39,H,No Time Limit,No Memory Limit
39,G,No Time Limit,No Memory Limit
39,F,No Time Limit,No Memory Limit
39,E,No Time Limit,No Memory Limit
39,D,No Time Limit,No Memory Limit
39,C,No Time Limit,No Memory Limit
39,B,No Time Limit,No Memory Limit
39,A,No Time Limit,No Memory Limit
38,H,No Time Limit,No Memory Limit
38,G,No Time Limit,No Memory Limit
38,F,No Time Limit,No Memory Limit
38,E,No Time Limit,No Memory Limit
38,D,No Time Limit,No Memory Limit
38,C,No Time Limit,No Memory Limit
38,B,No Time Limit,No Memory Limit
38,A,No Time Limit,No Memory Limit
37,E,No Time Limit,No Memory Limit
37,D,No Time Limit,No Memory Limit
37,C,No Time Limit,No Memory Limit
37,B,No Time Limit,No Memory Limit
37,A,No Time Limit,No Memory Limit
36,E,No Time Limit,No Memory Limit
36,D,No Time Limit,No Memory Limit
36,C,No Time Limit,No Memory Limit
36,B,No Time Limit,No Memory Limit
36,A,No Time Limit,No Memory Limit
35,E,No Time Limit,No Memory Limit
35,D,No Time Limit,No Memory Limit
35,C,No Time Limit,No Memory Limit
35,B,No Time Limit,No Memory Limit
35,A,No Time Limit,No Memory Limit
34,E,No Time Limit,No Memory Limit
34,D,No Time Limit,No Memory Limit
34,C,No Time Limit,No Memory Limit
34,B,No Time Limit,No Memory Limit
34,A,No Time Limit,No Memory Limit
33,E,No Time Limit,No Memory Limit
33,D,No Time Limit,No Memory Limit
33,C,No Time Limit,No Memory Limit
33,B,No Time Limit,No Memory Limit
33,A,No Time Limit,No Memory Limit
32,E,No Time Limit,No Memory Limit
32,D,No Time Limit,No Memory Limit
32,C,No Time Limit,No Memory Limit
32,B,No Time Limit,No Memory Limit
32,A,No Time Limit,No Memory Limit
31,E,No Time Limit,No Memory Limit
31,D,No Time Limit,No Memory Limit
31,C,No Time Limit,No Memory Limit
31,B,No Time Limit,No Memory Limit
31,A,No Time Limit,No Memory Limit
30,E,No Time Limit,No Memory Limit
30,D,No Time Limit,No Memory Limit
30,C,No Time Limit,No Memory Limit
30,B,No Time Limit,No Memory Limit
30,A,No Time Limit,No Memory Limit
29,E,No Time Limit,No Memory Limit
29,D,No Time Limit,No Memory Limit
29,C,No Time Limit,No Memory Limit
29,B,No Time Limit,No Memory Limit
29,A,No Time Limit,No Memory Limit
28,E,No Time Limit,No Memory Limit
28,D,No Time Limit,No Memory Limit
28,C,No Time Limit,No Memory Limit
28,B,No Time Limit,No Memory Limit
28,A,No Time Limit,No Memory Limit
27,E,No Time Limit,No Memory Limit
27,D,No Time Limit,No Memory Limit
27,C,No Time Limit,No Memory Limit
27,B,No Time Limit,No Memory Limit
27,A,No Time Limit,No Memory Limit
26,E,No Time Limit,No Memory Limit
26,D,No Time Limit,No Memory Limit
26,C,No Time Limit,No Memory Limit
26,B,No Time Limit,No Memory Limit
26,A,No Time Limit,No Memory Limit
25,E,No Time Limit,No Memory Limit
25,D,No Time Limit,No Memory Limit
25,C,No Time Limit,No Memory Limit
25,B,No Time Limit,No Memory Limit
25,A,No Time Limit,No Memory Limit
24,E,No Time Limit,No Memory Limit
24,D,No Time Limit,No Memory Limit
24,C,No Time Limit,No Memory Limit
24,B,No Time Limit,No Memory Limit
24,A,No Time Limit,No Memory Limit
23,E,No Time Limit,No Memory Limit
23,D,No Time Limit,No Memory Limit
23,C,No Time Limit,No Memory Limit
23,B,No Time Limit,No Memory Limit
23,A,No Time Limit,No Memory Limit
22,E,No Time Limit,No Memory Limit
22,D,No Time Limit,No Memory Limit
22,C,No Time Limit,No Memory Limit
22,B,No Time Limit,No Memory Limit
22,A,No Time Limit,No Memory Limit
21,D,No Time Limit,No Memory Limit
21,C,No Time Limit,No Memory Limit
21,B,No Time Limit,No Memory Limit
21,A,No Time Limit,No Memory Limit
20,C,No Time Limit,No Memory Limit
20,B,No Time Limit,No Memory Limit
20,A,No Time Limit,No Memory Limit
19,E,No Time Limit,No Memory Limit
19,D,No Time Limit,No Memory Limit
19,C,No Time Limit,No Memory Limit
19,B,No Time Limit,No Memory Limit
19,A,No Time Limit,No Memory Limit
18,E,No Time Limit,No Memory Limit
18,D,No Time Limit,No Memory Limit
18,C,No Time Limit,No Memory Limit
18,B,No Time Limit,No Memory Limit
18,A,No Time Limit,No Memory Limit
17,E,No Time Limit,No Memory Limit
17,D,No Time Limit,No Memory Limit
17,C,No Time Limit,No Memory Limit
17,B,No Time Limit,No Memory Limit
17,A,No Time Limit,No Memory Limit
16,E,No Time Limit,No Memory Limit
16,D,No Time Limit,No Memory Limit
16,C,No Time Limit,No Memory Limit
16,B,No Time Limit,No Memory Limit
16,A,No Time Limit,No Memory Limit
15,E,No Time Limit,No Memory Limit
15,D,No Time Limit,No Memory Limit
15,C,No Time Limit,No Memory Limit
15,B,No Time Limit,No Memory Limit
15,A,No Time Limit,No Memory Limit
14,E,No Time Limit,No Memory Limit
14,D,No Time Limit,No Memory Limit
14,C,No Time Limit,No Memory Limit
14,B,No Time Limit,No Memory Limit
14,A,No Time Limit,No Memory Limit
13,E,No Time Limit,No Memory Limit
13,D,No Time Limit,No Memory Limit
13,C,No Time Limit,No Memory Limit
13,B,No Time Limit,No Memory Limit
13,A,No Time Limit,No Memory Limit
12,E,No Time Limit,No Memory Limit
12,D,No Time Limit,No Memory Limit
12,C,No Time Limit,No Memory Limit
12,B,No Time Limit,No Memory Limit
12,A,No Time Limit,No Memory Limit
11,E,No Time Limit,No Memory Limit
11,D,No Time Limit,No Memory Limit
11,C,No Time Limit,No Memory Limit
11,B,No Time Limit,No Memory Limit
11,A,No Time Limit,No Memory Limit
10,E,No Time Limit,No Memory Limit
10,D,No Time Limit,No Memory Limit
10,C,No Time Limit,No Memory Limit
10,B,No Time Limit,No Memory Limit
10,A,No Time Limit,No Memory Limit
9,E,No Time Limit,No Memory Limit
9,D,No Time Limit,No Memory Limit
9,C,No Time Limit,No Memory Limit
9,B,No Time Limit,No Memory Limit
9,A,No Time Limit,No Memory Limit
8,E,No Time Limit,No Memory Limit
8,D,No Time Limit,No Memory Limit
8,C,No Time Limit,No Memory Limit
8,B,No Time Limit,No Memory Limit
8,A,No Time Limit,No Memory Limit
7,E,No Time Limit,No Memory Limit
7,D,No Time Limit,No Memory Limit
7,C,No Time Limit,No Memory Limit
7,B,No Time Limit,No Memory Limit
7,A,No Time Limit,No Memory Limit
6,E,No Time Limit,No Memory Limit
6,D,No Time Limit,No Memory Limit
6,C,No Time Limit,No Memory Limit
6,B,No Time Limit,No Memory Limit
6,A,No Time Limit,No Memory Limit
5,E,No Time Limit,No Memory Limit
5,D,No Time Limit,No Memory Limit
5,C,No Time Limit,No Memory Limit
5,B,No Time Limit,No Memory Limit
5,A,No Time Limit,No Memory Limit
4,D,No Time Limit,No Memory Limit
4,C,No Time Limit,No Memory Limit
4,B,No Time Limit,No Memory Limit
4,A,No Time Limit,No Memory Limit
3,D,No Time Limit,No Memory Limit
3,C,No Time Limit,No Memory Limit
3,B,No Time Limit,No Memory Limit
3,A,No Time Limit,No Memory Limit
2,C,No Time Limit,No Memory Limit
2,B,No Time Limit,No Memory Limit
2,A,No Time Limit,No Memory Limit
1,C,No Time Limit,No Memory Limit
1,B,No Time Limit,No Memory Limit
1,A,No Time Limit,No Memory Limit
