Rank,Handle,Score,Problems Solved
1,maroonrk,8238.0,7
2,rng_58,7974.0,7
3,hogloid,7048.0,7
4,ngfam_kongu,6011.0,7
5,stevenkplus,5872.0,7
6,KFDong,5833.0,7
7,black_horse2014,5794.0,7
8,ilyakor,5792.0,7
9,matthew99,5731.0,7
10,adedalic,5616.0,7
11,jqdai0815,5403.0,7
12,cuizhuyefei,5364.0,7
12,lych_cys,5364.0,7
14,dreamoon_love_AA,5319.0,7
15,KrK,5229.0,7
16,step5,4951.0,7
17,jiry_2,4783.0,7
18,W4yneb0t,4762.0,7
19,Gullesnuffs,4737.0,7
20,uwi,4414.0,7
21,Maniac_Wallnut,4321.0,7
22,jerry,4270.0,7
23,Marcin_smu,4248.0,7
24,fsouza,4104.0,7
25,molamola.,4047.0,7
26,A05,3674.0,7
27,anta,3669.0,7
28,-w-,3649.0,7
29,Dudaev,3575.0,7
30,saketh,3510.0,7
31,Radewoosh,3417.0,7
32,aid,3380.0,7
33,Shapo,3370.0,7
34,IzumiKonata,3275.0,7
35,Baklazan,3273.0,7
36,guille,3226.0,7
37,kutengine,3102.0,7
38,DamianS,3086.0,7
39,naagi,3078.0,7
40,Nezzar,3011.0,7
41,mnbvmar,2952.0,7
42,Egor,2942.0,7
43,kut_ksr1994,2877.0,7
44,Sankarea,2865.0,7
45,kinol,2810.0,7
46,ShadowLight,2783.0,7
47,desert97,2750.0,7
48,natsugiri,2740.0,7
49,josdas,2733.0,7
50,TianyiQ,2721.0,7
51,MrDindows,2702.0,7
52,I_love_Tanya_Romanova,2694.0,7
53,reus,2680.0,7
54,PrinceOfPersia,2620.0,7
55,zemen,2595.0,7
56,cchao,2584.0,7
56,Chen_ChaoRui,2584.0,7
58,krismaz,2573.0,7
59,dnkywin,2521.0,7
60,Hasan0540,2505.0,7
61,Errichto,2504.0,7
62,marat.snowbear,2501.0,7
63,satashun,2491.0,7
64,little_waxberry,2478.0,7
65,tonyjjw,2474.0,7
66,shubhanshu786,2470.0,7
67,fenzhang,2454.0,7
68,HackerTina,2436.0,7
69,rowdark,2411.0,7
70,plus1ironwoodbranch,2397.0,7
71,love_master,2386.0,7
72,Kvark161,2301.0,7
73,knightL,2294.0,7
74,touristv2,2270.0,7
75,nhho,2260.0,7
76,HeHere,2251.0,7
77,GuessEver,2224.0,7
78,LiChenKoh,2208.0,7
79,oier_pb,2204.0,7
80,jcg,2195.0,7
81,xiaowenzi,2180.0,7
82,chitanda,2174.0,7
83,Andreikkaa,2163.0,7
84,Balajiganapathi,2149.0,7
85,yummy,2136.0,7
86,adamant,2107.0,7
87,ItsLastDay,2080.0,7
88,stdioH,2070.0,7
89,arthur.nascimento,2064.0,7
90,amomorning,2039.0,7
91,isego,2028.0,7
92,Vlad_kv,2012.0,7
93,ipavlov,2004.0,7
94,enesoncu,1999.0,7
95,KungA,1998.0,7
96,harhrayr,1982.0,7
97,Deemo,1921.0,7
98,Nikitosh,1909.0,7
99,BekzhanKassenov,1901.0,7
100,little_misfortune,1888.0,7
101,Sampson,1886.0,7
102,Edvard,1866.0,7
103,_O.O_,1856.0,7
104,azneyes,1840.0,7
105,akim,1837.0,7
106,maxkvant,1825.0,7
107,pacu,1817.0,7
108,Amor727,1786.0,7
109,aaaaajack,1777.0,7
110,igor.lifar,1702.0,7
111,GentleSmile,1699.0,7
112,SeyedParsa,1679.0,7
113,BSBandme,1668.0,7
114,el_sanchez,1628.0,7
115,akulsareen,1614.0,7
116,Amirnasr,1601.0,7
117,kalimm,1578.0,7
118,pulkitg10,1563.0,7
119,M.Mahdi,1530.0,7
120,vilcheuski,1454.0,7
121,StarCuriosity,1418.0,7
122,azukun,1402.0,7
123,sin45d,1400.0,7
124,hang,1390.0,7
125,SteamTurbine,1388.0,7
126,Death_Knight_DK,1373.0,7
127,NVAL,1360.0,7
128,ingress,1354.0,7
129,FizzyDavid,1340.0,7
130,Morphy,1333.0,7
131,Romchela,1322.0,7
132,Sumeet.Varma,1316.0,7
133,mrsam,1314.0,7
133,Shef,1314.0,7
135,HellKitsune,1312.0,7
136,xorfire,1308.0,7
137,No_Use_Anymore,1304.0,7
138,a.piasta,1302.0,7
139,tyamgin,1300.0,7
140,tabasz,1286.0,7
141,kondranin,1284.0,7
142,baobaopangzi88,1282.0,7
143,ashish1610,1278.0,7
144,Konijntje,1276.0,7
145,memset123,1266.0,7
146,victor_kzk,1260.0,7
147,orangejuicesheep,1256.0,7
148,sorry_quailty,1254.0,7
149,vacuumer,1250.0,7
150,Used_ToBe,1242.0,7
150,IMAN_GH,1242.0,7
152,akshatb,1240.0,7
153,gsahil,1238.0,7
154,dwjshift,1236.0,7
155,kpw29,1234.0,7
155,yeguanghao,1234.0,7
157,vas.and.tor,1226.0,7
157,cloudyj,1226.0,7
159,sugim48,1222.0,7
160,new_doubleh,1216.0,7
160,Kmcode,1216.0,7
162,bsnipers,1208.0,7
163,Temirulan,1204.0,7
164,sleepy_mario,1200.0,7
165,Johnny_2002,1198.0,7
166,Canadia,1196.0,7
166,kingofnumbers,1196.0,7
168,Rainto96,1194.0,7
168,viktorov,1194.0,7
170,HYDROXIDE,1186.0,7
171,uikos,1182.0,7
172,TonySnark,1178.0,7
173,harrypotter192,1174.0,7
174,jasonyik,1164.0,7
175,shivatejesh,1150.0,7
176,percywtc,1146.0,7
177,tapan0007,1144.0,7
178,Maxim,1138.0,7
179,ATS,1134.0,7
180,pshevchuk,1133.0,7
181,vcbnxmz,1132.0,7
182,sensei11,1124.0,7
183,pllk,1120.0,7
183,huantwofat,1120.0,7
185,b92paul,1118.0,7
186,tomciomistrzu,1110.0,7
187,Eran,1104.0,7
188,vmrajas,1100.0,7
189,pandazcy,1096.0,7
190,yepele,1092.0,7
191,sharph,1087.0,7
192,hustyy,1086.0,7
193,weiszago,1082.0,7
194,limed,1078.0,7
195,sebasutp,1073.0,7
196,Kylin,1070.0,7
197,Stetsyk,1069.0,7
198,Spark001,1066.0,7
199,crystallalala,1062.0,7
200,spfa,1056.0,7
201,ctlin04,1054.0,7
201,lych123,1054.0,7
203,osama,1048.0,7
204,Luqman,1042.0,7
205,emppu,1040.0,7
206,ecapia,1034.0,7
207,Kolarz,1028.0,7
208,BananaTree,1026.0,7
209,Farsid,1024.0,7
210,loser,996.0,7
210,vintage_Vlad_Makeev,996.0,7
212,Lelby,994.0,7
213,khatribiru,988.0,7
214,boleyn.su,987.0,7
215,HighFlow,982.0,7
216,Orenji.Sora,980.0,7
217,JayBryant,972.0,7
218,zhongzero,964.0,7
219,longbiau,958.0,7
220,usaxena95,954.0,7
221,heba_gamal,952.0,7
222,AlexIlin,944.0,7
223,ptnk_1215_panaka_13,934.0,7
224,IgorL,930.0,7
224,kshitij_jain,930.0,7
226,Guliash,892.0,7
227,vishfrnds,890.0,7
227,rajat1603,890.0,7
229,akill3r,880.0,7
230,maximumSHOT,876.0,7
231,fauzdar65,864.0,7
232,free.dom,856.0,7
232,Hencecho,856.0,7
232,dohyun0324,856.0,7
235,Mano,848.0,7
236,yurp,846.0,7
237,KGZ,836.0,7
238,lxw,834.0,7
239,abeker,832.0,7
240,IgorKoval,818.0,7
240,ctlchild,818.0,7
242,ed1d1a8d,814.0,7
243,zhangguangxuan99,804.0,7
244,Manul,802.0,7
245,HandIeNeeded,800.0,7
246,GEOTCBRL,784.0,7
247,bloat,782.0,7
248,totsamyzed,780.0,7
249,Auster,776.0,7
250,amitsaharana,768.0,7
250,Mamedov,768.0,7
252,lighters,766.0,7
253,olekluka,764.0,7
254,T1024,762.0,7
254,joyfun,762.0,7
256,arechitsky,758.0,7
257,comzyh,756.0,7
257,wanbo,756.0,7
259,lemur,754.0,7
260,PERNEKHAN,752.0,7
261,Hoshi08,750.0,7
262,shiva_r31,744.0,7
263,Glance,742.0,7
263,NSV,742.0,7
265,NourElRashidy,728.0,7
266,Xellos,726.0,7
266,a654889339,726.0,7
268,antonis.white,724.0,7
269,balakrishnan,722.0,7
269,chemthan,722.0,7
271,AbstractKangaroo,706.0,7
272,I_Love_Equinox,700.0,7
273,Misha100896,690.0,7
274,samerbekhazi,686.0,7
275,gabig,680.0,7
276,2016,674.0,7
276,Heartbroken.,674.0,7
278,islands,670.0,7
279,sergw,662.0,7
280,lolzz,656.0,7
281,whai,652.0,7
282,deepankarak,638.0,7
283,BotanIQ,636.0,7
283,EKASMA,636.0,7
285,achaitanyasai,608.0,7
286,angargo,600.0,7
287,math10,580.0,7
288,I_so_sad,556.0,7
289,xuanquang1999,552.0,7
290,givka45,546.0,7
291,StoneCold_,542.0,7
292,khsoo01,538.0,7
293,Batman,536.0,7
293,thezodiac1994,536.0,7
295,OmarHashim,532.0,7
296,kevinliu,528.0,7
297,Reyna,525.0,7
298,xwind,520.0,7
299,.tx,514.0,7
300,geek_geek,508.0,7
301,Viktor_Terziev,506.0,7
302,catfish,502.0,7
303,shtorm941,498.0,7
304,Lewin,492.0,7
305,Arg_007,484.0,7
305,johnathan79717,484.0,7
307,skrydg,482.0,7
307,nnnnnnnnnn,482.0,7
307,lnsuyn,482.0,7
310,nfssdq,480.0,7
310,arsijo,480.0,7
310,LuaXD,480.0,7
313,creatnx,478.0,7
313,nhphuongltv,478.0,7
315,Kuzey,476.0,7
315,suchir,476.0,7
317,ohweonfire,474.0,7
318,GR1n,472.0,7
319,fastcoder,470.0,7
319,qqq2683252,470.0,7
321,jeremy624lolz,468.0,7
322,Alstom_Citadis,466.0,7
322,swust_20131737,466.0,7
324,Ancient_mage,464.0,7
324,mohamednabil00000,464.0,7
324,amankedia1994,464.0,7
324,alexyz,464.0,7
328,wangyurzee7,462.0,7
328,PalmPTSJ,462.0,7
328,wyxourlove,462.0,7
328,Crucian,462.0,7
328,Teshnizi,462.0,7
328,DanAlex,462.0,7
334,Rafbill,458.0,7
334,scauweng,458.0,7
334,SlavaSSU,458.0,7
334,rohangarg,458.0,7
338,vijayarsenal10,456.0,7
338,Manoel,456.0,7
338,vml,456.0,7
341,akashdeep,454.0,7
341,pranet,454.0,7
341,Gauss,454.0,7
341,aLM_Kaiser,454.0,7
345,TheGreatGeek,452.0,7
345,Mohamad_sa,452.0,7
347,yugrey,450.0,7
347,Jimanbanashi,450.0,7
347,RNS_CUS,450.0,7
347,niks.guitarist,450.0,7
351,OriginalM,446.0,7
351,hashlife,446.0,7
351,ikid_Hoang,446.0,7
351,yancouto,446.0,7
355,Mr_Eko,440.0,7
355,jiu-ye,440.0,7
355,RedNextCentury,440.0,7
358,AndreySergunin,436.0,7
359,Muh,434.0,7
360,Cyka_Blyad,432.0,7
360,urusant,432.0,7
362,victoreis,430.0,7
363,blindcoder,426.0,7
363,setiadialvin,426.0,7
363,m.h,426.0,7
366,jaina,424.0,7
367,awelijuh,422.0,7
367,MongoDB,422.0,7
369,hungpham2511,420.0,7
369,Jack_whj,420.0,7
369,mirak94,420.0,7
372,Svyat,418.0,7
373,Ki-,416.0,7
373,WonderMouse,416.0,7
375,std11,414.0,7
376,Lo_R_D,412.0,7
376,nherceg,412.0,7
376,koyumeishi,412.0,7
376,tapopadma,412.0,7
380,komendart,410.0,7
381,zany4eg,408.0,7
381,sbsbcjt,408.0,7
383,emotionles,406.0,7
384,RamTararam,404.0,7
385,Sammarize,402.0,7
385,sancho,402.0,7
385,jpmartinezv,402.0,7
388,ThereIsNoSalvationForMe,400.0,7
388,negativebplusorminus,400.0,7
390,javiguz,398.0,7
391,yyhslcj,396.0,7
392,I_love_Lindsay,394.0,7
392,pegasas,394.0,7
392,Rojo,394.0,7
395,janiceling,392.0,7
396,AshVinn,390.0,7
396,nic11,390.0,7
396,quandum,390.0,7
399,bitchplz,386.0,7
400,lebedkin,384.0,7
401,hust_ac,380.0,7
401,Irkutsk_ISRU,380.0,7
403,k-on.mio,370.0,7
403,100Rad,370.0,7
403,Snowdrop,370.0,7
403,qingping95,370.0,7
407,mahdigh,368.0,7
408,kyonrevens,366.0,7
408,sshekh,366.0,7
410,faebdc,364.0,7
411,diego.link,362.0,7
411,Pasoddin,362.0,7
413,please_delete_account,360.0,7
414,tafit3,356.0,7
414,Dr.Who,356.0,7
416,mayuntao,352.0,7
416,cup_of_tea,352.0,7
418,Shavkat_Aminov,350.0,7
419,shivamkakkar,348.0,7
419,dafaq,348.0,7
419,mike_live,348.0,7
422,CodeAce,346.0,7
423,Man,342.0,7
424,Janathon_L,340.0,7
425,bestEZtw87,338.0,7
426,MiniFake,336.0,7
427,punjabidon,332.0,7
428,Yukii,328.0,7
429,Arpa,326.0,7
430,igdor99,324.0,7
431,ahcl,322.0,7
432,yellowthundercat,320.0,7
433,mhadih,318.0,7
433,e_coder,318.0,7
435,vnovakovski,316.0,7
435,ajinkya1p3,316.0,7
435,ttrkaya,316.0,7
438,kzr.buet08,314.0,7
439,mahmud2690,312.0,7
439,Heisenbug,312.0,7
441,Miteusz,310.0,7
441,sotonamitol,310.0,7
443,Lint,308.0,7
444,Vladik,302.0,7
444,pqhuy98,302.0,7
446,alexMM,300.0,7
446,dogther,300.0,7
446,savlik5,300.0,7
446,nicky_ua,300.0,7
446,katan,300.0,7
446,rivudas,300.0,7
452,Jahid,298.0,7
453,nazaninnnnn,296.0,7
453,zyoohv,296.0,7
453,eXeP,296.0,7
456,micklepru,286.0,7
457,ultizet,284.0,7
457,0o_o0,284.0,7
459,kut_kjb1994,272.0,7
460,snsokolov,268.0,7
461,bohuss,264.0,7
461,plcpunk,264.0,7
463,CWD4RKC0D3R,262.0,7
463,minimario,262.0,7
465,poikniok,258.0,7
466,HiDeKi,256.0,7
466,201411132101,256.0,7
466,No0oB,256.0,7
469,Diego.Gabriel,250.0,7
470,Mothaiba,246.0,7
471,duongtnhat,242.0,7
471,anubhav11,242.0,7
473,mladia163,238.0,7
473,trsriram,238.0,7
475,ip96cns,228.0,7
476,gooner,224.0,7
476,YLAsce,224.0,7
478,Leaves,214.0,7
478,demon1999,214.0,7
480,jarvis3_,204.0,7
481,Bedge,200.0,7
481,shikharthakur,200.0,7
483,s34vv1nd,194.0,7
483,TerryMcGinnis,194.0,7
485,spharish,186.0,7
486,WKUZHPKB,174.0,7
487,deer,166.0,7
488,DaiDaiBear,158.0,7
488,Prime21,158.0,7
490,Darkgeass,150.0,7
490,paras,150.0,7
490,nuri,150.0,7
490,mishraiiit,150.0,7
490,jovank,150.0,7
490,wgan,150.0,7
490,I_Love_Tina,150.0,7
490,balalaika,150.0,7
490,fruwajacybyk,150.0,7
490,matinaghaei,150.0,7
490,Neutral_LI,150.0,7
490,x.bryanc,150.0,7
490,jinbao,150.0,7
490,Zovar,150.0,7
490,lmzqwer2,150.0,7
490,Jumaboyev_Davlatmurod,150.0,7
490,nigus,150.0,7
490,BitHashTech,150.0,7
490,bonbon,150.0,7
490,slex,150.0,7
490,hatim009,150.0,7
490,tgehr,150.0,7
490,jebwizoscar,150.0,7
490,shadow_clone,150.0,7
514,ashpsycho,120.0,7
515,Killever,100.0,7
515,mahmoud.gemy18,100.0,7
517,Omega1,0.0,7
517,ppratyush96,0.0,7
517,CxSomebody,0.0,7
517,vipsharmavip,0.0,7
517,palash012,0.0,7
517,_KAIROS_,0.0,7
517,yurijvolkov,0.0,7
517,-___-,0.0,7
517,CoralGao,0.0,7
517,llyang,0.0,7
517,shakil_AUST,0.0,7
517,sid047,0.0,7
517,13048047792,0.0,7
517,aarush22,0.0,7
517,sv1,0.0,7
517,zhuyi13,0.0,7
517,filippoqua,0.0,7
517,jugal_sahu,0.0,7
517,naresh7406,0.0,7
517,wangyurzee7,0.0,7
517,2014030402011,0.0,7
517,mikhail.safin,0.0,7
517,cxssss007,0.0,7
517,S0cI0pAtH,0.0,7
517,rajiv,0.0,7
517,GabrielXO,0.0,7
517,PerfectCode,0.0,7
517,CZH,0.0,7
517,sahar-eslami,0.0,7
517,Esraa_RaGab,0.0,7
517,failedxyz,0.0,7
517,neutron1,0.0,7
517,Nikhil_Mahendran,0.0,7
517,cmashinho,0.0,7
517,rajat189,0.0,7
517,npinsker,0.0,7
517,T0RRES,0.0,7
517,publicname,0.0,7
517,Ofegenia,0.0,7
517,larneybinson,0.0,7
517,rickychandra,0.0,7
517,2014030401029,0.0,7
517,giraffeh,0.0,7
517,chelsea_mecnun,0.0,7
517,GankerofTurtle,0.0,7
517,sauraedron,0.0,7
517,Sippy,0.0,7
517,flash_7,0.0,7
517,long_wave,0.0,7
517,HarveyCipher,0.0,7
517,newbieuser201,0.0,7
517,mr.Ram,0.0,7
517,sugim48,0.0,7
517,Darshan510,0.0,7
517,yu-gi-oh4848,0.0,7
517,Red_Roses,0.0,7
517,smahdavi4,0.0,7
517,Hsiung,0.0,7
517,wondercoder,0.0,7
517,13242296888,0.0,7
517,inutard,0.0,7
517,Ak1m,0.0,7
517,shubhag,0.0,7
517,KingoftheWorldd,0.0,7
517,AQuan,0.0,7
517,qq1367212627,0.0,7
517,belesprit,0.0,7
517,c1106543196,0.0,7
517,alexandee,0.0,7
517,hiyot,0.0,7
517,Tunne,0.0,7
517,iven,0.0,7
517,bhavik_,0.0,7
517,sunu,0.0,7
517,2014030402022lihongjie,0.0,7
517,_jte_,0.0,7
517,14190129,0.0,7
517,DreamDan,0.0,7
517,daguru,0.0,7
517,gol_alu,0.0,7
517,ShengjieXU,0.0,7
517,MORGAN,0.0,7
517,mparadisek,0.0,7
517,Mohamed_Ayman,0.0,7
517,UNForgettable,0.0,7
517,JamesQi,0.0,7
517,irajdeep,0.0,7
517,anandpandey,0.0,7
517,ilya151098,0.0,7
517,Sh1co,0.0,7
517,Jack_Rose,0.0,7
517,anakot,0.0,7
517,Abdullah_Abu_Alrish,0.0,7
517,solonkovda,0.0,7
517,spandanpathak,0.0,7
517,tamionv,0.0,7
517,vikas_jain4494,0.0,7
517,truckski,0.0,7
517,gabrielinelus,0.0,7
517,simplessssss,0.0,7
517,alkil,0.0,7
517,qwerty0987,0.0,7
517,gobrona,0.0,7
517,Dij,0.0,7
517,mtmohim,0.0,7
517,liyh,0.0,7
517,ali-mohamed,0.0,7
517,yangmie,0.0,7
517,Kenneth-nlogn,0.0,7
517,ag970221,0.0,7
517,ahsankamal,0.0,7
517,shubham95,0.0,7
517,joseraul,0.0,7
517,sahasumit288,0.0,7
517,logickaiser,0.0,7
517,HouJP_NSD,0.0,7
517,Newone,0.0,7
517,carbZJ,0.0,7
517,mohammad74,0.0,7
517,Guts,0.0,7
517,zsc_hq,0.0,7
517,raj2795,0.0,7
517,wust_mengzhennan,0.0,7
517,wonderful,0.0,7
517,Muhammad_Attia,0.0,7
517,Good_Luck,0.0,7
517,FTYYY,0.0,7
517,Wolfica,0.0,7
517,happy2332,0.0,7
517,abdelkarim,0.0,7
517,laablckdae,0.0,7
517,gkeesh7,0.0,7
517,emamzade.bijan,0.0,7
517,SerVasilich,0.0,7
517,hoangdaithienlong,0.0,7
517,YHYCC,0.0,7
517,arc47chit_6,0.0,7
517,chakred_namor,0.0,7
517,hoangtrong2305,0.0,7
517,OmaeWaMouShenDeiru,0.0,7
517,huansuz1,0.0,7
517,leviathan,0.0,7
517,Lost,0.0,7
517,crzyppl,0.0,7
517,jeremyguo2000,0.0,7
517,18312772931,0.0,7
517,halin.george,0.0,7
517,fightwolf,0.0,7
517,a.saltanat,0.0,7
517,12121005,0.0,7
517,prantoran,0.0,7
517,usekey,0.0,7
517,plehem,0.0,7
517,evsaid,0.0,7
517,dont_say_sorry,0.0,7
517,jagdishbairer,0.0,7
517,PieceOfCode,0.0,7
517,porcupine,0.0,7
517,ift_khan,0.0,7
517,fresher96,0.0,7
517,dc_dhawal123,0.0,7
517,Belal_CSEIU,0.0,7
517,ITDOI,0.0,7
517,yash_mittal,0.0,7
517,Agatha_03,0.0,7
517,Iskandarov_Islom,0.0,7
517,HouJP,0.0,7
517,2013031102007,0.0,7
517,I_love_Captain_America,0.0,7
517,20131730,0.0,7
517,nidagh.mahin,0.0,7
517,mewok_2017,0.0,7
517,tuananh2209,0.0,7
517,TYRER,0.0,7
517,shikhar12,0.0,7
517,Borisov,0.0,7
517,nyarr,0.0,7
517,Sifat_Md,0.0,7
517,Amir.h.A,0.0,7
517,scanhex,0.0,7
517,zjx,0.0,7
517,alisaani,0.0,7
517,mishagam,0.0,7
517,ganeshk2,0.0,7
517,mejbah,0.0,7
517,MohammadMoein,0.0,7
517,lnzva,0.0,7
517,Shlyapnik41lv,0.0,7
517,lama_codes,0.0,7
517,S0S,0.0,7
517,k.isaenkov,0.0,7
517,vallahombrevalla,0.0,7
517,finally_here,0.0,7
517,angel4death,0.0,7
517,Sehnsucht,0.0,7
517,franekmat,0.0,7
517,Lilacy,0.0,7
517,M.Aladdin,0.0,7
517,theRevenant,0.0,7
517,sbereghici,0.0,7
517,yogendrarawat057,0.0,7
517,Tger,0.0,7
517,Wing2015,0.0,7
517,ghazouani92,0.0,7
517,Failure,0.0,7
517,DragonFruit,0.0,7
517,codehide,0.0,7
517,LEo_LY,0.0,7
517,R4mt1n,0.0,7
517,Spongebob_kz,0.0,7
517,lunawyll,0.0,7
517,sorry_qwerty787788,0.0,7
517,client,0.0,7
730,coder222,-50.0,7
730,SpOleM,-50.0,7
730,pedulia,-50.0,7
733,Mohtasim,-100.0,7
734,filename,-200.0,7
735,colin_ni,-300.0,7
736,aka.Sohieb,-350.0,7
0,mostafa.mahmoud,4275.0,7
0,vjudge4,4275.0,7
0,vjudge2,4275.0,7
0,jiyutian,4275.0,7
0,Ali.Pi,4275.0,7
0,krijgertje,4275.0,7
0,Dylans,4275.0,7
0,130705009,4275.0,7
0,Azimjonm0012,4275.0,7
0,vjudge5,4275.0,7
0,Archaeopteryx,4275.0,7
0,your_submissions_,4275.0,7
0,chappy1,4275.0,7
0,tenkei,4275.0,7
0,Engineer,4275.0,7
0,HappyNewYearMike,4275.0,7
0,syc1999,4275.0,7
0,grothendieck,4275.0,7
0,IAKCodeForces,4275.0,7
0,SanSiroWaltz,4275.0,7
0,big_tq,4275.0,7
0,CaiJiZXY,4275.0,7
0,vjudge1,4275.0,7
0,ReaLNero1,4275.0,7
0,Traverser_Steal69,4275.0,7
0,lopare,4275.0,7
0,Sparkle_Twilight,4275.0,7
0,alpeevandrey,4275.0,7
0,saza,4275.0,7
0,IgorKoval,3825.0,7
0,zhouyuyang,3825.0,7
0,Cekavis,3825.0,7
0,_____k_____,3750.0,7
0,______M______,3750.0,7
0,_____i_____,3750.0,7
0,______i______,3750.0,7
0,______n______,3750.0,7
0,______k______,3750.0,7
0,______h______,3750.0,7
0,luogu_bot3,3525.0,7
0,bkifhr6,3525.0,7
0,vjudge3,3525.0,7
0,bkifhr7,3525.0,7
0,bkifhr8,3525.0,7
0,luogu_bot2,3525.0,7
0,maspy,3375.0,7
0,KuribohG,3375.0,7
0,polequoll,3375.0,7
0,KevinTan,3375.0,7
0,freebsdx,3375.0,7
0,Kaban-5,3375.0,7
0,zavodil,3375.0,7
0,kondranin,3375.0,7
0,ikatanic,3375.0,7
0,pompon,3300.0,7
0,chemthan,3225.0,7
0,suchir,3225.0,7
0,chitanda,3075.0,7
0,skip2004,3075.0,7
0,mrsrz,3075.0,7
0,bkifhr9,3000.0,7
0,kaTkaHr,2925.0,7
0,RNS_CUS,2925.0,7
0,CHK666,2850.0,7
0,luogu_bot5,2775.0,7
0,luogu_bot1,2775.0,7
0,bkifhr10,2775.0,7
0,vjudge.9,2625.0,7
0,crowdforces,2625.0,7
0,Nero,2625.0,7
0,QQH,2625.0,7
0,vjudge.10,2625.0,7
0,QwQcOrZ,2625.0,7
0,16204,2550.0,7
0,Alif01,2550.0,7
0,hjk1030,2550.0,7
0,xianboyu,2550.0,7
0,guille,2550.0,7
0,Graygoo_401,2550.0,7
0,KyuushuKyuuhai,2550.0,7
0,QuartZ_Z,2550.0,7
0,CHK6666,2550.0,7
0,andrew.volchek,2475.0,7
0,I_love_Hoang_Yen,2475.0,7
0,bool_kzf,2475.0,7
0,waterfalls,2475.0,7
0,py_ultron,2475.0,7
0,jiangshibiao,2475.0,7
0,arthur.nascimento,2400.0,7
0,Nikitosh,2400.0,7
0,GQN2,2400.0,7
0,cchao,2400.0,7
0,falanga,2400.0,7
0,GentleSmile,2400.0,7
0,satyaki3794,2325.0,7
0,nealchen,2325.0,7
0,Heisenbug,2325.0,7
0,realskc,2325.0,7
0,Arg_007,2325.0,7
0,WHITE2302,2325.0,7
0,zpltys,2325.0,7
0,why_no_girlfriend,2325.0,7
0,szb,2325.0,7
0,luogu_bot4,2250.0,7
0,scott_wu,2175.0,7
0,The_Straw_Hat,2175.0,7
0,vjudge.5,2100.0,7
0,vjudge.2,2100.0,7
0,t1016d,2100.0,7
0,Big_gold_date,2100.0,7
0,ntu_vjudge_1,2100.0,7
0,akaiNeko,2100.0,7
0,ntu_vjudge_2,2100.0,7
0,basic_string,2100.0,7
0,Starch,2100.0,7
0,zhouqixuan1,2100.0,7
0,Shef,2025.0,7
0,kb.,2025.0,7
0,new_doubleh,2025.0,7
0,I_so_sad,2025.0,7
0,HellKitsune,2025.0,7
0,NVAL,2025.0,7
0,spfa,2025.0,7
0,allfadeaway,2025.0,7
0,edorundo,1950.0,7
0,fkguyx042,1950.0,7
0,wlzhouzhuan,1950.0,7
0,leapfrog,1950.0,7
0,nickluo,1875.0,7
0,zhan8855,1875.0,7
0,IRC,1800.0,7
0,Yuvraj_2004,1800.0,7
0,zjczzzjczjczzzjc,1800.0,7
0,tyler178,1800.0,7
0,Rainybunny,1800.0,7
0,sys.,1800.0,7
0,Hercier,1800.0,7
0,jcvb,1800.0,7
0,sunnuozhou,1800.0,7
0,LHQing,1800.0,7
0,sdds,1800.0,7
0,PinkRabbitAFO,1800.0,7
0,dongyc666,1800.0,7
0,cjy2003,1800.0,7
0,Created_equal,1800.0,7
0,Rapid_Eye_Movement,1800.0,7
0,SuffixBalancedTree,1800.0,7
0,grass8sheep,1800.0,7
0,yaoxi,1800.0,7
0,137_345_2814,1800.0,7
0,JCY_,1800.0,7
0,wuzr,1800.0,7
0,beiwen,1800.0,7
0,xiaxiaoguang,1800.0,7
0,yasugongshang,1800.0,7
0,starusc,1800.0,7
0,WZYYN,1800.0,7
0,wyl123456,1800.0,7
0,kagarii,1800.0,7
0,gxy001,1800.0,7
0,UltiMadow,1800.0,7
0,graphcity,1800.0,7
0,Lagoon_,1800.0,7
0,Jormungandre,1800.0,7
0,dengtingyu,1800.0,7
0,qinzhaoyang,1800.0,7
0,wangzirui123,1800.0,7
0,add10k,1800.0,7
0,xgzc,1800.0,7
0,wsyear,1800.0,7
0,gzw2005,1800.0,7
0,sunset,1800.0,7
0,Pigbrain,1800.0,7
0,asdfghjk,1800.0,7
0,MEKHANE_173,1800.0,7
0,zwh2008,1800.0,7
0,18Michael,1800.0,7
0,LebronDurant,1800.0,7
0,emoairx,1800.0,7
0,lpf666,1800.0,7
0,yz6205,1800.0,7
0,Pray2018,1800.0,7
0,ducati,1800.0,7
0,justin_cao,1800.0,7
0,jah_melon,1800.0,7
0,cz_xuyixuan,1800.0,7
0,amane-ame,1800.0,7
0,Zcusss,1800.0,7
0,SteamTurbine,1800.0,7
0,Qwdb,1800.0,7
0,mekoszc,1800.0,7
0,w190971822,1800.0,7
0,yhx-12243,1800.0,7
0,Matutino,1800.0,7
0,juju527,1800.0,7
0,Read_int,1800.0,7
0,Daniel777,1800.0,7
0,carryup,1800.0,7
0,Mr_Eight,1800.0,7
0,zzy2005,1800.0,7
0,acclrt,1800.0,7
0,SAMSans,1800.0,7
0,wcdr,1800.0,7
0,Harry27182,1800.0,7
0,RiverHamster,1800.0,7
0,Sulfox,1800.0,7
0,KomeijiSatori,1800.0,7
0,LJZ_C,1800.0,7
0,Ieihonglongyin,1800.0,7
0,BJpers3,1800.0,7
0,Forza_Ferrari,1800.0,7
0,disangan233,1800.0,7
0,nqiiii,1800.0,7
0,iFunnyCreatress,1800.0,7
0,xht37,1800.0,7
0,laihaochen,1800.0,7
0,huhaoo,1800.0,7
0,11231123,1800.0,7
0,xyyf,1800.0,7
0,_zzw4257,1800.0,7
0,Kewth,1800.0,7
0,LLLLLLLLLLZ,1800.0,7
0,Reanap,1800.0,7
0,Mr_Wu,1800.0,7
0,StranGePants,1800.0,7
0,FISHER_,1800.0,7
0,ship2077,1800.0,7
0,ILoLy,1800.0,7
0,SuperFF,1800.0,7
0,PsephurusGladius,1800.0,7
0,skip1978,1800.0,7
0,Roal_L,1800.0,7
0,MarkF,1800.0,7
0,00ffcc,1800.0,7
0,frame233,1800.0,7
0,hyjhyj,1800.0,7
0,function348,1800.0,7
0,Minamoto,1800.0,7
0,locsey,1800.0,7
0,xiaoziyao,1800.0,7
0,ohweonfire,1800.0,7
0,Vamilio,1800.0,7
0,Egg_laying_master,1800.0,7
0,pupiI,1800.0,7
0,Kevin114514,1800.0,7
0,Lotus,1800.0,7
0,Worma,1800.0,7
0,panole,1800.0,7
0,LJC00118,1800.0,7
0,cyf32768,1800.0,7
0,zyt1253679098,1800.0,7
0,Infleaking,1800.0,7
0,AhoCorasick,1800.0,7
0,AprilGrimoire,1800.0,7
0,i209M,1800.0,7
0,CC2021zyz,1800.0,7
0,eggxiao,1800.0,7
0,zx2003,1800.0,7
0,zhouzhendong,1800.0,7
0,Liuxizai,1800.0,7
0,Cyanic,1800.0,7
0,BilyHurington,1800.0,7
0,275307894a,1800.0,7
0,Blood_Wu_Ren,1800.0,7
0,wh_ZH,1800.0,7
0,Pengzhike,1800.0,7
0,bigmurmur,1800.0,7
0,jjyakioi,1800.0,7
0,w4p3r,1800.0,7
0,return20071007,1800.0,7
0,mamingxiao,1800.0,7
0,Pointy,1800.0,7
0,Nesraychan,1800.0,7
0,Dualqwq,1800.0,7
0,Suiseiseki,1800.0,7
0,djq_cpp,1800.0,7
0,qwq_bot,1800.0,7
0,ab1aze,1800.0,7
0,yutaka1999,1800.0,7
0,Zpair,1800.0,7
0,Holmesee,1800.0,7
0,An_Account,1800.0,7
0,XieRujian,1800.0,7
0,ilnil,1800.0,7
0,gyh20,1800.0,7
0,zhaohaikun,1800.0,7
0,SaInT7,1800.0,7
0,Dawnq,1800.0,7
0,CTP_314,1800.0,7
0,duyiblue,1800.0,7
0,Crystally,1800.0,7
0,final_trump,1800.0,7
0,gongsuidashen,1800.0,7
0,dingdingsb,1800.0,7
0,defKaeru,1800.0,7
0,Scintilla06,1800.0,7
0,ZaunDXS,1800.0,7
0,xay5421,1800.0,7
0,1092515503,1800.0,7
0,Isonan,1800.0,7
0,5ab,1800.0,7
0,tricyzhkx,1800.0,7
0,SoraKasugan0,1800.0,7
0,saketh,1800.0,7
0,SharpnessX,1800.0,7
0,yxcatqwq,1800.0,7
0,C202044zxy,1800.0,7
0,handleme,1800.0,7
0,Sky_Maths,1800.0,7
0,matthew99,1800.0,7
0,Itst,1800.0,7
0,psoet,1800.0,7
0,cyh_toby,1800.0,7
0,huzhaoyang,1800.0,7
0,Social_Zhao,1800.0,7
0,OInfly,1800.0,7
0,yuanhaowei,1800.0,7
0,CXY07,1800.0,7
0,3.141592653,1800.0,7
0,zhiyin123,1800.0,7
0,guanhuai04,1800.0,7
0,Treaker,1800.0,7
0,boshi,1800.0,7
0,tianxiawoyou,1800.0,7
0,K0u1e,1800.0,7
0,thebighead,1800.0,7
0,zsyzsy,1800.0,7
0,phirtheta,1800.0,7
0,Capitalist_Wang,1800.0,7
0,antidisestablishment,1800.0,7
0,couplefire,1800.0,7
0,Depth_First_Search,1800.0,7
0,_lbw_,1800.0,7
0,fstqaq,1800.0,7
0,cuizhuyefei,1800.0,7
0,realRainFestivalqwq,1800.0,7
0,lprdsb,1800.0,7
0,zhongyuwei,1800.0,7
0,aszwz,1800.0,7
0,Jayce132,1800.0,7
0,TiwAirOAO,1800.0,7
0,wucstdio,1800.0,7
0,thebes,1800.0,7
0,KFDong,1800.0,7
0,HirasawaaYui,1800.0,7
0,201465,1800.0,7
0,X_emad_X,1725.0,7
0,TianPingXing,1725.0,7
0,geniucos,1725.0,7
0,CuriousCat.hzw,1725.0,7
0,spetsnaz,1725.0,7
0,rfpermen,1725.0,7
0,muratt,1725.0,7
0,ascchrvalstr,1725.0,7
0,bill_kondo,1725.0,7
0,qazxsw123,1725.0,7
0,Arthur,1725.0,7
0,as_clever_as_a_T_A_R,1725.0,7
0,jimola,1725.0,7
0,ckodser,1725.0,7
0,theodor.moroianu,1725.0,7
0,Chinese_zjc_,1725.0,7
0,_h_,1725.0,7
0,whx1003,1650.0,7
0,Amor727,1650.0,7
0,NaimSS,1650.0,7
0,ppetter1025,1650.0,7
0,sunzh,1650.0,7
0,Zhouershan,1650.0,7
0,xkcdjerry,1650.0,7
0,Lyreqwq,1650.0,7
0,shao0320,1650.0,7
0,-XraY-,1650.0,7
0,dottle,1650.0,7
0,jeff_qi,1650.0,7
0,liumohan,1650.0,7
0,desert97,1650.0,7
0,Flying2018,1650.0,7
0,jeroenodb,1650.0,7
0,Radewoosh,1650.0,7
0,ShadowLight,1650.0,7
0,zcg.cs60,1650.0,7
0,b92paul,1650.0,7
0,JoesSR,1650.0,7
0,diamond_duke,1575.0,7
0,sohsoh,1575.0,7
0,thesilione,1575.0,7
0,MicroMaker,1575.0,7
0,2016,1575.0,7
0,shengdebao,1575.0,7
0,VastoLorde95,1575.0,7
0,yummy,1575.0,7
0,skrydg,1575.0,7
0,mike_live,1575.0,7
0,SoiMae,1575.0,7
0,propane,1500.0,7
0,LiChenKoh,1500.0,7
0,BSBandme,1500.0,7
0,BlueDiamond,1500.0,7
0,iqqsoszs,1500.0,7
0,fenzhang,1500.0,7
0,_Ash__,1500.0,7
0,Egor.Lifar,1500.0,7
0,pacu,1500.0,7
0,sr12,1425.0,7
0,luyuchen,1425.0,7
0,M.Mahdi,1425.0,7
0,Tx_Lcy,1425.0,7
0,undefina,1425.0,7
0,Ioser,1425.0,7
0,xuyifei1,1425.0,7
0,q234rty,1425.0,7
0,BINYU,1425.0,7
0,Baba,1425.0,7
0,Xellos,1425.0,7
0,No_Use_Anymore,1425.0,7
0,yukuai26,1425.0,7
0,iridescent,1425.0,7
0,vjudge.4,1350.0,7
0,Toosample,1350.0,7
0,ko_osaga,1350.0,7
0,darry140,1350.0,7
0,vjudge.1,1350.0,7
0,peti1234,1350.0,7
0,vjudge.8,1350.0,7
0,daklqw,1275.0,7
0,zhimao,1275.0,7
0,Mano,1275.0,7
0,StarCuriosity,1275.0,7
0,lych123,1275.0,7
0,baobaopangzi88,1275.0,7
0,josdas,1275.0,7
0,emppu,1275.0,7
0,not_bot_but_POT,1275.0,7
0,Errichto,1275.0,7
0,anewhandle,1275.0,7
0,sleepy_mario,1275.0,7
0,N3SL,1275.0,7
0,flyFeather,1275.0,7
0,Nerevar,1275.0,7
0,weng_weijie,1275.0,7
0,I_love_Tanya_Romanova,1275.0,7
0,joyfun,1275.0,7
0,Archies,1275.0,7
0,erogame,1275.0,7
0,harhrayr,1275.0,7
0,kalimm,1275.0,7
0,toniskrijelj,1275.0,7
0,King_George,1275.0,7
0,dozbear,1275.0,7
0,lyc12345,1200.0,7
0,ziche,1200.0,7
0,paulwang,1200.0,7
0,tqjex,1200.0,7
0,Batman,1200.0,7
0,dont_say_sorry,1200.0,7
0,Vercingetorix,1200.0,7
0,TianSunXing,1200.0,7
0,heyuanjie,1200.0,7
0,xvzhiming,1200.0,7
0,Youth518,1200.0,7
0,winme,1200.0,7
0,YYfxy,1200.0,7
0,shenmadongdong,1200.0,7
0,fgfamy,1200.0,7
0,for_sx_e_1,1200.0,7
0,tomas_fang,1200.0,7
0,Gensokyo_Alice,1200.0,7
0,romanasa,1200.0,7
0,bestEZtw87,1200.0,7
0,No-Rain,1200.0,7
0,coderpractices,1200.0,7
0,chenyifanlx,1200.0,7
0,vjudge.7,1200.0,7
0,eddy1021,1200.0,7
0,keenlf,1200.0,7
0,Mektpoy,1200.0,7
0,Kiki_forest,1200.0,7
0,slow,1200.0,7
0,Adam_GS,1200.0,7
0,vjudge.3,1200.0,7
0,kokosha,1200.0,7
0,SovietPower,1050.0,7
0,nherceg,1050.0,7
0,pavel.savchenkov,1050.0,7
0,PenPineappleApplePen,1050.0,7
0,I_like_dora_meddo,1050.0,7
0,Stetsyk,1050.0,7
0,amitsaharana,1050.0,7
0,yz_,1050.0,7
0,sam571128,1050.0,7
0,boleyn.su,1050.0,7
0,kazuki08,1050.0,7
0,PalmPTSJ,1050.0,7
0,0w1,975.0,7
0,Aidos,975.0,7
0,TiliTim,975.0,7
0,farnasirim,975.0,7
0,yash_mittal,975.0,7
0,keepit,975.0,7
0,Andrei1998,975.0,7
0,ctlchild,975.0,7
0,shubhamgoyal__,975.0,7
0,AndreyPavlov,975.0,7
0,hloya_ygrt,975.0,7
0,P_Nyagolov,975.0,7
0,T0RRES,975.0,7
0,chffy,975.0,7
0,nima10khodaveisi,975.0,7
0,abhaygarg,975.0,7
0,ITDOI,975.0,7
0,Weeeee,975.0,7
0,behzad.nouri,975.0,7
0,OrzJiian,975.0,7
0,joisino,975.0,7
0,lxk,975.0,7
0,aliasadiiii,975.0,7
0,-skyline-,975.0,7
0,shtorm941,975.0,7
0,TianZuiXing,975.0,7
0,Ahoora,975.0,7
0,io07,975.0,7
0,ericxu0,975.0,7
0,CountZero,975.0,7
0,ZhNV,975.0,7
0,BITZed,975.0,7
0,Farhit,975.0,7
0,ArshiaDadras,975.0,7
0,farukkastamonuda,975.0,7
0,SameerGulati,975.0,7
0,SeyedParsa,975.0,7
0,tangshitao,975.0,7
0,suibaka,975.0,7
0,Alex_PKZDL,975.0,7
0,xtvvah878,975.0,7
0,mjhun,975.0,7
0,phirasit,975.0,7
0,zscc,975.0,7
0,jugal_sahu,975.0,7
0,mental.cat,975.0,7
0,w007878,975.0,7
0,wyp,975.0,7
0,CchOOlak,975.0,7
0,radical,975.0,7
0,anuraganand,975.0,7
0,RomeoFantastik,975.0,7
0,AStepanov,975.0,7
0,IfPossibleAgainInTheLife,975.0,7
0,mamun4122,975.0,7
0,smallling,975.0,7
0,_LAD_,975.0,7
0,TheConfessor,975.0,7
0,Feu,975.0,7
0,bluefi,975.0,7
0,tnakao,975.0,7
0,Hamzqq9,975.0,7
0,maratonando2,975.0,7
0,I_always_love_cc,975.0,7
0,syfsyf,975.0,7
0,sad_club_piece,975.0,7
0,lone_rider,975.0,7
0,vstiff,975.0,7
0,maratonando,975.0,7
0,fuch,975.0,7
0,hiThere23,975.0,7
0,ITer,975.0,7
0,last_one,975.0,7
0,_iris_,975.0,7
0,hkglly,975.0,7
0,Kerim.K,975.0,7
0,deer,975.0,7
0,ABalobanov,975.0,7
0,bertho_coder,975.0,7
0,DoNotMoZheng,900.0,7
0,ZHUHAORENQaQ,900.0,7
0,lslzf,900.0,7
0,yqj_1234,900.0,7
0,crazyZTW,900.0,7
0,Fido_Puppy,900.0,7
0,ddytxdy,900.0,7
0,Sundar,900.0,7
0,jokerwyt,900.0,7
0,hanyuwei,900.0,7
0,BungeAuriculateRoot,900.0,7
0,geneanlyz,900.0,7
0,chihik,900.0,7
0,cly_none,900.0,7
0,HC20050615,900.0,7
0,CDuongg,900.0,7
0,Kim_Vladimir,900.0,7
0,WZP2018,900.0,7
0,zzy0929,900.0,7
0,kal0rona,900.0,7
0,zc_li,900.0,7
0,FangZeLi,900.0,7
0,AsiaticToddaliaRoot,900.0,7
0,zxjk,900.0,7
0,syzf2222,900.0,7
0,YaoBIG,900.0,7
0,ihave33cm,900.0,7
0,Su_Zipei,900.0,7
0,wdnmdwrnmmp,900.0,7
0,iefnah06,900.0,7
0,Ranger_CW,900.0,7
0,suomynonA,900.0,7
0,Ibrahim14,900.0,7
0,CGlin,900.0,7
0,Retucl,900.0,7
0,leihongIongyin,900.0,7
0,20333333333,900.0,7
0,ddpag,900.0,7
0,ycx,900.0,7
0,hleternity,900.0,7
0,peepdamonster,900.0,7
0,Trisolaris,900.0,7
0,cqbzzqw,900.0,7
0,HARRY_YU,900.0,7
0,Miko35,900.0,7
0,Hugin,900.0,7
0,cyffyc,900.0,7
0,rxdoi,900.0,7
0,playerzmr,900.0,7
0,DaBiaoYYDS,900.0,7
0,LinkZelda,900.0,7
0,pigstd,900.0,7
0,fengzhengwei,900.0,7
0,oj_sloj,900.0,7
0,xzc0920,900.0,7
0,Cooper233,900.0,7
0,Star_Cried,900.0,7
0,liruisi,900.0,7
0,KellyWLJ,900.0,7
0,yuhaw,900.0,7
0,NATURAL6,900.0,7
0,gop2024,900.0,7
0,Little_Sheep_Yawn,900.0,7
0,xxxxx250,900.0,7
0,CuteCuteCute,900.0,7
0,Ecrade__,900.0,7
0,Est_x,900.0,7
0,yyyyxh,900.0,7
0,og.kostya,900.0,7
0,cnyzz,900.0,7
0,superjj,900.0,7
0,2005LSZ,900.0,7
0,HansLimon,900.0,7
0,lengyanze,900.0,7
0,DSCS2009,900.0,7
0,XSC062,900.0,7
0,myee,900.0,7
0,floweria,900.0,7
0,maroonrk,900.0,7
0,WHC-MIK-7521X,900.0,7
0,Akwamaryna,900.0,7
0,luotianze,900.0,7
0,erina,900.0,7
0,WrongAnswer_90,900.0,7
0,konjachzx,900.0,7
0,tsugu,900.0,7
0,DerekFeng,900.0,7
0,qmr_wa,900.0,7
0,jhdonghj112,900.0,7
0,tx344,900.0,7
0,Geo_01,900.0,7
0,MCAdam,900.0,7
0,Shukuang,900.0,7
0,r_q,900.0,7
0,schrodingerstom,900.0,7
0,wasa855,900.0,7
0,streek36,900.0,7
0,zac2010,900.0,7
0,RYANGSJ,900.0,7
0,ValenciaTravis,900.0,7
0,tfg,900.0,7
0,KissaLycoReco,900.0,7
0,MegaOwIer,900.0,7
0,Los_Angelos_Laycurse,900.0,7
0,njwrz,900.0,7
0,TOMCATa,900.0,7
0,shuiping233,900.0,7
0,frostaur_,900.0,7
0,lijunyi,900.0,7
0,hjl666,900.0,7
0,Gaoyc,900.0,7
0,CQXYM,900.0,7
0,Network_Error,900.0,7
0,laomazoukai,900.0,7
0,yangjz,900.0,7
0,A_Pikachu,900.0,7
0,yyandy,900.0,7
0,suyiheng,900.0,7
0,RenaMoe,900.0,7
0,Tyyyyyy,900.0,7
0,Celtic,900.0,7
0,wmxwmx,900.0,7
0,winging,900.0,7
0,Lenstar,900.0,7
0,lyfzxy1314,900.0,7
0,lcb9021,900.0,7
0,wxyww,900.0,7
0,Xun_Xiaoyao,900.0,7
0,eee_hoho,900.0,7
0,Kaguya_,900.0,7
0,water_fall,900.0,7
0,Gary2005,900.0,7
0,2020LiSiBo,900.0,7
0,Shik2005,900.0,7
0,Ignotus0,900.0,7
0,moqizhu2005,900.0,7
0,9Cirno,900.0,7
0,BaconLi,900.0,7
0,nofind,900.0,7
0,kunkun2007,900.0,7
0,No268435,900.0,7
0,_Josh__,900.0,7
0,Z-301,900.0,7
0,GS128,900.0,7
0,OIer1048576,900.0,7
0,world_top_1_AD_uzi,900.0,7
0,bulijiojiodibuliduo,900.0,7
0,kunyi,900.0,7
0,Wolam,900.0,7
0,Retired_xryjr233,900.0,7
0,yuyue,900.0,7
0,pengyixuan2007,900.0,7
0,0wen0wl,900.0,7
0,red_giant_bear,900.0,7
0,Remilia-Scarlet1,900.0,7
0,LGyxj,900.0,7
0,jz_597,900.0,7
0,honglan0301,900.0,7
0,zxfans,900.0,7
0,4c5948,900.0,7
0,LauraAskarbekova,900.0,7
0,ywli08,900.0,7
0,liuhengxi,900.0,7
0,installb,900.0,7
0,KonomoriKanon,900.0,7
0,cooluo,900.0,7
0,pengyantong,900.0,7
0,AngelKnows,900.0,7
0,Comet_Honeymoon,900.0,7
0,LRC07,900.0,7
0,Cmr,900.0,7
0,tacmon,900.0,7
0,tyringtrue,900.0,7
0,x_faraway_x,900.0,7
0,Enumerater,900.0,7
0,memset0c,900.0,7
0,progg_admin,900.0,7
0,BILL666,900.0,7
0,Yang_Rick,900.0,7
0,QaQw,900.0,7
0,GIFBMP,900.0,7
0,Paranoid-LS,900.0,7
0,cpp.sb2,900.0,7
0,dreamoon_love_AA,900.0,7
0,reechee,900.0,7
0,Runaway,900.0,7
0,ysy20021208,900.0,7
0,ganeshk2,900.0,7
0,yzc2005,900.0,7
0,crashed,900.0,7
0,Rolling_Code,900.0,7
0,D_F_S,900.0,7
0,LarrixAntofanin,900.0,7
0,_lazytag_,900.0,7
0,Corycle,900.0,7
0,ChillieGrace,900.0,7
0,wwt15,900.0,7
0,Zhanat,900.0,7
0,Disakuras,900.0,7
0,1124828077,900.0,7
0,yspm,900.0,7
0,tuxiaoxiao,900.0,7
0,rsy,900.0,7
0,Raymond_7,900.0,7
0,conzloi,900.0,7
0,dXqwq,900.0,7
0,Liuhunck,900.0,7
0,yht_boyfriend,900.0,7
0,__stick,900.0,7
0,Lovely_CatHxy,900.0,7
0,lcy-heart,900.0,7
0,wlj_ss,900.0,7
0,tanruidaociyiyou,900.0,7
0,M_sea,900.0,7
0,WanXiangYunB,900.0,7
0,tkz,900.0,7
0,lqx2005,900.0,7
0,Daniel_James20,900.0,7
0,realFZzzz,900.0,7
0,EVENBAO,900.0,7
0,jiangbowen_,900.0,7
0,HoanggDuc,900.0,7
0,2021cjx,900.0,7
0,Leonard,900.0,7
0,Zeardoe,900.0,7
0,s_r_f,900.0,7
0,keyijing,900.0,7
0,550576898,900.0,7
0,BF666,900.0,7
0,kid_magic,900.0,7
0,AristocratMarser,900.0,7
0,HaHeHyt,900.0,7
0,Warriors_fsy,900.0,7
0,HolyK,900.0,7
0,konata2828,900.0,7
0,StardustQ,900.0,7
0,su_da,900.0,7
0,ciuim,900.0,7
0,Legitimity,900.0,7
0,linmouren,900.0,7
0,bdfs_then_CSDN,900.0,7
0,yan_qiu_ynlchrz,900.0,7
0,Dilute,900.0,7
0,dark_light,900.0,7
0,Itsuka__Shido,900.0,7
0,jzp,900.0,7
0,3edc2wsx1qaz,900.0,7
0,gmh77,900.0,7
0,WeiSama,900.0,7
0,AmurAdonisHerb,900.0,7
0,-Cap1taL-,900.0,7
0,yangsonghan,900.0,7
0,gch0215,900.0,7
0,nkamzabek,900.0,7
0,Juanzhang,900.0,7
0,DRA,900.0,7
0,chen_zhe,900.0,7
0,krimzon,900.0,7
0,Zif,900.0,7
0,233333qz,900.0,7
0,peiwenjun,900.0,7
0,Kloze,900.0,7
0,RoFtaCD,900.0,7
0,trh0630,900.0,7
0,zhjxaoini,900.0,7
0,KbltQaQ,900.0,7
0,ShmilyTY,900.0,7
0,Pecuria,900.0,7
0,harryzhr,900.0,7
0,xyzzxy,900.0,7
0,Schucking_Sattin,900.0,7
0,ZillionX,900.0,7
0,prvocislo,900.0,7
0,zhendelan,900.0,7
0,KevinYao,900.0,7
0,Apachesunset,900.0,7
0,karinnnnn,900.0,7
0,ticmis,900.0,7
0,Xiaoxx,900.0,7
0,gucheng,900.0,7
0,AzZr_KZ,900.0,7
0,ZSR_,900.0,7
0,johnsonloy,900.0,7
0,dead_gun,900.0,7
0,weakpyt,900.0,7
0,qwqc,900.0,7
0,golikovnik,900.0,7
0,SenseAnone,900.0,7
0,nodgd,900.0,7
0,Elegia,900.0,7
0,Clein.qwq,900.0,7
0,Aqour,900.0,7
0,Kares,900.0,7
0,April_lie,900.0,7
0,lzqwq,900.0,7
0,Dr_Gilbert,900.0,7
0,EternalSinner,900.0,7
0,scw,900.0,7
0,Hazyknight,900.0,7
0,qiqi20021026,900.0,7
0,earthworm,900.0,7
0,yql123456,900.0,7
0,hht2005,900.0,7
0,clyzzhenghx,900.0,7
0,hychyc,900.0,7
0,Hongzy,900.0,7
0,wanghaoze,900.0,7
0,Chameleon216,900.0,7
0,Fracture-Dream,900.0,7
0,scimoon,900.0,7
0,tri,900.0,7
0,xhzz,900.0,7
0,C2020jzm,900.0,7
0,skyworld,900.0,7
0,Linshey,900.0,7
0,hhoppitree,900.0,7
0,Time_tears,900.0,7
0,DamianS,900.0,7
0,retah,900.0,7
0,zhangzizhuo2021,900.0,7
0,dqstz,900.0,7
0,masonpop,900.0,7
0,Tuanlinh123,900.0,7
0,XG0000,900.0,7
0,qiubobo,900.0,7
0,wl2024,900.0,7
0,liuzimingc,900.0,7
0,orzFromTWX,900.0,7
0,ZhanqiWang,900.0,7
0,Fan_sheng,900.0,7
0,Alan_Zhao,900.0,7
0,CarolinaMoura,900.0,7
0,interlude,900.0,7
0,Shine_hale,900.0,7
0,sunyx,900.0,7
0,husongjin,900.0,7
0,Rocket_Raccoon,900.0,7
0,skicean,900.0,7
0,lishujia090623,900.0,7
0,luogubot,900.0,7
0,wuminyippp,900.0,7
0,llloserqz,900.0,7
0,BPG_ning,900.0,7
0,Saule_,900.0,7
0,CQzhangyu,900.0,7
0,MCCF,900.0,7
0,howardyang,900.0,7
0,Mo_Han136,900.0,7
0,chunjiangchaoshui,900.0,7
0,Super_Cube,900.0,7
0,mxj_helen,900.0,7
0,hexagonwarrior,900.0,7
0,black_white_tony,900.0,7
0,YingLi_SF,900.0,7
0,zyc070419,900.0,7
0,qbf,900.0,7
0,c__z__m,900.0,7
0,W.jr.,900.0,7
0,CYJian,900.0,7
0,azukun,900.0,7
0,eecs,900.0,7
0,lyc1001,900.0,7
0,londono,900.0,7
0,tuliwei,900.0,7
0,hao911,900.0,7
0,Qiulyqwq,900.0,7
0,YunQian,900.0,7
0,chu_xueqwq,900.0,7
0,Neal_lee,900.0,7
0,__builtin_gjr,900.0,7
0,xuanxuan001,900.0,7
0,321625uzki,900.0,7
0,tzc_wk,900.0,7
0,hiwang123,900.0,7
0,chenziyi1,900.0,7
0,wangyian2022,900.0,7
0,QuantAsk,900.0,7
0,syx2567,900.0,7
0,lgswdn,900.0,7
0,Door_Dark_We,900.0,7
0,roySongyuerong,900.0,7
0,zuytong,900.0,7
0,Steven_Meng,900.0,7
0,platelet,900.0,7
0,Colinxu2020,900.0,7
0,xzsawq,900.0,7
0,tanjunming,900.0,7
0,Mickey-snow,900.0,7
0,yanghanyv,900.0,7
0,Lskkkno3,900.0,7
0,qhiuerwq6y98032qy,900.0,7
0,lxeason,900.0,7
0,awsxdrf,900.0,7
0,timefinder,900.0,7
0,Buzhibujue,900.0,7
0,Y25t,900.0,7
0,EtherStrike,900.0,7
0,Kidulthood,900.0,7
0,Lucky_Luo,900.0,7
0,DaiRuiChen007,900.0,7
0,81179332,900.0,7
0,fangzhijian2020,900.0,7
0,Harry_bh,900.0,7
0,limaopipi2022,900.0,7
0,Acestar,900.0,7
0,xfvoid,900.0,7
0,LJb00131,900.0,7
0,xwchen,900.0,7
0,jinqihao2026,900.0,7
0,DreamAct,900.0,7
0,jerry3128,900.0,7
0,Daniel_yuan,900.0,7
0,Trial_light,900.0,7
0,cannotdp,900.0,7
0,panshuo,900.0,7
0,disangan433,900.0,7
0,LYT0122,900.0,7
0,ChrysanthBlossom,900.0,7
0,Arya_Erin,900.0,7
0,BittersweetHerb,900.0,7
0,Ryan1234,900.0,7
0,QAQAutoMaton,900.0,7
0,xixike,900.0,7
0,ETO,900.0,7
0,laofudasuan,900.0,7
0,cyffff,900.0,7
0,A_liao,900.0,7
0,chenkuowen,900.0,7
0,sshwyR,900.0,7
0,wjq1234567,900.0,7
0,Sunflowertiii,900.0,7
0,yzz162534,900.0,7
0,AzusaCat,900.0,7
0,mydcwfy,900.0,7
0,zhangzy,900.0,7
0,du0lu0lu0,900.0,7
0,Kubic,900.0,7
0,cxcyl,900.0,7
0,yanchengzhi,900.0,7
0,leihonglongyin,900.0,7
0,delta_X,900.0,7
0,joker114514,900.0,7
0,bachbeo2007,900.0,7
0,eiruty,900.0,7
0,mnbvmar,900.0,7
0,zcxxn,900.0,7
0,qazswedx2,900.0,7
0,hehezhou,900.0,7
0,catherineee.,900.0,7
0,lifan123,900.0,7
0,Benzenesir,900.0,7
0,Gassa,900.0,7
0,Rainy7,900.0,7
0,Retired_Isaunoya,900.0,7
0,wh_bestwyj,900.0,7
0,Aria_Math,900.0,7
0,linyihdfj,900.0,7
0,xusuyang,900.0,7
0,XingChenGG,900.0,7
0,KurisuMakise,900.0,7
0,Raisetsu,900.0,7
0,Xeniarahc,900.0,7
0,JokerSmile,900.0,7
0,shaochengxi,900.0,7
0,pty6666,900.0,7
0,sdjk,900.0,7
0,AloneKnight,900.0,7
0,mlby,900.0,7
0,Sedmoklasnikut,900.0,7
0,Crying,900.0,7
0,Alice_Cartelet,900.0,7
0,sancho,900.0,7
0,DJRzjl,900.0,7
0,Liveddd,900.0,7
0,umbrella-leaf,900.0,7
0,RainAir,900.0,7
0,tkswls,900.0,7
0,orbitingflea,900.0,7
0,lhy123,900.0,7
0,LoiDak,900.0,7
0,LJF007,900.0,7
0,csyakuoi,900.0,7
0,Saquariu,900.0,7
0,AcceptedPower,900.0,7
0,chen_03,900.0,7
0,Omiya_Shinobu,900.0,7
0,LinkWish,900.0,7
0,mbrc,900.0,7
0,NanamiChiaki_,900.0,7
0,ChthollyNotaSeniorious,900.0,7
0,orzdevinwang,900.0,7
0,Suffix_Sum,900.0,7
0,Journeys,900.0,7
0,xythq,900.0,7
0,thomaswmy,900.0,7
0,haoren258,900.0,7
0,hjsjhn,900.0,7
0,Komodo2006,900.0,7
0,Sumi007,900.0,7
0,kkw_zsz,900.0,7
0,shuyingte,900.0,7
0,X_qaeq,900.0,7
0,becoderjudge1,900.0,7
0,LM_qwq,900.0,7
0,Starlit,900.0,7
0,liji,900.0,7
0,CN_Air.,900.0,7
0,B0b_114514,900.0,7
0,-Complex-,900.0,7
0,Noobism27,900.0,7
0,Werner_Yin,900.0,7
0,Tian_Xing,900.0,7
0,orz_z,900.0,7
0,yoy68,900.0,7
0,LXH-cat,900.0,7
0,ReineRabbit,900.0,7
0,unordered_multiset,900.0,7
0,zhouziheng,900.0,7
0,nghitenkhoqua,900.0,7
0,xyf007,900.0,7
0,pyk278107,900.0,7
0,gbk001,900.0,7
0,yijan,900.0,7
0,p_b_p_b,900.0,7
0,flmast,900.0,7
0,CyanSineSin,900.0,7
0,bestFy,900.0,7
0,swiftc,900.0,7
0,fengqiyuka,900.0,7
0,meteor,900.0,7
0,Ecrade_,900.0,7
0,Als123,900.0,7
0,Peanut.Tang,900.0,7
0,radoslav11,900.0,7
0,step5,900.0,7
0,zhangtingxi123,900.0,7
0,henryhuyuheng,900.0,7
0,Endagorion,900.0,7
0,qiuzx,900.0,7
0,blackEarth,900.0,7
0,zzctommy,900.0,7
0,ix35,900.0,7
0,gsn531,900.0,7
0,dlhham,900.0,7
0,Crescent_,900.0,7
0,albert96,900.0,7
0,Starline,900.0,7
0,sunkuangzheng,900.0,7
0,LiuYu_penguin,900.0,7
0,142857,900.0,7
0,sunkaihuan,900.0,7
0,1251212203,900.0,7
0,________tourist________,900.0,7
0,TQX,900.0,7
0,xlwang,900.0,7
0,ZYF_B,900.0,7
0,yuruitsukiko,900.0,7
0,abv3Rpkg,900.0,7
0,RealMikeDuke,900.0,7
0,ExCrement,900.0,7
0,cqbzhwj,900.0,7
0,xlpg080713,900.0,7
0,iterater,900.0,7
0,Binary_Search_Tree,900.0,7
0,Anonyme,900.0,7
0,xiaoziya,900.0,7
0,lhm_,900.0,7
0,xuziyuan,900.0,7
0,MinakoKojima,900.0,7
0,TulipeNoire,900.0,7
0,Xing_Ling,900.0,7
0,bbbqqq,900.0,7
0,wh31110,900.0,7
0,aka.Sohieb,900.0,7
0,molamola.,900.0,7
0,SpadeZ,900.0,7
0,Dolphin_,900.0,7
0,vincent163,900.0,7
0,stntn,900.0,7
0,vgakbzc,900.0,7
0,Alan.sp,900.0,7
0,wsyhb,900.0,7
0,RPChe_,900.0,7
0,windy_k,900.0,7
0,Slaaava,900.0,7
0,data_h,900.0,7
0,Sterling7,900.0,7
0,lijunhan,900.0,7
0,wygzgyw,900.0,7
0,punchit,900.0,7
0,hanguandong,900.0,7
0,Salty__fish,900.0,7
0,Hs-Black,900.0,7
0,zsj6315,900.0,7
0,cqbz_xsh,900.0,7
0,ofcoursenotsh,900.0,7
0,SlavaSSU,900.0,7
0,Eric_hooo,900.0,7
0,spacevortex,900.0,7
0,mizu163,900.0,7
0,qwerty787788,900.0,7
0,Grealish10,900.0,7
0,Anuiel.,900.0,7
0,zhouhuanyi,900.0,7
0,tanwenli,900.0,7
0,jockbutt,900.0,7
0,zzxLLL,900.0,7
0,Mirage_Insane,900.0,7
0,daminho,900.0,7
0,01191020csl,900.0,7
0,programmingysx,900.0,7
0,Dfkdsmbd,900.0,7
0,TankEngineer,900.0,7
0,zimpha,900.0,7
0,1443356159,900.0,7
0,afuafu,900.0,7
0,_Tish_system,900.0,7
0,_Ali_,900.0,7
0,ying_xue,900.0,7
0,One_Zzz,900.0,7
0,Chthollypipishan,900.0,7
0,jiaosiyuan,900.0,7
0,Super_Cute,900.0,7
0,OIshima,900.0,7
0,gaobeifan2022,900.0,7
0,tolkhyn,900.0,7
0,yanyutao,900.0,7
0,zh_dou,900.0,7
0,yangshaoqi,900.0,7
0,Pineapplello,900.0,7
0,RiKang,900.0,7
0,mango09,900.0,7
0,exxqfu,900.0,7
0,weng_233,900.0,7
0,Smallbasic,900.0,7
0,Strelitzia_,900.0,7
0,SrO,900.0,7
0,ahihi1234,900.0,7
0,ieeqwq,900.0,7
0,starslight,900.0,7
0,iqqewe,900.0,7
0,llingy,900.0,7
0,_LiMLE_,900.0,7
0,sgc_KrySF,900.0,7
0,L7-56,900.0,7
0,Neutralised,900.0,7
0,Rivaille_Ackerman,900.0,7
0,Daas,900.0,7
0,awaqwqwqawa,900.0,7
0,CrTsIr,900.0,7
0,cold_chair,900.0,7
0,zayin_std,900.0,7
0,negative1,900.0,7
0,Chancylaser,900.0,7
0,Xtttttr,900.0,7
0,CloudWings,900.0,7
0,zdd123,900.0,7
0,SodiumCl10,900.0,7
0,chenshi028,900.0,7
0,Zesty_Fox,900.0,7
0,hogloid,900.0,7
0,Gemini7X,900.0,7
0,ddxrS,900.0,7
0,yuanzhenxuan,900.0,7
0,LastDance,900.0,7
0,Egg_eating_master,900.0,7
0,maxyzfj,900.0,7
0,CQYZWJH,900.0,7
0,Raymondzll,900.0,7
0,command_block,900.0,7
0,AL_fly,900.0,7
0,zhongpeilin,900.0,7
0,allitnicS,900.0,7
0,zjy2008,900.0,7
0,_int32,900.0,7
0,Violet_Snow,900.0,7
0,wk_tzc,900.0,7
0,WenzhouEnoch,900.0,7
0,Krystallos,900.0,7
0,donghanwen,900.0,7
0,Alpha_shr_,900.0,7
0,newbiegcz,900.0,7
0,LeonardLiu,900.0,7
0,zdc123456,900.0,7
0,Syzygy12,900.0,7
0,cqbztl,900.0,7
0,Z18,900.0,7
0,Wuyanru,900.0,7
0,taozhilin,900.0,7
0,supperpiggy,900.0,7
0,AzureHair,900.0,7
0,strange757,900.0,7
0,KaguyaH,900.0,7
0,luanmenglei,900.0,7
0,xiaoyaowudi,900.0,7
0,tamref,900.0,7
0,WaterSL,900.0,7
0,BreakPlus,900.0,7
0,Little_golden_fish,900.0,7
0,VerakinT,900.0,7
0,imzzy,900.0,7
0,profi,900.0,7
0,2021zll,900.0,7
0,samohttac,900.0,7
0,jiangly5307,900.0,7
0,faith_xy,900.0,7
0,sioo_,900.0,7
0,sunzz3183,900.0,7
0,skydogli,900.0,7
0,Castilian,900.0,7
0,houzhiyuan123,825.0,7
0,Rojo,825.0,7
0,VincentBoy,825.0,7
0,chenbin1,825.0,7
0,1L1YA,825.0,7
0,Dibagger,825.0,7
0,wrong_answer_on_19260817,825.0,7
0,CWD4RKC0D3R,825.0,7
0,lxylluvio,825.0,7
0,Tu_Nguyen,825.0,7
0,SnowyJone,825.0,7
0,AlefHeKaaf,825.0,7
0,duongtnhat,825.0,7
0,ladan,825.0,7
0,aditya1495,825.0,7
0,Tet,825.0,7
0,Andreasyan,825.0,7
0,I_Love_Tina,825.0,7
0,Bahamin,825.0,7
0,SliferSkyd,825.0,7
0,fengsuiyan,825.0,7
0,Jimanbanashi,825.0,7
0,NimaAryan,825.0,7
0,koyumeishi,825.0,7
0,vito1036,825.0,7
0,AmirAli-Asgari,825.0,7
0,cheetose,825.0,7
0,MaryamG,825.0,7
0,ParsaF,825.0,7
0,ParsaEs,825.0,7
0,SHOToRSAVARE_KAZEMSHAHR,825.0,7
0,mosaev,825.0,7
0,Hasti_K,825.0,7
0,Mahdi_Jfri,825.0,7
0,ngpin04,825.0,7
0,Savaw,825.0,7
0,KiaRez,825.0,7
0,mani2006,825.0,7
0,arvindf232,825.0,7
0,Rusu,825.0,7
0,No0oB,825.0,7
0,Arshi,825.0,7
0,romi_sahari,825.0,7
0,Ruki,825.0,7
0,nfssdq,825.0,7
0,Keshi,825.0,7
0,Shayan_Shirazi,825.0,7
0,Rahul,825.0,7
0,Gauss,825.0,7
0,juntaaa,825.0,7
0,fzx,825.0,7
0,sagorika1996,825.0,7
0,Ivre,825.0,7
0,Mine_King,825.0,7
0,ray_bb,825.0,7
0,wyxourlove,825.0,7
0,I_love_Lindsay,825.0,7
0,arash.,825.0,7
0,shivamd,825.0,7
0,Arnch,825.0,7
0,dorostmishe,825.0,7
0,AaParsa,825.0,7
0,Zorattt,825.0,7
0,ArashJafariyan,825.0,7
0,thanh-nghia,825.0,7
0,crowworks695,825.0,7
0,renegade_warrior,825.0,7
0,jason_yu,825.0,7
0,pooya-shams,825.0,7
0,Crucian,825.0,7
0,hamidh100,825.0,7
0,ender_shayan,825.0,7
0,davooddkareshki,825.0,7
0,aurinegro,750.0,7
0,ed1d1a8d,750.0,7
0,Potassium,750.0,7
0,MetalPower,750.0,7
0,LiuXingJian,750.0,7
0,CNWSYCF,750.0,7
0,HYDROXIDE,750.0,7
0,letsbe,750.0,7
0,BhaskarTM,750.0,7
0,Forsaken2021,750.0,7
0,CheckCheck007,750.0,7
0,kost,750.0,7
0,stOyingxue-dog,750.0,7
0,kintakku,750.0,7
0,efaloona12138,750.0,7
0,gughudu12138,750.0,7
0,Yukii,750.0,7
0,djwj233,750.0,7
0,suxxsfe,750.0,7
0,New_Handle_,750.0,7
0,Slav9n,750.0,7
0,Ragdoll,750.0,7
0,hylhyl,750.0,7
0,xiaobuxie,750.0,7
0,cutekibry,750.0,7
0,misztsu,750.0,7
0,wa1tz719,750.0,7
0,mekaushalmittal,750.0,7
0,uikos,750.0,7
0,wo_,750.0,7
0,lycc,750.0,7
0,naij,750.0,7
0,fahizil12138,750.0,7
0,maxplus,750.0,7
0,Tiagodfs,750.0,7
0,shuidi,750.0,7
0,SakurakoujiRuna,750.0,7
0,daoquanglinh2k7,750.0,7
0,sunnygreen,750.0,7
0,victoragnez,750.0,7
0,wind_whisper,750.0,7
0,Yakumo_Ran,750.0,7
0,hotboy2703,750.0,7
0,-w-,750.0,7
0,wsc2008qwq,750.0,7
0,liangbowen,750.0,7
0,prashik856,750.0,7
0,Viktor_Terziev,750.0,7
0,Challenge_Recorder,750.0,7
0,BananaTree,750.0,7
0,Linkus,750.0,7
0,1406100039,750.0,7
0,darkhh,750.0,7
0,Noam527,750.0,7
0,plus1ironwoodbranch,750.0,7
0,chenjiaxuan,750.0,7
0,lamduybao03,750.0,7
0,huangxiaohua,750.0,7
0,treggit,750.0,7
0,black_pearl98,750.0,7
0,optimus_prime_115,750.0,7
0,fruwajacybyk,750.0,7
0,rowdark,750.0,7
0,emorgan,750.0,7
0,Gullesnuffs,750.0,7
0,darkkcyan,750.0,7
0,uwufusdo12138,750.0,7
0,Cirno_9baka,750.0,7
0,WuHongxun,750.0,7
0,aaaaajack,750.0,7
0,Hoshi08,750.0,7
0,YuukaKazami,750.0,7
0,pucks856,750.0,7
0,weiszago,750.0,7
0,BrianKuo,750.0,7
0,syc123,750.0,7
0,MrDindows,750.0,7
0,jerry,750.0,7
0,chen_zida,750.0,7
0,Joker_Poker,750.0,7
0,fsociety00,750.0,7
0,CN__james1,750.0,7
0,love_master,750.0,7
0,HackerTina,750.0,7
0,JinTianHao,750.0,7
0,joshjms,750.0,7
0,Mr_Zms,750.0,7
0,RadwanAbuOdeh,750.0,7
0,quizqueen,750.0,7
0,fraud,750.0,7
0,marx97,750.0,7
0,how_to_become_purple,750.0,7
0,Sakuyalove,750.0,7
0,kopok2,750.0,7
0,dnvtmf,750.0,7
0,Anonymous_Noob,750.0,7
0,osama,750.0,7
0,alexbabalau,750.0,7
0,Life.1s.Suck,750.0,7
0,AlyGamal21,750.0,7
0,lvkaiyi0811,750.0,7
0,Vlad_kv,750.0,7
0,Kvark161,750.0,7
0,W4yneb0t,750.0,7
0,Chapecoense,750.0,7
0,wxh0l0910,750.0,7
0,ayushpatel115,750.0,7
0,HeHere,750.0,7
0,arbcrt040,750.0,7
0,ZJiaQ,750.0,7
0,peter.sh.p,750.0,7
0,ujzwt4it,750.0,7
0,yan.silva,750.0,7
0,slavik,750.0,7
0,glebushka98,750.0,7
0,Hassan_Cena,750.0,7
0,Normie28,750.0,7
0,KLNSncn,675.0,7
0,maratonando3,675.0,7
0,Dark,675.0,7
0,Abraham,675.0,7
0,bonk,675.0,7
0,Hiasat,675.0,7
0,DonMichael,675.0,7
0,Jonothor_Darry,675.0,7
0,behradmollaee,675.0,7
0,memset123,675.0,7
0,BotanIQ,675.0,7
0,mkisic,675.0,7
0,Mohammadreza_mz,675.0,7
0,TahsinEnesKuru,675.0,7
0,_Rampage_,675.0,7
0,omidazadi,675.0,7
0,shiva_r31,675.0,7
0,Juniorandrade,675.0,7
0,Malek_,675.0,7
0,Emma194,675.0,7
0,HandIeNeeded,675.0,7
0,litiantian,675.0,7
0,spj_29,675.0,7
0,IHaveInt,675.0,7
0,youknowmyname,675.0,7
0,zyeric,675.0,7
0,oh_my_shy,675.0,7
0,wjli,675.0,7
0,al3x.andronache,675.0,7
0,thiago_bastos,675.0,7
0,usernameson,675.0,7
0,Owmicron,675.0,7
0,AC_AR,525.0,7
0,izhang,525.0,7
0,Capitan,525.0,7
0,mianyang01,525.0,7
0,KrisjanisP,525.0,7
0,OPG,525.0,7
0,strange_r,525.0,7
0,harshil,525.0,7
0,Zachary_Gao,525.0,7
0,vrohak,525.0,7
0,FizzyDavid,525.0,7
0,sugim48,525.0,7
0,ibrahim992,525.0,7
0,coolplum,525.0,7
0,huyhasun,525.0,7
0,wxt1221,525.0,7
0,fangbo,525.0,7
0,denisiuk_yana,525.0,7
0,Dragos,525.0,7
0,zeehow,525.0,7
0,__C__,525.0,7
0,xtalclr,525.0,7
0,Pazio,525.0,7
0,DonMaestro,525.0,7
0,Jadebo1,525.0,7
0,IMAN_GH,525.0,7
0,ema,525.0,7
0,AlexandruVlad,525.0,7
0,xiaowenzi,525.0,7
0,ghoul932,525.0,7
0,dux5,525.0,7
0,_Fake4Fun,525.0,7
0,maximumSHOT,525.0,7
0,fsouza,525.0,7
0,Q612,525.0,7
0,Shayan86,525.0,7
0,Sanazmgh,525.0,7
0,fvogel,525.0,7
0,dimcam,525.0,7
0,LisaMinci,525.0,7
0,abc568568,525.0,7
0,a757403,525.0,7
0,rajat1603,525.0,7
0,lemur,525.0,7
0,jrarias,525.0,7
0,Agnus,525.0,7
0,Superposition,525.0,7
0,bsnipers,525.0,7
0,gohan95,525.0,7
0,yuanruiqi,525.0,7
0,shllhs,525.0,7
0,Opuntia9622,525.0,7
0,Drimpossible,525.0,7
0,Savior-of-Cross,525.0,7
0,mhankin,525.0,7
0,dmraykhan,525.0,7
0,blatuitorulmlc,525.0,7
0,Maycon_708,525.0,7
0,Anti-Light,525.0,7
0,exzang,525.0,7
0,svkurochkin,525.0,7
0,viktorov,525.0,7
0,Cothrax,525.0,7
0,egoist,525.0,7
0,acscript,525.0,7
0,Scano,525.0,7
0,kia.masster,525.0,7
0,DarkSword,525.0,7
0,nn020701,525.0,7
0,tourist,525.0,7
0,mdpfeifer,525.0,7
0,ZhaoYvDr,525.0,7
0,itisalways42,525.0,7
0,hhhw,525.0,7
0,Lovejindi,525.0,7
0,Sarvagna_30405,525.0,7
0,ZsibbadtKubikus,525.0,7
0,SoberDreamer,525.0,7
0,cemil1234,525.0,7
0,reus,525.0,7
0,Francesc_Apaza,525.0,7
0,AliiSh,525.0,7
0,inszva,525.0,7
0,Jerry__Jiang,525.0,7
0,NikSsh,525.0,7
0,Tanzir5,525.0,7
0,RobeZH,525.0,7
0,mrsam,525.0,7
0,Kewo,525.0,7
0,nima.,525.0,7
0,Kmcode,525.0,7
0,LiuRunkY,525.0,7
0,daijoub_dattebayo,525.0,7
0,i_love_ag,525.0,7
0,wang639026,525.0,7
0,Aryan,525.0,7
0,dagon,525.0,7
0,lab104_wangshuo,525.0,7
0,Edlue,525.0,7
0,davorpr1,525.0,7
0,cjldl,525.0,7
0,dohyun0324,525.0,7
0,VIIIIIIVX,525.0,7
0,xtd,525.0,7
0,DRERY,525.0,7
0,NanoApe,525.0,7
0,sdnr1,525.0,7
0,cerberus97,525.0,7
0,Duc,525.0,7
0,xcmgqcdlz,525.0,7
0,fresh_sc,525.0,7
0,Auster,525.0,7
0,cos45o,525.0,7
0,codeforces111672,525.0,7
0,natsugiri,525.0,7
0,zlc1114,525.0,7
0,hzr20080325,525.0,7
0,Age_of_CPP_Empires,525.0,7
0,decade-,525.0,7
0,subhajitgorai,525.0,7
0,dmga44,525.0,7
0,davidtalamas,525.0,7
0,yf1994,525.0,7
0,Lynstery,525.0,7
0,sister_what_hate_most,525.0,7
0,behnood,525.0,7
0,mxh1999,525.0,7
0,DJeniUp,525.0,7
0,vazzu,525.0,7
0,Lint,525.0,7
0,Chrisedyong,525.0,7
0,Aragon_Gt,525.0,7
0,H_a_n,525.0,7
0,Hell2Evator,525.0,7
0,Misha100896,525.0,7
0,WKUZHPKB,525.0,7
0,nguot,525.0,7
0,JunBinLiang,525.0,7
0,nikolapesic2802,525.0,7
0,M998244353,525.0,7
0,WRKRW,525.0,7
0,nomeaning,525.0,7
0,longbiau,525.0,7
0,sad,525.0,7
0,stoyan_malinin,525.0,7
0,ButterflyDew,525.0,7
0,qiyue,525.0,7
0,AnandOza,525.0,7
0,AFrAYuRmbrM,525.0,7
0,Tricopter,525.0,7
0,osson1,525.0,7
0,Yukine_Chris,525.0,7
0,11.11,525.0,7
0,talant,525.0,7
0,imrusty,525.0,7
0,mjguru,525.0,7
0,tarche,525.0,7
0,zacharychao,525.0,7
0,ingress,525.0,7
0,spartanes,525.0,7
0,lybzscyzb,525.0,7
0,tmt514,525.0,7
0,black_moon,525.0,7
0,skylee,525.0,7
0,Powerslave,525.0,7
0,ru12345,525.0,7
0,1970966462,525.0,7
0,RoyalLin,525.0,7
0,Fop_zzZ,525.0,7
0,woyouzui,525.0,7
0,Nidja,525.0,7
0,huantwofat,525.0,7
0,phibrain,525.0,7
0,Sky_walkerL,525.0,7
0,White_Devil,525.0,7
0,Shinkiw,525.0,7
0,RienNotox,525.0,7
0,oyldz93,525.0,7
0,bph443,525.0,7
0,vector.beginning_of_OI,525.0,7
0,Gediminas,525.0,7
0,Kai29,525.0,7
0,Sloan_oneyy,525.0,7
0,Iliya-Aghazadeh,525.0,7
0,Karim53,525.0,7
0,Dove1242,525.0,7
0,max6333,525.0,7
0,Honey_Badger,525.0,7
0,McGinn,525.0,7
0,timber_wanglu,525.0,7
0,PurpleCrayon,525.0,7
0,tixdim.on,525.0,7
0,zhzh2001,525.0,7
0,DanielChang,525.0,7
0,jyx,525.0,7
0,iaojnh,525.0,7
0,a654889339,525.0,7
0,nosolodkov,525.0,7
0,sesemi,525.0,7
0,GCC314,525.0,7
0,AceHunter,525.0,7
0,maxnguyen,525.0,7
0,radal,525.0,7
0,Implict,525.0,7
0,LittleBeetle,525.0,7
0,Milanin,525.0,7
0,tabasz,525.0,7
0,nightlight,525.0,7
0,Awa149,525.0,7
0,wuyouwulv,525.0,7
0,SW_Wind,525.0,7
0,Ivan_Filippov,525.0,7
0,Rahan_Hematinejad,525.0,7
0,TokaiHachimi,525.0,7
0,Mr_Cak,525.0,7
0,FelixArg,525.0,7
0,jzqjzq,525.0,7
0,BvoJa,525.0,7
0,quanmcvn,525.0,7
0,Ferathorn,525.0,7
0,Rogue33,525.0,7
0,KK_Mr.BEAN,525.0,7
0,dj3500,525.0,7
0,happystar,525.0,7
0,shahmah,525.0,7
0,Policarpo,525.0,7
0,lxrtxdy,525.0,7
0,NinjaDragon,525.0,7
0,lsxhyyds,525.0,7
0,randomstr,525.0,7
0,stars,525.0,7
0,L.L.,525.0,7
0,gggl,525.0,7
0,Lyde,525.0,7
0,Soorati,525.0,7
0,Neymar-Jr,525.0,7
0,Eldervald,525.0,7
0,Wee-Lad,525.0,7
0,zyding,525.0,7
0,333zhan,525.0,7
0,SYury,525.0,7
0,Boris_Yakunin,525.0,7
0,alwayswimmin,525.0,7
0,atanughosh01,525.0,7
0,Silence.,525.0,7
0,dwjshift,525.0,7
0,Be_dos,525.0,7
0,liangzai741,525.0,7
0,usaxena95,525.0,7
0,Creeper_l,525.0,7
0,Ted_hjl,525.0,7
0,Duxar,525.0,7
0,LZHlzh,525.0,7
0,mocongyi,525.0,7
0,Michael_Zhang,525.0,7
0,er888kh,525.0,7
0,ifffer_2137,450.0,7
0,computerbox,450.0,7
0,Zearot,450.0,7
0,ZeRoGerc,450.0,7
0,MojtabaSh,450.0,7
0,3_Problems_Everyday,450.0,7
0,aniket20,450.0,7
0,Ankit_132,450.0,7
0,pro_30,450.0,7
0,FulopMate,450.0,7
0,CLion,450.0,7
0,Parisa.Razzazi,450.0,7
0,lnzva,450.0,7
0,orzsd0061,450.0,7
0,Mohtasim,450.0,7
0,Alienware-rv,450.0,7
0,Benjamin_Jin,450.0,7
0,AmirhosseinAssar,450.0,7
0,MOon_Or,450.0,7
0,M_A_Abbasi,450.0,7
0,noor148,450.0,7
0,ar88lo,450.0,7
0,ljc940218,450.0,7
0,JohStraat,450.0,7
0,HIT_Attacker,450.0,7
0,dkjsfkhg,450.0,7
0,s34vv1nd,450.0,7
0,NUOUN,450.0,7
0,HSH1385,450.0,7
0,vjudge999,450.0,7
0,S.Fattahifar,450.0,7
0,abj,450.0,7
0,fiter,450.0,7
0,geekSoul1,450.0,7
0,yurboss,450.0,7
0,BrokenDreACM,450.0,7
0,kmjp,450.0,7
0,lehar1621,450.0,7
0,Nargess-Seifi,450.0,7
0,scf0920,450.0,7
0,Ronnith,450.0,7
0,Ghulam_Junaid,450.0,7
0,Mahir83,450.0,7
0,kal013,450.0,7
0,faisal47,450.0,7
0,kataki,450.0,7
0,TranCongDuy,450.0,7
0,Setytousi,450.0,7
0,Karan2116,450.0,7
0,SMani24,450.0,7
0,CKant787,450.0,7
0,inutard,450.0,7
0,ilia_rr,450.0,7
0,Live_Forever,450.0,7
0,abhishek1995,450.0,7
0,Gilmour,450.0,7
0,NikaraBika,450.0,7
0,fwm94,450.0,7
0,cool_handle_much_wow,450.0,7
0,TianJianXing,450.0,7
0,hsnprsd,450.0,7
0,amiralisalimi,450.0,7
0,AS.82,450.0,7
0,zhicheng,450.0,7
0,Pedrohso,450.0,7
0,puneet_08,450.0,7
0,GennadiySosnov,450.0,7
0,mahbubcseju,450.0,7
0,_index,450.0,7
0,lunawyll,450.0,7
0,Omega1,450.0,7
0,dhuacm9,450.0,7
0,abdelkarim,450.0,7
0,NMR,450.0,7
0,tribute_to_Ukraine_2022,450.0,7
0,-Sara-,450.0,7
0,Kahou,450.0,7
0,Astreb,450.0,7
0,Matjaz,450.0,7
0,Mohammad.gholamzade,450.0,7
0,AliShahali1382,450.0,7
0,DmitriyH,450.0,7
0,gaporf,450.0,7
0,trawiser,450.0,7
0,Adibov,450.0,7
0,shubhamvijay,450.0,7
0,get.schwifty,450.0,7
0,The-Legend,450.0,7
0,haskaran,450.0,7
0,amirhossein.sana,450.0,7
0,step_by_step,450.0,7
0,Kudai,450.0,7
0,zjs22,450.0,7
0,franekmat,450.0,7
0,codekode,450.0,7
0,Si_jo,450.0,7
0,imprtant,450.0,7
0,Sogol,450.0,7
0,citytourist,450.0,7
0,mramanpandey,450.0,7
0,HarveyCipher,450.0,7
0,mohammadrobot,450.0,7
0,Esquire,450.0,7
0,hasanb,450.0,7
0,qingczha,450.0,7
0,MAMBA,450.0,7
0,E404_Not_Found,450.0,7
0,erfan._.m,450.0,7
0,fatemetmhr,450.0,7
0,Sobzi,450.0,7
0,chenyanxi,450.0,7
0,Origims,450.0,7
0,Neutralzz,450.0,7
0,heheniyilian,450.0,7
0,awoo,450.0,7
0,Corvus,450.0,7
0,am.azadi,450.0,7
0,arjunsanjeev7,450.0,7
0,m.Sina,450.0,7
0,_Ramtin_,450.0,7
0,mogu,450.0,7
0,GANGSTER,450.0,7
0,bert30702,450.0,7
0,kianaRZV,450.0,7
0,SamMHD,450.0,7
0,Armita.Alimardani,450.0,7
0,Encrypter23,450.0,7
0,waynetuinfor,450.0,7
0,Copper,450.0,7
0,pipitongkw2,450.0,7
0,PEDY4000,450.0,7
0,newbeginBKB,450.0,7
0,vanyak999,450.0,7
0,animeshf,450.0,7
0,Test2311,450.0,7
0,KMAASZRAA,450.0,7
0,Qazall,450.0,7
0,goovie,450.0,7
0,iShibly,450.0,7
0,Sersawy,450.0,7
0,biltharesatyendra,450.0,7
0,leloy,450.0,7
0,limabeans,450.0,7
0,yswon,450.0,7
0,aditya09,450.0,7
0,Litini,450.0,7
0,aj95,450.0,7
0,DenjellBoone,450.0,7
0,russian_proger,450.0,7
0,Maulik_Patel,450.0,7
0,Hachiikung,450.0,7
0,liyh,450.0,7
0,Airths,450.0,7
0,Ali.Kh,450.0,7
0,IZAZ_ULLAH,450.0,7
0,saurabhs1206,450.0,7
0,Prateek1996,450.0,7
0,Artemis.Fowl,450.0,7
0,thunderking,450.0,7
0,PAP,450.0,7
0,yusufk,450.0,7
0,ToTLeS,450.0,7
0,Negar,450.0,7
0,diegoximenes,450.0,7
0,dhruvsrivastava,450.0,7
0,Neroo,450.0,7
0,Hacb,450.0,7
0,kshitijg9899,450.0,7
0,koala_bear00,450.0,7
0,hayoung0_0,450.0,7
0,Aditya_2004,450.0,7
0,usingtc,450.0,7
0,vcoprun,450.0,7
0,JamesQi,450.0,7
0,Kirito0,450.0,7
0,bluemmb,450.0,7
0,Atalasion,450.0,7
0,Tarun_19,450.0,7
0,fatemeh1384,450.0,7
0,adityadixit123,450.0,7
0,raj2795,450.0,7
0,ImaniAm,450.0,7
0,Nobel_ruettt,450.0,7
0,sahasumit288,450.0,7
0,SF-Manman,450.0,7
0,balalaika,450.0,7
0,nimaebrazeh,450.0,7
0,saynaaa,450.0,7
0,oloy,450.0,7
0,Reference,450.0,7
0,I_Love_Hanh_Trinh,450.0,7
0,AK.,450.0,7
0,sultan.of.swing,450.0,7
0,sgtlaugh,450.0,7
0,Dalgerok,450.0,7
0,caoaman,450.0,7
0,rajeevkgp,450.0,7
0,Davood,450.0,7
0,armaan,450.0,7
0,Pouyaaan,450.0,7
0,BinaryBoy,450.0,7
0,Beibars,450.0,7
0,mohamedramadan2515,450.0,7
0,Mrym.Rhmni,450.0,7
0,tenshi_kanade,450.0,7
0,OmaeWaMouShenDeiru,450.0,7
0,yashkumar18,450.0,7
0,IcyGirl,450.0,7
0,asdfghjl,450.0,7
0,FatemehA,450.0,7
0,S_Samchenko,450.0,7
0,.___..__,450.0,7
0,Archer_x,450.0,7
0,Sabbir1807070,450.0,7
0,dionysios,450.0,7
0,monera,450.0,7
0,NiuBiWaiWai,450.0,7
0,ileasile,450.0,7
0,lkdmhy,450.0,7
0,BogdanSt,450.0,7
0,tokers,450.0,7
0,alibaba,450.0,7
0,YouKn0wWho,450.0,7
0,Na2a,450.0,7
0,chaoszh,450.0,7
0,Carmel_Ab1,450.0,7
0,LordWorm,450.0,7
0,tanmayc25,450.0,7
0,PedramAghazadeh,450.0,7
0,9658,450.0,7
0,JHSN,450.0,7
0,rex321,450.0,7
0,_Nadaf_,450.0,7
0,noomaK,450.0,7
0,Ivanovichelovek,450.0,7
0,mayoko,450.0,7
0,Kalam,450.0,7
0,xarr,450.0,7
0,Bation_King,450.0,7
0,k1nval,450.0,7
0,DimonK,450.0,7
0,cuiaoxiang,450.0,7
0,abhi1agarwal,450.0,7
0,anshkhanna7,450.0,7
0,Mabroc,450.0,7
0,puriatc10,450.0,7
0,drinkWater.,450.0,7
0,colin_ni,450.0,7
0,negar_a,450.0,7
0,Jacklovethree,450.0,7
0,Heart_Blue,450.0,7
0,aloksharma,450.0,7
0,2360,450.0,7
0,j1k7_7,450.0,7
0,hongquanntct,450.0,7
0,Waldis,450.0,7
0,min.O_O,450.0,7
0,EdElric,450.0,7
0,pushpendra1997,450.0,7
0,wust_mengzhennan,450.0,7
0,M.Aladdin,450.0,7
0,ghazouani92,450.0,7
0,rsola,450.0,7
0,xuanji,450.0,7
0,zol,450.0,7
0,Lost,450.0,7
0,apoorv_kulsh,450.0,7
0,CyberZHG,450.0,7
0,ibahadir.altun,450.0,7
0,ItsRyuk,450.0,7
0,trsriram,450.0,7
0,Rassa,450.0,7
0,TuanKiet17ti,450.0,7
0,M_H_M,450.0,7
0,Jefri_007,450.0,7
0,Puredigital,450.0,7
0,Znb-Jfrian,450.0,7
0,reijnnn,450.0,7
0,caoji2001,450.0,7
0,upsolving,450.0,7
0,Beyrad,450.0,7
0,a_little_black,450.0,7
0,itu,450.0,7
0,MehradSh,450.0,7
0,zhangxiaohao,450.0,7
0,gabrielinelus,450.0,7
0,johnathan79717,450.0,7
0,iliaaaaa,450.0,7
0,BamiTorabi,450.0,7
0,rtheman,450.0,7
0,abisheka,450.0,7
0,eisen_shinzou,450.0,7
0,change_handle_only_ONCE,450.0,7
0,arnab_baishnab,450.0,7
0,Igor_2017,450.0,7
0,blaz1ngra1n,450.0,7
0,ZHIRDILBILDIZ,450.0,7
0,infxx,450.0,7
0,CtrlAlt,450.0,7
0,Abdelaleem,450.0,7
0,Bob,450.0,7
0,code_kit,450.0,7
0,noomaL,450.0,7
0,bnuvjudge2,450.0,7
0,penguinRaider,450.0,7
0,Vania_Javadi,450.0,7
0,kimi2011,450.0,7
0,Rojan..k,450.0,7
0,robin_aust,450.0,7
0,yusufziya,450.0,7
0,Shayan,450.0,7
0,joseraul,450.0,7
0,_Solenya_,450.0,7
0,lnishan,450.0,7
0,Kasraa,450.0,7
0,19Weapons,450.0,7
0,sagsango,450.0,7
0,Passenger,450.0,7
0,Duc_cmn_Le,450.0,7
0,Aditya.Pathak,450.0,7
0,boook,450.0,7
0,codeedoc,450.0,7
0,bbbwbbbw,450.0,7
0,arvindnair,450.0,7
0,qiuyi,450.0,7
0,asilo,450.0,7
0,Mahdi_Hajibeygi,450.0,7
0,quailty,450.0,7
0,Abdullah-Ishfaq,450.0,7
0,logickaiser,450.0,7
0,tazik,450.0,7
0,yeahpeng,450.0,7
0,giavu,450.0,7
0,KGZ,450.0,7
0,PouyaNavid,450.0,7
0,khoadhtm,450.0,7
0,hasan2006,450.0,7
0,WID,300.0,7
0,Losser_cuet,300.0,7
0,PeterCao,300.0,7
0,xjsgl654321,300.0,7
0,yashsangwan2611,300.0,7
0,Venkatesh2112002,300.0,7
0,ariloc,300.0,7
0,pwypeanut,300.0,7
0,farhan.8,300.0,7
0,BryantBuck007,300.0,7
0,grafzo,300.0,7
0,amankedia1994,300.0,7
0,Vasilykir,300.0,7
0,Darth.Vader,300.0,7
0,vish_wa,300.0,7
0,sunacm,300.0,7
0,roman111,300.0,7
0,Alirezakhanshahi,300.0,7
0,codingmaster,300.0,7
0,badvibes,300.0,7
0,sinataghizadeh,300.0,7
0,shivaay2210,300.0,7
0,bm23,300.0,7
0,yoo-yoo,300.0,7
0,ethan0328,300.0,7
0,xxcdsgyes,300.0,7
0,jemlikeajem,300.0,7
0,yeaiusepython,300.0,7
0,Scut22,300.0,7
0,sinak03,300.0,7
0,kartikey_5960,300.0,7
0,Majedh,300.0,7
0,Barbosa1998,300.0,7
0,_sp_,300.0,7
0,fortyfive,300.0,7
0,Hadi_A,300.0,7
0,negativez2,300.0,7
0,Optimator,300.0,7
0,sharma235,300.0,7
0,Sampson,300.0,7
0,OneSheeep,300.0,7
0,blackicejt,300.0,7
0,HeyZOJian,300.0,7
0,Mhn_Neek,300.0,7
0,timg_,300.0,7
0,Francesco481,300.0,7
0,I_Love_Equinox,300.0,7
0,Yash_Tulsani,300.0,7
0,JustNoob,300.0,7
0,Svyat,300.0,7
0,shrey,300.0,7
0,IndigoTree,300.0,7
0,Celes35,300.0,7
0,mammedbrk,300.0,7
0,awlgot,300.0,7
0,Amo-,300.0,7
0,FilipV,300.0,7
0,ranshiwastaken,300.0,7
0,THXuan,300.0,7
0,YinDouKi,300.0,7
0,wcwu,300.0,7
0,a14789654,300.0,7
0,pipialvin,300.0,7
0,ParhamTadayon,300.0,7
0,Hitman571,300.0,7
0,djfahgudshvkahsldfku,300.0,7
0,Osholbolbol_awli,300.0,7
0,Messi,300.0,7
0,TuanBuiYL,300.0,7
0,yinhy09,300.0,7
0,Euron,300.0,7
0,raihatneloy,300.0,7
0,Sandmann,300.0,7
0,TGR,300.0,7
0,tyrii,300.0,7
0,grebenshikov.n,300.0,7
0,pegasas,300.0,7
0,Kylin_,300.0,7
0,Phod_de,300.0,7
0,Alwinum,300.0,7
0,IgorWalther,300.0,7
0,Confr1ngo,300.0,7
0,DAAAMN,300.0,7
0,Mehrad2,300.0,7
0,Kobe303,300.0,7
0,SeShaShi,300.0,7
0,kaiqiliang,300.0,7
0,ASTERIA_,300.0,7
0,mamal00,300.0,7
0,higgsBoson,300.0,7
0,copperium,300.0,7
0,match,300.0,7
0,XuYipei,300.0,7
0,Le4o,300.0,7
0,NotLostTillNow,300.0,7
0,std11,300.0,7
0,sparik,300.0,7
0,Vector.Li,300.0,7
0,Om_Bano,300.0,7
0,dummylp21,300.0,7
0,cfycfy,300.0,7
0,zhanglexing,300.0,7
0,duc123,300.0,7
0,parim,300.0,7
0,bahar.aghdasi,300.0,7
0,woonder,300.0,7
0,Saleh.P,300.0,7
0,manizare,300.0,7
0,CE_WA_TLE,300.0,7
0,isPritchin,300.0,7
0,Warlock_Steve,300.0,7
0,TheLovelyLion,300.0,7
0,ShashankGaur03,300.0,7
0,fukua95,300.0,7
0,SpanningTree,300.0,7
0,ADIEU,300.0,7
0,sotonamitol,300.0,7
0,dontquit,300.0,7
0,bgopc,300.0,7
0,strell,300.0,7
0,431jericho,300.0,7
0,Bera,300.0,7
0,qianj,300.0,7
0,Unchang_star,300.0,7
0,nazaninnnnn,300.0,7
0,simplycomplex20,300.0,7
0,vbnm,300.0,7
0,RUSH_D_CAT,300.0,7
0,Ghieath,300.0,7
0,DopplerXD,300.0,7
0,goffrie,300.0,7
0,Dr.Who,300.0,7
0,connornguyxn,300.0,7
0,Reem,300.0,7
0,hongkexin,300.0,7
0,proso0111,300.0,7
0,relaxingfelon,300.0,7
0,ERROR_M07,300.0,7
0,yukai,300.0,7
0,aceptameESTA,300.0,7
0,LeDaiKing2,300.0,7
0,khanhngu,300.0,7
0,saba2000,300.0,7
0,Manav_Shah24,300.0,7
0,_Untrackable_,300.0,7
0,a1akashchauhan,300.0,7
0,CaiXY06,300.0,7
0,weiron_RX,300.0,7
0,Ji_Kuai,300.0,7
0,King87arshia,300.0,7
0,djh123,300.0,7
0,pnm1384,300.0,7
0,davitkhvedelidz,300.0,7
0,RandomXBoy,300.0,7
0,ybaggio,300.0,7
0,kieuquocdat123,300.0,7
0,amanbol,300.0,7
0,SLin25,300.0,7
0,himanshu,300.0,7
0,FanyuX,300.0,7
0,DheeruYS,300.0,7
0,ledzep,300.0,7
0,okokok_,300.0,7
0,Kanheyalal,300.0,7
0,Red0,300.0,7
0,Konstantin0408,300.0,7
0,MrReDoX,300.0,7
0,CaoRui2019,300.0,7
0,Hodi16,300.0,7
0,Ankit_332,300.0,7
0,wumeibanfa,300.0,7
0,taojiacheng,300.0,7
0,Hassan_Fouad,300.0,7
0,practice_account_0914,300.0,7
0,anishde85,300.0,7
0,23.paranjushkin.a,300.0,7
0,ykaya,300.0,7
0,naniim,300.0,7
0,arsijo,300.0,7
0,mitrand1r,300.0,7
0,Flower_On_Stone,300.0,7
0,chroniclesofcode,300.0,7
0,cstring,300.0,7
0,yancouto,300.0,7
0,PMAC,300.0,7
0,__Khanh__,300.0,7
0,duchuy297,300.0,7
0,linkfqy,300.0,7
0,lanos212,300.0,7
0,tinypotato,300.0,7
0,iiliffe,300.0,7
0,neach_joup,300.0,7
0,Tallnut,300.0,7
0,YoungJayz,300.0,7
0,-lumos-,300.0,7
0,Ali_Tavakoli,300.0,7
0,3WhoSubmarine,300.0,7
0,npanuhin,300.0,7
0,hobe_naki_hobe_na,300.0,7
0,Parsa_Abolhassani,300.0,7
0,davit_tsibadze,300.0,7
0,lastutf445,300.0,7
0,dhuacm3,300.0,7
0,pb2008,300.0,7
0,Snezhok,300.0,7
0,dd_d,300.0,7
0,gpjr,300.0,7
0,34517192712,300.0,7
0,jiudge3,300.0,7
0,m0t9_,300.0,7
0,pigg,300.0,7
0,Brosea,300.0,7
0,Zazuuu_,300.0,7
0,DreamIsReal,300.0,7
0,osfly,300.0,7
0,qingping95,300.0,7
0,LoopFree,300.0,7
0,aayush1234patwari,300.0,7
0,KhaledKEE,300.0,7
0,Etherite,300.0,7
0,AmShZ,300.0,7
0,hoangducmanh03072004,300.0,7
0,MiniFake,300.0,7
0,Hilva9a,300.0,7
0,mazihang2022,300.0,7
0,a305657,300.0,7
0,nynkqh_yzq,300.0,7
0,thusloop,300.0,7
0,910306264,300.0,7
0,ZJH111111,300.0,7
0,sparpara,300.0,7
0,_rabbit,300.0,7
0,AmirDLC,300.0,7
0,m1silicon,300.0,7
0,cool__dude__69,300.0,7
0,I_Love_Le_Hang,300.0,7
0,voidXD,300.0,7
0,daohuyenchi21,300.0,7
0,Sarthak3204,300.0,7
0,heohong,300.0,7
0,Nikttop,300.0,7
0,komendart,300.0,7
0,Amireza,300.0,7
0,AlI_sAiRo,300.0,7
0,Mohammad.Nour,300.0,7
0,SSSM,300.0,7
0,Nonagons,300.0,7
0,veeann,300.0,7
0,nguyengia,300.0,7
0,Shreymanik,300.0,7
0,Sami_Massah,300.0,7
0,kvk1920,300.0,7
0,MMJnini,300.0,7
0,ShlokG,300.0,7
0,easycodeforces,300.0,7
0,Chenchangxu83,300.0,7
0,RagnarSpecter,300.0,7
0,NxDs,300.0,7
0,radin.h,300.0,7
0,Gilda,300.0,7
0,AsilenceBTF,300.0,7
0,Gold14526,300.0,7
0,nightFury_S,300.0,7
0,IAmNotKnown,300.0,7
0,Amineyk,300.0,7
0,igorrrain,300.0,7
0,Unconscious,300.0,7
0,m.h,300.0,7
0,zhangxiaohanx,300.0,7
0,YaoLingF,300.0,7
0,kidus72,300.0,7
0,Mehdi_Farhadian,300.0,7
0,detective...dots,300.0,7
0,nyalia,300.0,7
0,xskhirtladze,300.0,7
0,HYNUHuangHao,300.0,7
0,_Z0R0_,300.0,7
0,harsh__h,300.0,7
0,David_Villalba,300.0,7
0,sharph,300.0,7
0,IPRIT,300.0,7
0,MDastan,300.0,7
0,Rising-coder,300.0,7
0,nice_knight,300.0,7
0,omidmirzajani82,300.0,7
0,contest0nly,300.0,7
0,nishit5,300.0,7
0,Unstoppable06,300.0,7
0,Hahahahahahahhahaha,300.0,7
0,Vladimir22,300.0,7
0,DucHieu1410,300.0,7
0,Mahmoud_Alaaraj,300.0,7
0,miguel_palma,300.0,7
0,rohitjazz199955,300.0,7
0,javiergm06,300.0,7
0,gyuni,300.0,7
0,tanmayc95,300.0,7
0,Brych,300.0,7
0,Mentholzzz,300.0,7
0,BodaciousLord007,300.0,7
0,fshokripour,300.0,7
0,Nariman_MT,300.0,7
0,Qoogle,300.0,7
0,Avesh_Kumar,300.0,7
0,ilia.tehrani.84,300.0,7
0,aarr,300.0,7
0,lebedkin,300.0,7
0,heesooyaam,300.0,7
0,Lion_Heart,300.0,7
0,weltyfjd1909,300.0,7
0,YugiHacker,300.0,7
0,tophhh,300.0,7
0,TTNhan,300.0,7
0,MatthewC3297,300.0,7
0,Gellertke,300.0,7
0,innoshark,300.0,7
0,ARMINIUS,300.0,7
0,luongtrieuv202,300.0,7
0,-Javelin-,300.0,7
0,samyars80,300.0,7
0,Kimo_Fathy,300.0,7
0,lilingfengdev,300.0,7
0,sine_with_cosine,300.0,7
0,ezraft,300.0,7
0,_AbRn_,300.0,7
0,the_zart_of_the_goat,300.0,7
0,AryaAlimadadian1385,300.0,7
0,liupengsay,300.0,7
0,mohammad_2007,300.0,7
0,euler_3,300.0,7
0,Mamedov,300.0,7
0,Momentaiii,300.0,7
0,codr0,300.0,7
0,Rtn_e,300.0,7
0,ping_jt,300.0,7
0,erfanesm,300.0,7
0,cqbzrjx,300.0,7
0,Kusy37,300.0,7
0,arius1408,300.0,7
0,_BATMAN,300.0,7
0,xuki,300.0,7
0,MAKLN,300.0,7
0,anthony123,300.0,7
0,Pooya_Daftarian,300.0,7
0,alireza2856,300.0,7
0,amano_hina,300.0,7
0,TNNCVA,300.0,7
0,Mitsuhaw,300.0,7
0,pikabi,300.0,7
0,ibrahimsherif,300.0,7
0,2oo7,300.0,7
0,Fekete,300.0,7
0,ip96cns,300.0,7
0,Vendetta.,300.0,7
0,mohammad330A,300.0,7
0,imran13,300.0,7
0,clomie,300.0,7
0,I_Love_CardiB,300.0,7
0,clayton_clayton,300.0,7
0,AlperenT,300.0,7
0,erfan.t6986,300.0,7
0,Dio,300.0,7
0,vas.and.tor,300.0,7
0,its_Yogi,300.0,7
0,Williamtank,300.0,7
0,houcz,300.0,7
0,amir1213,300.0,7
0,wukaichen888,300.0,7
0,156302,300.0,7
0,aryan_r,300.0,7
0,scameeer,300.0,7
0,Resul,300.0,7
0,Gavin0576,300.0,7
0,Rakesh_898,300.0,7
0,silent1um,300.0,7
0,Doman,300.0,7
0,raba_ajeet,300.0,7
0,SebastianMoreno,300.0,7
0,cachchimbaoto,300.0,7
0,zhangzhe,300.0,7
0,sepehr81,300.0,7
0,panyanppyy,300.0,7
0,ecvlco397,300.0,7
0,forty,300.0,7
0,DeathRoot,300.0,7
0,armish2.0,300.0,7
0,GAM_Breeze,300.0,7
0,ducanhne,300.0,7
0,folonch1on_doppler,300.0,7
0,swimseal,300.0,7
0,deva2802,300.0,7
0,tom,300.0,7
0,mchang,300.0,7
0,the_silliest,300.0,7
0,zktxdy,300.0,7
0,rezch,300.0,7
0,xwkzzZ,300.0,7
0,cabezona,300.0,7
0,harsh2209gupta,300.0,7
0,damirsit,300.0,7
0,triveni,300.0,7
0,_Meet_Patel_,300.0,7
0,kosarabdn,300.0,7
0,reza,300.0,7
0,lqs2015,300.0,7
0,Ninelife_Cat,300.0,7
0,tratser,300.0,7
0,I.M.F,300.0,7
0,LaoMang,300.0,7
0,reknis,300.0,7
0,wlhtest,300.0,7
0,Stepan777,300.0,7
0,joniel,300.0,7
0,0x3F,300.0,7
0,LiM_ex_BROKen_Heart,300.0,7
0,sbwanyi,300.0,7
0,phuleethanh,300.0,7
0,sofee,300.0,7
0,Another_DS,300.0,7
0,nuclear_bomb,300.0,7
0,ACFirst,300.0,7
0,Erfan1386Y,300.0,7
0,ghoast,300.0,7
0,jmontielb,300.0,7
0,Jahid,300.0,7
0,Hannible,300.0,7
0,YangQifu,300.0,7
0,jhdrgfj,300.0,7
0,This_is_a_fake_account2,300.0,7
0,speedyArda,300.0,7
0,mudkip,300.0,7
0,changxv,300.0,7
0,kiamehr_khademi,300.0,7
0,yashagw,300.0,7
0,Mobed,300.0,7
0,cayaxi09,300.0,7
0,avibhar,300.0,7
0,xuejye,300.0,7
0,EFFFN,300.0,7
0,Froz,300.0,7
0,AIireza,300.0,7
0,M.GhulamMohiuddin,300.0,7
0,register-Gen,300.0,7
0,GiorgiAmbokadze,300.0,7
0,Hisu,300.0,7
0,yasinbakhtiar,300.0,7
0,dino_99,300.0,7
0,atln,300.0,7
0,Quinys,300.0,7
0,MEELA_VIDHITHA,300.0,7
0,yakamoto,300.0,7
0,kawaii_potato,300.0,7
0,rqbqbqb,300.0,7
0,loi_fluency,300.0,7
0,namduong93au,300.0,7
0,EdsonSousa,300.0,7
0,Vladik,300.0,7
0,galacticor,300.0,7
0,SadraMzf,300.0,7
0,littlesunshine,300.0,7
0,2014300227,300.0,7
0,mladia163,300.0,7
0,RevolutionBP,300.0,7
0,congdanh2504,300.0,7
0,WTXwang,300.0,7
0,ray1856121231,300.0,7
0,AlexW08,300.0,7
0,h_mahmud,300.0,7
0,ada2240,300.0,7
0,bart320,300.0,7
0,lin_jy,300.0,7
0,baiyifeng,300.0,7
0,Ssarpa,300.0,7
0,matheusataidee,300.0,7
0,MixxCP3,300.0,7
0,IMyself,300.0,7
0,invincible_0,300.0,7
0,yasharp83,300.0,7
0,Zelumy_XV,300.0,7
0,InFluX_M,300.0,7
0,Momotaz2015,300.0,7
0,EnBee2,300.0,7
0,WuTan,300.0,7
0,Bug_Programmer,300.0,7
0,adren0,300.0,7
0,MichaeLRoman,300.0,7
0,smhnaghavi,300.0,7
0,newbie_aman,300.0,7
0,BillSkywalker,300.0,7
0,viethq_sad13,300.0,7
0,olkieler,300.0,7
0,ChimSau,300.0,7
0,zydhanlinnar11,300.0,7
0,mmd_matin,300.0,7
0,sysudyy,300.0,7
0,shattershade,300.0,7
0,arorat006,300.0,7
0,Cas5idy,300.0,7
0,scorzh,300.0,7
0,TwOKAr,300.0,7
0,hang,300.0,7
0,qminh1908,300.0,7
0,Doulabi,300.0,7
0,CodePhantom,300.0,7
0,dmitriy0712,300.0,7
0,_yellow._.when_,300.0,7
0,Chiullian,300.0,7
0,Napoleon,300.0,7
0,fonmagnus,300.0,7
0,ydx_12,300.0,7
0,FilipVesovic,300.0,7
0,ashanksingh1997,300.0,7
0,Heat,300.0,7
0,uheng,300.0,7
0,DerKleinUbermensch,300.0,7
0,DATVN,300.0,7
0,Amirmohammad.sh,300.0,7
0,lawrenceli,300.0,7
0,Muted_slow,300.0,7
0,econo_mist,300.0,7
0,malygin,300.0,7
0,tulizh,300.0,7
0,Eightyeight,300.0,7
0,SoheilE,300.0,7
0,Mohamad_sa,300.0,7
0,LBJyyds,300.0,7
0,KinKong1,300.0,7
0,tusg25,300.0,7
0,ueane,300.0,7
0,TranDucLuong1002,300.0,7
0,sunchaoyi,300.0,7
0,BoGg,300.0,7
0,tiagob.reis,300.0,7
0,AlexLorintz,300.0,7
0,Yatin_Kwatra,300.0,7
0,Habeshaethiopia,300.0,7
0,im_sju,300.0,7
0,dtta,300.0,7
0,dan-dan,300.0,7
0,mohammadjavadAA,300.0,7
0,Undefined_Argon,300.0,7
0,ali-nooralian,300.0,7
0,Nuist_wzy,300.0,7
0,traidat,300.0,7
0,abandon,300.0,7
0,louwuchen,300.0,7
0,abdo6666622,300.0,7
0,silenttkillerr,300.0,7
0,Thanos234,300.0,7
0,Amir1386n,300.0,7
0,icebear30,300.0,7
0,yuanyuxuan,300.0,7
0,pouyan86,300.0,7
0,loskutovp333,300.0,7
0,ghamohammad4,300.0,7
0,ssbadjate02,300.0,7
0,Kirill_Maglysh,300.0,7
0,Shahrad,300.0,7
0,m.saadat,300.0,7
0,ratmir_gis,300.0,7
0,NguyenQuocPhu,300.0,7
0,TudorMa,300.0,7
0,grandesonnerie,300.0,7
0,PhoenixGS,300.0,7
0,ArianKheirandish,300.0,7
0,ak138311,300.0,7
0,dadsa1121,300.0,7
0,aryanv,300.0,7
0,alda-onggar,300.0,7
0,T.A447,300.0,7
0,sebb306,300.0,7
0,alireza5628,300.0,7
0,okok,300.0,7
0,igdor99,300.0,7
0,demon1999,300.0,7
0,wangjunyong3,300.0,7
0,ammaka,300.0,7
0,NullByte,300.0,7
0,panda_structure,300.0,7
0,Azizul_cse27,300.0,7
0,sebasutp,300.0,7
0,Shefin_,300.0,7
0,cly753,300.0,7
0,SdR_Mzf,300.0,7
0,zair_t,300.0,7
0,necro_mancer,300.0,7
0,CASmachine,300.0,7
0,BrownieTK,300.0,7
0,duckjebovich,300.0,7
0,Smaug,300.0,7
0,M.YAR.M,300.0,7
0,tahoangquan2,300.0,7
0,algobb,300.0,7
0,Fallah,300.0,7
0,xiaowuc1,300.0,7
0,Ihasyou,300.0,7
0,Dat_123,300.0,7
0,Je-O,300.0,7
0,User688674,300.0,7
0,linearspace,300.0,7
0,bardend,300.0,7
0,cantor_sort2919,300.0,7
0,PythonIt,300.0,7
0,Werrious,300.0,7
0,Dulinnnnzhe,300.0,7
0,jorik,300.0,7
0,im_sorry,300.0,7
0,gamestar,300.0,7
0,s.mahdieh,300.0,7
0,duckindog,300.0,7
0,Tareq_Ali,300.0,7
0,alireza_kaviani,300.0,7
0,mohammadsam,300.0,7
0,BreadPy,300.0,7
0,D1stance,300.0,7
0,yyhslcj,300.0,7
0,010-Miras-M-2027,300.0,7
0,lonecoder09,300.0,7
0,VAntonuk,300.0,7
0,ermiababaie,300.0,7
0,AndreySergunin,300.0,7
0,ps1o,300.0,7
0,retiredDedid,300.0,7
0,IHeartIO,300.0,7
0,limon_,300.0,7
0,Martin53,300.0,7
0,akobi,300.0,7
0,liang0504,300.0,7
0,Darling-IcePrincess_1968,300.0,7
0,sifat_15,300.0,7
0,omar2004khaled,300.0,7
0,onluZhao,300.0,7
0,aadit.ambadkar,300.0,7
0,arya_nazari_,300.0,7
0,geekPy,300.0,7
0,z26y25,300.0,7
0,dhuacm10,300.0,7
0,destroyer07,300.0,7
0,Silly__coder__,300.0,7
0,gn_wz,300.0,7
0,cry,300.0,7
0,VMaksimoski008,300.0,7
0,cipher0,300.0,7
0,sadi_74,300.0,7
0,Hirbad,300.0,7
0,TadijaSebez,300.0,7
0,keep_of_silence,300.0,7
0,raha2079,300.0,7
0,Ali_BBN,300.0,7
0,Triansh,300.0,7
0,-ve,300.0,7
0,Nandini07,300.0,7
0,LuSter__M,300.0,7
0,unfeel,300.0,7
0,Abhi_98,300.0,7
0,lhl1004216121,300.0,7
0,quangngg,300.0,7
0,josemfretes95,300.0,7
0,samnoon,300.0,7
0,xuanbac05,300.0,7
0,Kafka,300.0,7
0,devss,300.0,7
0,prince.ub33,300.0,7
0,zjwwjhy,300.0,7
0,kanishk29.mehta,300.0,7
0,Orange_JuiCE,300.0,7
0,_SaKaTa_,300.0,7
0,Shaban,300.0,7
0,Amirr-_-ezA,300.0,7
0,ArsamHaqiqat,300.0,7
0,prashant7139,300.0,7
0,IcerFoxcz,300.0,7
0,.st,300.0,7
0,otarius,300.0,7
0,_Enginor_,300.0,7
0,__Mortimer__,300.0,7
0,Down_with_israel,300.0,7
0,Noble_Mushtak,300.0,7
0,Shavkat_Aminov,300.0,7
0,_tiger_,300.0,7
0,michaeljk,300.0,7
0,zhengjc,300.0,7
0,stefanopulos,300.0,7
0,zhangsen1121,300.0,7
0,naimul_haque,300.0,7
0,longlinh123456,300.0,7
0,DeepInTheMeadow,300.0,7
0,xuanquang1999,300.0,7
0,ImmortaLimit,300.0,7
0,TheRedMoon,300.0,7
0,chessssehc,300.0,7
0,MINHTRANG,300.0,7
0,ucqrxu271,300.0,7
0,AlexPlesescu,300.0,7
0,phong2006,300.0,7
0,Starshadow,300.0,7
0,Alstom_Citadis,300.0,7
0,Dilhao,300.0,7
0,stefdasca,300.0,7
0,______--______,300.0,7
0,LuuPhucVinh,300.0,7
0,AEBOV,300.0,7
0,prantik_sarkar,300.0,7
0,zzbbq,300.0,7
0,nywang3,300.0,7
0,gaomaoqi2022,300.0,7
0,shadow_clone,300.0,7
0,A_H_Zamanian,300.0,7
0,derlis93,300.0,7
0,AMO5,300.0,7
0,fraudmaxxing,300.0,7
0,SenC,300.0,7
0,KingReza,300.0,7
0,M-uwu,300.0,7
0,Haroka,300.0,7
0,BanazadehAria,300.0,7
0,Ilnur_the_best,300.0,7
0,hirbodic,300.0,7
0,Mothaiba,300.0,7
0,otsekai,300.0,7
0,mayaan,300.0,7
0,Lng,300.0,7
0,mk13579,300.0,7
0,AshkanEhs,300.0,7
0,Nikola,300.0,7
0,Kaihonohane01,300.0,7
0,tianmaoxia,300.0,7
0,judgee,300.0,7
0,evage,300.0,7
0,andremfq,300.0,7
0,ImAlone,300.0,7
0,johndolgov,300.0,7
0,rGamer1337,300.0,7
0,miroqurcika,300.0,7
0,zixiwang,300.0,7
0,pshtchnqlwplsxnntcktnk,300.0,7
0,BRs82,300.0,7
0,Ishit,300.0,7
0,vitosevskich,300.0,7
0,adityachd123,300.0,7
0,chaorenhaha,300.0,7
0,King_Garfield,300.0,7
0,KASRA_BAHRAMI,300.0,7
0,dhuacm5,300.0,7
0,aweruihklca,300.0,7
0,Farbod,300.0,7
0,damiane_kapanadze,300.0,7
0,anvstmp,300.0,7
0,alexpizarroj,300.0,7
0,hungnts,300.0,7
0,Khooman,300.0,7
0,_Sakib_,300.0,7
0,hara_1999,300.0,7
0,FireWithin,300.0,7
0,shaurya911,300.0,7
0,V0x0d,300.0,7
0,st_nec,300.0,7
0,TahaNami87,300.0,7
0,Tima19,300.0,7
0,Shahidul1004,300.0,7
0,yeeeet,300.0,7
0,yuzhechuan,300.0,7
0,Woldis4,300.0,7
0,agarwalkoustubh39,300.0,7
0,WeAreTheFlame,300.0,7
0,mahdi.v.p,300.0,7
0,wj123_,300.0,7
0,proofbycontradiction,300.0,7
0,VolodiaHeizenberg,300.0,7
0,Flash-boy,300.0,7
0,songqian,300.0,7
0,TakeMe,300.0,7
0,ThereIsNoSalvationForMe,300.0,7
0,maria.tskhvediani1,300.0,7
0,Aestivate,300.0,7
0,CarrieUnderwood,300.0,7
0,kimbbakar,300.0,7
0,Fype,300.0,7
0,fsstamx,300.0,7
0,avisheksanvas,300.0,7
0,nehb,300.0,7
0,jeremy624lolz,300.0,7
0,zoewilly,300.0,7
0,FOX-index,300.0,7
0,Proshir,300.0,7
0,SXZYxzy,300.0,7
0,camille000000,300.0,7
0,Duy_e,300.0,7
0,ONEHUNDREDPUSHUPS,300.0,7
0,givka45,300.0,7
0,candy0014,300.0,7
0,P0LyFish,300.0,7
0,TheSleepyDevil,300.0,7
0,AlexYanjiachen,300.0,7
0,qwerty0987,300.0,7
0,lokesh_2052,300.0,7
0,redblossom,300.0,7
0,drk16072000,300.0,7
0,AZ2019,300.0,7
0,AliRezA_,300.0,7
0,MAHANKALI_SUDEEPTHI,300.0,7
0,Ajatar,300.0,7
0,ATofighi,300.0,7
0,akshayanand729,300.0,7
0,Quan260503,300.0,7
0,airad,300.0,7
0,Code_Morghulis,300.0,7
0,_Shinobu,300.0,7
0,Nafis_Ahmed_174,300.0,7
0,baokhanh,300.0,7
0,AH_ZAM,300.0,7
0,Borodinyar,300.0,7
0,ljfty,300.0,7
0,bthero,300.0,7
0,perst20,300.0,7
0,Janathon_L,300.0,7
0,ThatMathGuy,300.0,7
0,geniorzity,300.0,7
0,naman1601,300.0,7
0,Samanj2631,300.0,7
0,Mreza5760,300.0,7
0,Miteusz,300.0,7
0,naduto,300.0,7
0,maokaifeng6,300.0,7
0,Saarthak_10,300.0,7
0,protick666,300.0,7
0,koper,300.0,7
0,Arinoor,300.0,7
0,MamSa,300.0,7
0,KL_2000031201,300.0,7
0,blizzard1900,300.0,7
0,hayeselnut2127,300.0,7
0,sadra_,300.0,7
0,ZeroPointTwo,300.0,7
0,wyc06,300.0,7
0,Roux_Cuber_Q,300.0,7
0,Hoks_,300.0,7
0,sjtsjt,300.0,7
0,parutin_v,300.0,7
0,Millad,300.0,7
0,haesb,300.0,7
0,_.baba_yaga._,300.0,7
0,mati9977,300.0,7
0,rashish2202,300.0,7
0,Rayano,300.0,7
0,macaquedev,300.0,7
0,Haskei,300.0,7
0,DeadlyCritic,300.0,7
0,Degalat57,300.0,7
0,Garuda_1,300.0,7
0,Zoli9,300.0,7
0,crathva,300.0,7
0,qwqqqqqq,300.0,7
0,Bedge,300.0,7
0,parasNAGPAL99,300.0,7
0,LoSD,300.0,7
0,Historia_,300.0,7
0,Abolfazl11,300.0,7
0,OoXiao_QioO,300.0,7
0,GhaazCheroon,300.0,7
0,Siberian,300.0,7
0,qym_tyqc,300.0,7
0,2676985892,300.0,7
0,Aldo101,300.0,7
0,adm1223,300.0,7
0,Abhi_sahu,300.0,7
0,Kaleem_Raza_Syed,300.0,7
0,A35,300.0,7
0,BIG-HSY,300.0,7
0,rb001,300.0,7
0,MahdiOR,300.0,7
0,weirdflexbutok,300.0,7
0,navdeepp89244,300.0,7
0,azraf1107,300.0,7
0,Kianaz.A,300.0,7
0,H-C-H,300.0,7
0,Andrei_Kuz,300.0,7
0,helloThereHi,300.0,7
0,Ruins,300.0,7
0,jiudge4,300.0,7
0,idr1ska,300.0,7
0,moonflyer,300.0,7
0,gevenfeng,300.0,7
0,saksham.gulati2011,300.0,7
0,mudgal_2001,300.0,7
0,LAMERT_T,300.0,7
0,Alexey_1,300.0,7
0,AQil,300.0,7
0,islands,300.0,7
0,hocky,300.0,7
0,Rox,300.0,7
0,Arturoku,300.0,7
0,Magrig8,300.0,7
0,Dukkha,300.0,7
0,abi_1998,300.0,7
0,parsa333111,300.0,7
0,detached,300.0,7
0,nb_jzy,300.0,7
0,moinul.shaon,300.0,7
0,ff...00,300.0,7
0,Muhammad.Bilal,300.0,7
0,gosuto,300.0,7
0,NeoRise_,300.0,7
0,blueandgold11,300.0,7
0,Amirp78,300.0,7
0,ultraaryan10,300.0,7
0,_rachell,300.0,7
0,el_sanchez,300.0,7
0,h335225,300.0,7
0,txl123,300.0,7
0,Armaho,300.0,7
0,sam86_b,300.0,7
0,_2011491981,300.0,7
0,cherry2010,300.0,7
0,adityagarg0911,300.0,7
0,Radin_Zahedi,300.0,7
0,Munis,300.0,7
0,_duonght_,300.0,7
0,Lo_R_D,300.0,7
0,amirhossein_a,300.0,7
0,riky-sanla,300.0,7
0,zhanggengchen,300.0,7
0,___FIRELION___,300.0,7
0,f4kkey,300.0,7
0,Theofratus,300.0,7
0,DanAlex,300.0,7
0,wwddz2,300.0,7
0,WonderMouse,300.0,7
0,Asimo_robot,300.0,7
0,xiaoshulin,300.0,7
0,Imeon,300.0,7
0,CBBoos0422,300.0,7
0,SinaPourkashani,300.0,7
0,Nistor_Dora,300.0,7
0,Ardelion,300.0,7
0,Killian0812,300.0,7
0,_MonkeyDLuffy_,300.0,7
0,anhkha1004,300.0,7
0,tw107y,300.0,7
0,Yucy,300.0,7
0,Arigf,300.0,7
0,en_ar,300.0,7
0,Imitation7_Game,300.0,7
0,nidhi0408,300.0,7
0,robotolev,300.0,7
0,huangqixuan,300.0,7
0,Seyyed_Mojtaba_Mortazavi,300.0,7
0,mgefimov,300.0,7
0,hm2610,300.0,7
0,relaxxpls,300.0,7
0,gas3,300.0,7
0,awelijuh,300.0,7
0,aneesh_1412,300.0,7
0,kosar_esf24,300.0,7
0,AbstractKangaroo,300.0,7
0,abdulrahman_aj,300.0,7
0,canhnam357,300.0,7
0,TravellingSalesman,300.0,7
0,VHTung,300.0,7
0,snorelax,300.0,7
0,mahmud2690,300.0,7
0,pppetrov,300.0,7
0,a.s.chauhan,300.0,7
0,zltzlt,300.0,7
0,ST_C,300.0,7
0,kaiboy,300.0,7
0,the_sentinel,300.0,7
0,siegreich,300.0,7
0,vikfil,300.0,7
0,Fatonim_,300.0,7
0,lilvanisher,300.0,7
0,Hellda,300.0,7
0,opop1omar,300.0,7
0,AjaySabarish,300.0,7
0,abcsumits,300.0,7
0,xyzabc75,300.0,7
0,Ylx13,300.0,7
0,YLAsce,300.0,7
0,nguyencongduoc,300.0,7
0,crystaalroo,300.0,7
0,cor001,300.0,7
0,arbitrary_A,300.0,7
0,mageds,300.0,7
0,bebra,300.0,7
0,Omja,300.0,7
0,Denisson,300.0,7
0,yash_9a3b,300.0,7
0,tevdore,300.0,7
0,dohonghuan,300.0,7
0,zeus_iitg,300.0,7
0,yuhank,300.0,7
0,nine_tails9,300.0,7
0,zhq3454,300.0,7
0,ap_2089,300.0,7
0,showmic96,300.0,7
0,zhenghanyun,300.0,7
0,osama_alsharif,300.0,7
0,toma_pirtskhelani,300.0,7
0,An_Index_in_sci.,300.0,7
0,paulatennent,300.0,7
0,iamstg,300.0,7
0,1040467600,300.0,7
0,grandmastertour,300.0,7
0,snsokolov,300.0,7
0,JD07,300.0,7
0,theCPguy,300.0,7
0,santa22,300.0,7
0,dsabolic,300.0,7
0,Dragon_Fly_02,300.0,7
0,music960633,300.0,7
0,long10024070,300.0,7
0,qwqqaq,300.0,7
0,climax,300.0,7
0,unrated_grandmaster,300.0,7
0,Gnoud__,300.0,7
0,medk,300.0,7
0,procrastinator,300.0,7
0,Pistolero,300.0,7
0,FlameDragon,300.0,7
0,LYC_music,300.0,7
0,kian2009,300.0,7
0,helen_killer,300.0,7
0,giuliano275,300.0,7
0,fyz2022,300.0,7
0,ericleoo,300.0,7
0,Forever_chen,300.0,7
0,okk__google,300.0,7
0,I_Love_Mahmoud_Haddad,300.0,7
0,ZRT_HuyPhuoc,300.0,7
0,Zzif,300.0,7
0,sumit_kk10,300.0,7
0,Rund.Rasheed,300.0,7
0,Shnatan,300.0,7
0,_Lugia_,300.0,7
0,sabki_pasand_nirma,300.0,7
0,wongzr,300.0,7
0,lukasanarski,300.0,7
0,alphaWizard,300.0,7
0,tminh_hk20,300.0,7
0,NotShek,300.0,7
0,kmsgk,300.0,7
0,huynhtrunghieu,300.0,7
0,When_Brain_Ded,300.0,7
0,__Enigma__,300.0,7
0,Luzhuoyuan,300.0,7
0,ayyy,300.0,7
0,danifooladi,300.0,7
0,dhuacm4,300.0,7
0,postavshik_drilla_ftl,300.0,7
0,vanogam,300.0,7
0,unknown0812,300.0,7
0,TissueRoll,300.0,7
0,wuliuyi,300.0,7
0,OmNommm,300.0,7
0,wangrq,300.0,7
0,mehrzad_minaei,300.0,7
0,achi_basadzishvili,300.0,7
0,Horcrux1729,300.0,7
0,Zeoy,300.0,7
0,zyjun123,300.0,7
0,mycroft.moriarty,300.0,7
0,forget__it,300.0,7
0,xuks,300.0,7
0,x123s456j789,300.0,7
0,amirmohammad-nezami,300.0,7
0,am.nyam,300.0,7
0,manish3749,300.0,7
0,Shuba_Buba,300.0,7
0,xiao_yangTX,300.0,7
0,Ana2003Maisuradze,300.0,7
0,AmmarDab3an,300.0,7
0,johnhoth,300.0,7
0,LLSGYN,300.0,7
0,ocean_blue,300.0,7
0,StenSoSmol,300.0,7
0,FWT,300.0,7
0,gzx20210226,300.0,7
0,Diamond-_-,300.0,7
0,jmyszka,300.0,7
0,R3Z1,300.0,7
0,Mohammad.H915,300.0,7
0,k_balint,300.0,7
0,1024mb,300.0,7
0,Eirlys0.0,300.0,7
0,628_LJ,300.0,7
0,K65UET.PhamNgocMinh,300.0,7
0,Sameer_Mishra100,300.0,7
0,MANIMA,300.0,7
0,potter1024,300.0,7
0,anaonofrishvili,300.0,7
0,mbakhtiarijavid,300.0,7
0,sbsbcjt,300.0,7
0,prichuda,300.0,7
0,PineapplesOnPizza,300.0,7
0,dhuacm11,300.0,7
0,connect_kgp,300.0,7
0,The_Original,300.0,7
0,the_RANGO,300.0,7
0,neroond,300.0,7
0,adyrek,300.0,7
0,Astral_Rider,300.0,7
0,rechenz,300.0,7
0,Wick_Jonathan,300.0,7
0,Code937,300.0,7
0,UnstoppableChillMachine,300.0,7
0,rui_er,300.0,7
0,ks3rr,300.0,7
0,Alir3za.Zar3,300.0,7
0,AutisticGaming,300.0,7
0,gaojie.20,300.0,7
0,CS50programmer,300.0,7
0,Sturdy,300.0,7
0,16110502142tx1604,300.0,7
0,GaLz,300.0,7
0,Ehsan,300.0,7
0,binary_bae,300.0,7
0,abc864197532,300.0,7
0,mohamed.moeen166,300.0,7
0,wxr_,300.0,7
0,libolin1,300.0,7
0,mqmrn,300.0,7
0,Ginatia,300.0,7
0,TheRoot,300.0,7
0,Gera_Ffe,300.0,7
0,nowing,300.0,7
0,sepehr.agz,300.0,7
0,alrz,300.0,7
0,priyanshu_x,300.0,7
0,AMKKh,300.0,7
0,shyoldman,300.0,7
0,Deemo,300.0,7
0,Raha34,300.0,7
0,bibikov1,300.0,7
0,bardiamystry__,300.0,7
0,Priyam2k,300.0,7
0,YouZ,300.0,7
0,NikoNikoni2323,300.0,7
0,Catmoonlight,300.0,7
0,LochTech,300.0,7
0,kobor,300.0,7
0,wyq728728,300.0,7
0,niranjanrajeev25,300.0,7
0,amzngNbdy24,300.0,7
0,pipiaker,300.0,7
0,Tru3R00T,300.0,7
0,shokouf,300.0,7
0,Lansong,300.0,7
0,Muh,300.0,7
0,I_love_GSNQK,300.0,7
0,PetrNguyen,300.0,7
0,The_sound_of_the_fox,300.0,7
0,yanina,300.0,7
0,I_Love_Diar_Narumov,300.0,7
0,accolade12_,300.0,7
0,Uiuk,300.0,7
0,_Sunmoon_,300.0,7
0,sunhero,300.0,7
0,Zahra_Mohseni,300.0,7
0,ayakami,300.0,7
0,lyongwolf,300.0,7
0,lO_ol,300.0,7
0,vardaan_dua,300.0,7
0,El7aref,300.0,7
0,turbolenza,300.0,7
0,raman_123,300.0,7
0,ketchuppp,300.0,7
0,SyberCage,300.0,7
0,Dmozze,300.0,7
0,Viet_love_MD,300.0,7
0,fel1pe,300.0,7
0,Zzyzx,300.0,7
0,Terry2007,300.0,7
0,graphdp,300.0,7
0,strawbreey,300.0,7
0,muditvir,300.0,7
0,frostray8653,300.0,7
0,vandoor,300.0,7
0,DinaAll,300.0,7
0,tilakparth,300.0,7
0,rrohann__,300.0,7
0,xelsink1,300.0,7
0,nikasardanadze,300.0,7
0,tazvir_setiz,300.0,7
0,GaryGe,300.0,7
0,chitrung1,300.0,7
0,its_Marshmello,300.0,7
0,zig_zag,300.0,7
0,vivianmi,300.0,7
0,-isa,300.0,7
0,BorisBarca,300.0,7
0,vicky_raj,300.0,7
0,_lingrui,300.0,7
0,realcomplex,300.0,7
0,abd_ka,300.0,7
0,water_tomato,300.0,7
0,poison123,300.0,7
0,shabika0A,300.0,7
0,karroy921,300.0,7
0,mr_agha_seyed,300.0,7
0,msarnecki,300.0,7
0,little_misfortune,300.0,7
0,Chicharr,300.0,7
0,Dr_Magnetar,300.0,7
0,domingo,300.0,7
0,American_Hashem,300.0,7
0,huangzr,300.0,7
0,Zealotrahl,300.0,7
0,CoolManGame,300.0,7
0,D_O_G_E,300.0,7
0,Samuel-G,300.0,7
0,ArifurLimon,300.0,7
0,durmanko,300.0,7
0,darya_navard,300.0,7
0,hnrw_01,300.0,7
0,Taha_Ht,300.0,7
0,Kirill22,300.0,7
0,tripPple_A,300.0,7
0,Pashmakk,300.0,7
0,IceHydra,300.0,7
0,Iictiw,300.0,7
0,113113113aaasssddd,300.0,7
0,alexx_stefan,300.0,7
0,Molukhyyeh,300.0,7
0,AyoAyowei,300.0,7
0,ItsRadman,300.0,7
0,DinoHadzic,300.0,7
0,Nabil_Alhanif,300.0,7
0,ulandev,300.0,7
0,DOCUTEE,300.0,7
0,Talaodi,300.0,7
0,pandeykushagra51,300.0,7
0,shanzhui,300.0,7
0,chaizhi,300.0,7
0,hdsingh,300.0,7
0,drizzle_codes,300.0,7
0,bilguunbayar22,300.0,7
0,ArchHiraku,300.0,7
0,CompForces,300.0,7
0,Zendeer,300.0,7
0,Pqrsaw,300.0,7
0,SNP011,300.0,7
0,Ar1uS,300.0,7
0,sword060,300.0,7
0,shidou26,300.0,7
0,s_i_m_o_n,300.0,7
0,MrNull,300.0,7
0,atarax,300.0,7
0,lordlorinc,300.0,7
0,arnabsamanta,300.0,7
0,ZHANGGUIZHI,300.0,7
0,Galib35,300.0,7
0,TiredDeer,300.0,7
0,Frederic_,300.0,7
0,ppqq,300.0,7
0,ayan2008,300.0,7
0,T1024,300.0,7
0,ARSDR,300.0,7
0,huziling,300.0,7
0,decltype_t,300.0,7
0,purplelemon,300.0,7
0,mambaback,300.0,7
0,dhruv2000,300.0,7
0,Daniel_lele,300.0,7
0,sabaraz,300.0,7
0,Potatoritos,300.0,7
0,satwik_varma,300.0,7
0,ErfanMirshams,300.0,7
0,mellicard,300.0,7
0,jhzjk,300.0,7
0,cakecake,300.0,7
0,langx_zym,300.0,7
0,zhangmingzu,300.0,7
0,175iq,300.0,7
0,creatnx,300.0,7
0,eric0410,300.0,7
0,fangtanchen,300.0,7
0,sin_cos_tan,300.0,7
0,Collypso,300.0,7
0,theisr,300.0,7
0,-slh-,300.0,7
0,emengdeath2020,300.0,7
0,TasteOfBastani,300.0,7
0,patak,300.0,7
0,AngusRitossa,300.0,7
0,wyb_codeforces,300.0,7
0,Hadi_aa,300.0,7
0,smsm_leader,300.0,7
0,Vergil_LY,300.0,7
0,dcchendada,300.0,7
0,_shin,300.0,7
0,harman_gill,300.0,7
0,issue,300.0,7
0,sf14t,300.0,7
0,Hamed_Ghaffari,300.0,7
0,A_person_of_random,300.0,7
0,bruteforcecoder,300.0,7
0,NNAIJMAAF,300.0,7
0,ridl,300.0,7
0,Nreyog,300.0,7
0,shivsharmastr,300.0,7
0,prmondal,300.0,7
0,10_SRishiii_13,300.0,7
0,silxi,300.0,7
0,Hyperlink_Blocked,300.0,7
0,Ssusanoo_,300.0,7
0,hanyanwei,300.0,7
0,mohdikram,300.0,7
0,KRaPtor,300.0,7
0,Edeeva,300.0,7
0,Icy_Fire,300.0,7
0,bb2211,300.0,7
0,chensi26,300.0,7
0,7_7_7,300.0,7
0,yolka,300.0,7
0,Meraj-B,300.0,7
0,tinrua,300.0,7
0,Yugi.Hacker,300.0,7
0,SonOfMary,300.0,7
0,Zulll,300.0,7
0,bbmirbek,300.0,7
0,jiangshu,300.0,7
0,wqr.xssq,300.0,7
0,coco_elon,300.0,7
0,wertyuio1,300.0,7
0,_Astron,300.0,7
0,EternalFire,300.0,7
0,colin1112,300.0,7
0,Zahra.n,300.0,7
0,yeguanghao,300.0,7
0,prajnapras19,300.0,7
0,RadRah,300.0,7
0,N00,300.0,7
0,ateev_mishra7,300.0,7
0,Davoth,300.0,7
0,DPUYDV,300.0,7
0,akkafakka,300.0,7
0,LittleKoala,300.0,7
0,Vinicilia,300.0,7
0,so_unreal,300.0,7
0,a_l_i_r_e_z_a,300.0,7
0,X_rotator,300.0,7
0,GAG47,300.0,7
0,erfanaskari1,300.0,7
0,Pyqe,300.0,7
0,Jaydeep999997,300.0,7
0,Nima1313,300.0,7
0,maximlisa,300.0,7
0,Arpa,300.0,7
0,zhangjiale,300.0,7
0,Gomango999,300.0,7
0,Sagolbah,300.0,7
0,Selim_Senpai,300.0,7
0,liam_ts,300.0,7
0,real_adarsh,300.0,7
0,KienNguyen246,300.0,7
0,sahilgo,300.0,7
0,bxjz,300.0,7
0,ankush.tyagi.07,300.0,7
0,wusixuan,300.0,7
0,heckdameth,300.0,7
0,MaBarsi,300.0,7
0,ruper,300.0,7
0,nikanikuradze,300.0,7
0,sina8sal,300.0,7
0,iliya_mon,300.0,7
0,tasnidmahin,300.0,7
0,hhzhhzhhz,300.0,7
0,Mahdiyar,300.0,7
0,aqeq,300.0,7
0,nebula,300.0,7
0,georgeboiko,300.0,7
0,tiasmondal,300.0,7
0,Mohaoxiang0504,300.0,7
0,MoeenTM,300.0,7
0,M.UmairAhmadMirza,300.0,7
0,sanfarans,300.0,7
0,phictus,300.0,7
0,..vince,300.0,7
0,13_Riishiii_10,300.0,7
0,Rencj,300.0,7
0,OmarHashim,300.0,7
0,umitsaha,300.0,7
0,schlechter,300.0,7
0,N.N_2004,300.0,7
0,arshak.khoshnevis,300.0,7
0,ivy2009,300.0,7
0,AGP_2024,300.0,7
0,jiudge2,300.0,7
0,AgosQ,300.0,7
0,nikoebanoidze,300.0,7
0,Last_Stardust,300.0,7
0,ZGQ,300.0,7
0,PCX-110407,300.0,7
0,020_Madiyar__2027,300.0,7
0,Erik_Gepard,300.0,7
0,quf,300.0,7
0,kunal0403,300.0,7
0,SinaSahabi,300.0,7
0,Hitlerr,300.0,7
0,Valters07,300.0,7
0,__newbie__,300.0,7
0,3AGWA_79,300.0,7
0,PiRaJo4ek,300.0,7
0,bunny_senpai,300.0,7
0,unkn0t,300.0,7
0,fvargas,300.0,7
0,ilia.th_comp,300.0,7
0,AntonKozhevnikov,300.0,7
0,ckw1140,300.0,7
0,cumshot,300.0,7
0,ntq0705,300.0,7
0,Sawarnik,300.0,7
0,VeryCoolName,300.0,7
0,penguina,300.0,7
0,shreyd01,300.0,7
0,tumut,300.0,7
0,Meltlilith,300.0,7
0,MT-HuyenTrang2k7,300.0,7
0,jzh,300.0,7
0,BeiYu,300.0,7
0,013,300.0,7
0,alimirza,300.0,7
0,dungvu11233hp,300.0,7
0,Olesia_A,300.0,7
0,crazytanker34,300.0,7
0,aldgebu,300.0,7
0,Hikari9,300.0,7
0,Fomin_Nikita,300.0,7
0,TheDarkKnight989,300.0,7
0,M.Bani_Ahmad,300.0,7
0,LiuWilliam,300.0,7
0,artemiy.i.chubchenko,300.0,7
0,krismaz,300.0,7
0,buxiaoyu,300.0,7
0,__Whisper,300.0,7
0,AICoderMike,300.0,7
0,I_am_mon,300.0,7
0,Ashi_Ehs,300.0,7
0,2002,300.0,7
0,dngrigoryev,300.0,7
0,MPG,300.0,7
0,chenmu,300.0,7
0,kusacster,300.0,7
0,201411132101,300.0,7
0,dhuacm7,300.0,7
0,FatemehAskari,300.0,7
0,katie019326,300.0,7
0,meooow,300.0,7
0,i_used_to_love_samiksha,300.0,7
0,Sarah,300.0,7
0,_R00T,300.0,7
0,devilsanek,300.0,7
0,Baktash81,300.0,7
0,SuniRein,300.0,7
0,boozzz,300.0,7
0,cn_ryh,300.0,7
0,NissanK,300.0,7
0,LoveSquirrel,300.0,7
0,brunomont,300.0,7
0,Rad1x,300.0,7
0,GioChkhaidze,300.0,7
0,Pswrd,300.0,7
0,Noobkins,300.0,7
0,daffuwu,300.0,7
0,agim,300.0,7
0,Vicennial,300.0,7
0,hieua3xyz,300.0,7
0,shinigami336537,300.0,7
0,cibuyu,300.0,7
0,brusgry,300.0,7
0,wsxedcrfv,300.0,7
0,ayush_ar0204,300.0,7
0,Clix,300.0,7
0,kuryga,300.0,7
0,DenseEclipse_,300.0,7
0,quandlm,300.0,7
0,sqr37,300.0,7
0,LHaoooo,300.0,7
0,aidinhnkhn,300.0,7
0,teralex_fpm,300.0,7
0,xiaoqiang179,300.0,7
0,vtannn,300.0,7
0,Rain_ya3,300.0,7
0,sshekh,300.0,7
0,TurtleZW,300.0,7
0,Koosha_Mv,300.0,7
0,aminealist,300.0,7
0,Samuuffdzz,300.0,7
0,Koala13,300.0,7
0,anshul_darediya,300.0,7
0,00001,300.0,7
0,sea_26,300.0,7
0,Whistleroosh,300.0,7
0,AlRntn,300.0,7
0,Pan_H,300.0,7
0,mhd1bzr,300.0,7
0,ducanhtpccccc,300.0,7
0,ha_c_king,300.0,7
0,alan.chua,300.0,7
0,kunal_91,300.0,7
0,heavenly_principles,300.0,7
0,kakabadzeteo,300.0,7
0,_Shayan_,300.0,7
0,singhabhishek6,300.0,7
0,ppgunz,300.0,7
0,Amirmohammad.B,300.0,7
0,OneLight,300.0,7
0,h4d1,300.0,7
0,chanhchuong0702,300.0,7
0,acwing_gza,300.0,7
0,_CXF_,300.0,7
0,Poitry_,300.0,7
0,Dancepted,300.0,7
0,chenminghui,300.0,7
0,will_be_fine,300.0,7
0,ParsaAp,300.0,7
0,ogzd,300.0,7
0,rodrigo_paniagua,300.0,7
0,yooooooooooooomrwhite,300.0,7
0,iv870,300.0,7
0,K.Chaitanya,300.0,7
0,_bardia_,300.0,7
0,zanj0,300.0,7
0,neovstan,300.0,7
0,PickledSausage,300.0,7
0,18310320316,300.0,7
0,OstadShifu,300.0,7
0,unkwnz,300.0,7
0,wchhlbt,300.0,7
0,_Aaryan_,300.0,7
0,achut1993,300.0,7
0,lesunhan2022,300.0,7
0,mohammad_osl,300.0,7
0,_VanGogh_,300.0,7
0,mohmmd.jfz,300.0,7
0,carlitoscanhete97,300.0,7
0,CUGB1004226114,300.0,7
0,naman2411,300.0,7
0,continue_z,300.0,7
0,chyenn,300.0,7
0,number1729,300.0,7
0,MemberOfZendeKhoone,300.0,7
0,Kiaaan,300.0,7
0,laysan,300.0,7
0,kartik19,300.0,7
0,enigmatic_psyche,300.0,7
0,vaibhav2740,300.0,7
0,failfail25,300.0,7
0,rax_coder,300.0,7
0,namitachoudhary000013,300.0,7
0,kubsu,300.0,7
0,Taran106,300.0,7
0,Radax,300.0,7
0,axuhongbo,300.0,7
0,pm2006,300.0,7
0,SamNotFound,300.0,7
0,mUsiCadDict,300.0,7
0,AmirAz,300.0,7
0,abraham48,300.0,7
0,smalex69,300.0,7
0,jhw2mn,300.0,7
0,MrTsima,300.0,7
0,artimis_me,300.0,7
0,PurpleGuy,300.0,7
0,minimario,300.0,7
0,hoshiii,300.0,7
0,jignacioc,300.0,7
0,yarak,300.0,7
0,heower,300.0,7
0,W1ld_Lotus,300.0,7
0,Ghos007,300.0,7
0,Prean,300.0,7
0,pranet,300.0,7
0,Healexr,300.0,7
0,HitmanBBa,300.0,7
0,Bekmyrat.A,300.0,7
0,zahra..d,300.0,7
0,BBuf,300.0,7
0,jianhe,300.0,7
0,caojinghan2011,300.0,7
0,bqq,300.0,7
0,mos_safaei,300.0,7
0,gurkot,300.0,7
0,Kilo_5723,300.0,7
0,lycmd,300.0,7
0,charleshe,300.0,7
0,Reyhane_Shrkh,300.0,7
0,jiudge1,300.0,7
0,mhadih,300.0,7
0,kketchup,300.0,7
0,Ar4d,300.0,7
0,nehalreshuaaryan,300.0,7
0,jogarao,300.0,7
0,mominur,300.0,7
0,the_art_of_war,300.0,7
0,naghs01,300.0,7
0,K4R4Y,300.0,7
0,Ramtin510,300.0,7
0,huny,300.0,7
0,Lyamzin_alexandr,300.0,7
0,Mukulravi3,300.0,7
0,Broken_dreams_,300.0,7
0,L_C_T,300.0,7
0,DR-BR34k,300.0,7
0,magnified,300.0,7
0,AstralLing,300.0,7
0,luicosas,300.0,7
0,bj12z_jiasiyuan,300.0,7
0,Joyfine_12,300.0,7
0,peyman_sf,300.0,7
0,Legendaddy,300.0,7
0,OutOfModeException,300.0,7
0,Peter-007,300.0,7
0,Ilya_v_25,300.0,7
0,tomdmitriev,300.0,7
0,HeartBreakerKid,300.0,7
0,natalia_poklonskaya,300.0,7
0,deepak1527,300.0,7
0,KimiZhou,300.0,7
0,Asu,300.0,7
0,kritinsharma,300.0,7
0,vladut_piele,300.0,7
0,DFPMTS,300.0,7
0,-77-,300.0,7
0,RockStars,300.0,7
0,wgan,300.0,7
0,changwenxuan,300.0,7
0,mNaggar,300.0,7
0,Ifan,300.0,7
0,beqakhelidze,300.0,7
0,_TOBapNw_,300.0,7
0,gongmaohan,300.0,7
0,estrellad,300.0,7
0,dthangnguyen19,300.0,7
0,pearl.,300.0,7
0,sharabhagrawal25,300.0,7
0,RSAMSD,300.0,7
0,chinmay,300.0,7
0,Bitxiang,300.0,7
0,____noOne____,300.0,7
0,abhijith88,300.0,7
0,Harsh1610,300.0,7
0,mahan1382,300.0,7
0,kashapoV,300.0,7
0,Siyuan,300.0,7
0,mhn2,300.0,7
0,TiTan_Nayan,300.0,7
0,sumit18cs_retired,300.0,7
0,darziomid678,300.0,7
0,MFoad_Aba,300.0,7
0,wangyuanbo,300.0,7
0,LuisPerez,300.0,7
0,alejandro_pineda,300.0,7
0,the_borono,300.0,7
0,zqy2023,300.0,7
0,sare,300.0,7
0,shangcheng,300.0,7
0,pqt1x4,300.0,7
0,secretlearner.68,300.0,7
0,tumoyakov,300.0,7
0,moadel2002,300.0,7
0,siddhesh.o4,300.0,7
0,sujalr655,300.0,7
0,lgx57,300.0,7
0,mdallrosa,300.0,7
0,foreverdiv3,300.0,7
0,ak_97,300.0,7
0,mostafa_ayman,300.0,7
0,kaitlyn69,300.0,7
0,PlusZero,300.0,7
0,jahangard,300.0,7
0,wosiglj,300.0,7
0,backeii,300.0,7
0,zzhzz,300.0,7
0,SodiumChloride,300.0,7
0,g1dr4ch,300.0,7
0,Abol_gold,300.0,7
0,TrungNotChung,300.0,7
0,kushagra_khare02,300.0,7
0,EverlastingEternity,300.0,7
0,huhisudciuvb_0,300.0,7
0,8rfuz,300.0,7
0,RonSkk23,300.0,7
0,kasumi_utako,300.0,7
0,cjZYZtcl,300.0,7
0,DRAP_Ricin,300.0,7
0,abruce,300.0,7
0,timxad,300.0,7
0,Amoorj,300.0,7
0,santhoshm309,300.0,7
0,blindcoder,300.0,7
0,Amirgjz,300.0,7
0,Bear.-.,300.0,7
0,ItsEZ,300.0,7
0,Hung912,300.0,7
0,neptune_170_nt,300.0,7
0,theoneadmired,300.0,7
0,Majid,300.0,7
0,yacoho2048,300.0,7
0,_jairsaidds_,300.0,7
0,ebshu21,300.0,7
0,payback_1996,300.0,7
0,washinson,300.0,7
0,xiaobai123_,300.0,7
0,amar_1997,150.0,7
0,nk_xyz,150.0,7
0,ycs123,150.0,7
0,Salehlegend,150.0,7
0,adityakr007,150.0,7
0,LovelyStar,150.0,7
0,Something_hacker,150.0,7
0,mridulkaran2021,150.0,7
0,thezodiac1994,150.0,7
0,cornhub,150.0,7
0,raja1999,150.0,7
0,liao772002,150.0,7
0,Nurseiit,150.0,7
0,SAliB,150.0,7
0,guptabhaskar,150.0,7
0,Joseph1314,150.0,7
0,YnotBBetter,150.0,7
0,werasdxcv345,150.0,7
0,oneafter,150.0,7
0,talewoods,150.0,7
0,mhdie_hz,150.0,7
0,mdolchik,150.0,7
0,_Lumos,150.0,7
0,Actium,150.0,7
0,Youssef_2,150.0,7
0,jatinkumar_art,150.0,7
0,Manaf,150.0,7
0,PERNEKHAN,150.0,7
0,HeReWeGoAgAiN123,150.0,7
0,e_112,150.0,7
0,TRR,150.0,7
0,kovrik123,150.0,7
0,Vaibhav_86,150.0,7
0,dinghc,150.0,7
0,gaoxiang36999,150.0,7
0,cs2000,150.0,7
0,asipu_pawan,150.0,7
0,rakshith21mohan,150.0,7
0,SSKMF,150.0,7
0,springroll,150.0,7
0,201312201401019,150.0,7
0,ooscode,150.0,7
0,iedfa,150.0,7
0,_Isheeka_,150.0,7
0,MetB,150.0,7
0,Psychedelic,150.0,7
0,Displace_,150.0,7
0,dhaw92,150.0,7
0,Boga_123,150.0,7
0,i_like_bad_girls,150.0,7
0,Jay_N_Patel_,150.0,7
0,saumya221101,150.0,7
0,thisislike,150.0,7
0,same_lame_name,150.0,7
0,coder_aj2007,150.0,7
0,Che.Kazein,150.0,7
0,KBL,150.0,7
0,Pbicem,150.0,7
0,ex-nor,150.0,7
0,NklokkStudion,150.0,7
0,Yugen_,150.0,7
0,AM.,150.0,7
0,TimeTraveler,150.0,7
0,mohammedehab2002,150.0,7
0,__Darkmoon,150.0,7
0,wtw,150.0,7
0,Yash_,150.0,7
0,luchy0120,150.0,7
0,gagagapapa,150.0,7
0,t4c0,150.0,7
0,hypermetropia,150.0,7
0,jwp,150.0,7
0,Claustrophobic_Penguin,150.0,7
0,Homardono2000,150.0,7
0,htrinh,150.0,7
0,vikhyat_kumeria,150.0,7
0,IaMar,150.0,7
0,jjiangly,150.0,7
0,alechuang98,150.0,7
0,manishvO2,150.0,7
0,_prince_123,150.0,7
0,Kakashi_099,150.0,7
0,jch123,150.0,7
0,kauperwood,150.0,7
0,Giselus,150.0,7
0,quid_ditch,150.0,7
0,Arunnsit,150.0,7
0,AbdalrhmanJanem,150.0,7
0,Satinii,150.0,7
0,Mohammad_mh,150.0,7
0,poikniok,150.0,7
0,Sizzlk,150.0,7
0,furious__,150.0,7
0,Navick,150.0,7
0,Tartarus,150.0,7
0,jebouin,150.0,7
0,prntk71,150.0,7
0,WCDI,150.0,7
0,cyansea,150.0,7
0,ghost_yo,150.0,7
0,A_xor_A,150.0,7
0,klawe_imie,150.0,7
0,shivagr,150.0,7
0,MohamedAlmograby,150.0,7
0,patron666,150.0,7
0,Contemplator311,150.0,7
0,gsoares,150.0,7
0,A_Le_K,150.0,7
0,hacker_ultimate,150.0,7
0,asdsteven2,150.0,7
0,ishank162,150.0,7
0,sguu,150.0,7
0,tjullin,150.0,7
0,subhash.yadav,150.0,7
0,De_Coder_Rohan,150.0,7
0,YazanAlQadi21,150.0,7
0,durid17,150.0,7
0,Deaa,150.0,7
0,alimajidi,150.0,7
0,Mr.Gengar,150.0,7
0,M2J,150.0,7
0,camouflage2001,150.0,7
0,jangwinner,150.0,7
0,Parto_,150.0,7
0,hjj,150.0,7
0,2ndSequence,150.0,7
0,ACgay_caoyue,150.0,7
0,keshavkr_1310,150.0,7
0,__2000,150.0,7
0,2742195759,150.0,7
0,MohammadJA,150.0,7
0,-Jiraiya-,150.0,7
0,XYShaoKang,150.0,7
0,syzymon,150.0,7
0,wrong_lemma,150.0,7
0,Murtazoev_Alijon,150.0,7
0,ammaarahmad1999,150.0,7
0,Hriz,150.0,7
0,JKeeJ1e30,150.0,7
0,anto777,150.0,7
0,SeniorLikeToCode,150.0,7
0,Kyan,150.0,7
0,El_Shaarawy,150.0,7
0,bitman_123,150.0,7
0,SureYeaah,150.0,7
0,Mhamad_aboaljood,150.0,7
0,baranerff,150.0,7
0,he1icob4ct3r,150.0,7
0,suyanyi,150.0,7
0,_yuio_,150.0,7
0,doanminhdragon,150.0,7
0,Jothef,150.0,7
0,TheMightGuy,150.0,7
0,Empress,150.0,7
0,ilshatus,150.0,7
0,LoseStreak,150.0,7
0,puyu_liao,150.0,7
0,Ramadona22,150.0,7
0,ChirkovM,150.0,7
0,derpidc,150.0,7
0,slzxlince,150.0,7
0,spartan1001,150.0,7
0,Mohammad_Ali,150.0,7
0,Pj18,150.0,7
0,newfiles-codeforces,150.0,7
0,dsjong,150.0,7
0,wildkito,150.0,7
0,rick_c137,150.0,7
0,rk_98,150.0,7
0,AminAnvari,150.0,7
0,arianhdp,150.0,7
0,Fetus86_and_Luki49,150.0,7
0,k_nitya06,150.0,7
0,Di_jcheng,150.0,7
0,A.Magdy7,150.0,7
0,arns115,150.0,7
0,CodeMonsterChu,150.0,7
0,Optimist,150.0,7
0,SeyedAmirHosseini,150.0,7
0,ragedteddy,150.0,7
0,zzxzzx,150.0,7
0,shengrang,150.0,7
0,glucocozc,150.0,7
0,Means,150.0,7
0,NegarBahram,150.0,7
0,tepamid,150.0,7
0,Potato.,150.0,7
0,NewBornBaby,150.0,7
0,lidongyan,150.0,7
0,vishudon,150.0,7
0,ankur_singh_777,150.0,7
0,dhuacm6,150.0,7
0,GurtAlex,150.0,7
0,Termi303,150.0,7
0,sarthakgrover0100,150.0,7
0,lavin,150.0,7
0,WrongAnswer67,150.0,7
0,FransValli,150.0,7
0,lakshay_nasa,150.0,7
0,amsen,150.0,7
0,cxjy123,150.0,7
0,TR1CKST3R,150.0,7
0,BlackGuy42,150.0,7
0,-Sali-,150.0,7
0,kujta1,150.0,7
0,sgtrouge,150.0,7
0,Math_is_Good,150.0,7
0,hardiknegi,150.0,7
0,pseudo-code,150.0,7
0,neeleshsinha,150.0,7
0,beep_boop,150.0,7
0,when1729met6174,150.0,7
0,cqzry,150.0,7
0,dikshant001,150.0,7
0,arshiya_,150.0,7
0,Kallala123,150.0,7
0,Hamed_,150.0,7
0,ss_loves_AC,150.0,7
0,arpitkus,150.0,7
0,JEEADVANCED,150.0,7
0,Nishant_K,150.0,7
0,Dopahkiin,150.0,7
0,GTA,150.0,7
0,abdelrhmanezzat,150.0,7
0,dikshaSinghal,150.0,7
0,peroon,150.0,7
0,ILoveBfsDfs,150.0,7
0,Romed,150.0,7
0,the0dd1out,150.0,7
0,ACMer_hades,150.0,7
0,ahmedmagdy112233,150.0,7
0,Aman_j1,150.0,7
0,Allloush,150.0,7
0,Lone_Wolf_Delena,150.0,7
0,cat_leopard,150.0,7
0,shenzhexiang,150.0,7
0,reotsu,150.0,7
0,tejas,150.0,7
0,Dream54188,150.0,7
0,wdk,150.0,7
0,Top_Gun_,150.0,7
0,aisukiuwu,150.0,7
0,dooooodle,150.0,7
0,additya1998,150.0,7
0,LOLBYECYALOL,150.0,7
0,go_next,150.0,7
0,Samy_Nagy,150.0,7
0,dejandenib,150.0,7
0,paticullar,150.0,7
0,asifruetcse10,150.0,7
0,utkarsh_bansal,150.0,7
0,chenyutian,150.0,7
0,fengye1998,150.0,7
0,Arerz,150.0,7
0,Ismail_Hosen,150.0,7
0,shashmehul02,150.0,7
0,WanderOvO,150.0,7
0,hsrb,150.0,7
0,Xahz2023,150.0,7
0,towhid1zaman,150.0,7
0,Diego1149,150.0,7
0,SaIVa3002,150.0,7
0,Ankit003,150.0,7
0,yw003,150.0,7
0,ErzhaNN,150.0,7
0,JorgeSC,150.0,7
0,tubone,150.0,7
0,KeyurJain,150.0,7
0,only_fiee,150.0,7
0,grandmike,150.0,7
0,LM0,150.0,7
0,DaviHenrique,150.0,7
0,rajeev011yadav,150.0,7
0,Noob_Noob_,150.0,7
0,rajeshkumarsinha12,150.0,7
0,SarthakBansal,150.0,7
0,alkil,150.0,7
0,bezhimr,150.0,7
0,Alfeh,150.0,7
0,KafuChino,150.0,7
0,Mehedi_Hassan,150.0,7
0,chenyuyang0225,150.0,7
0,unknown_shadow,150.0,7
0,ghemnis,150.0,7
0,Tarek_Abo_Ammar,150.0,7
0,ItayOtto,150.0,7
0,Omar_Farhan,150.0,7
0,rahul73,150.0,7
0,ayaHamdi,150.0,7
0,smurty,150.0,7
0,yuanbingtao,150.0,7
0,Seg_Tree_,150.0,7
0,MrAlihan,150.0,7
0,densainhoi,150.0,7
0,Soroosh,150.0,7
0,Cozette,150.0,7
0,Zzzyt,150.0,7
0,diptesh1ce3,150.0,7
0,sslotin,150.0,7
0,imandy_bolsyn,150.0,7
0,Kaisar_0,150.0,7
0,trungvthe130284,150.0,7
0,space_man,150.0,7
0,krpiyush5,150.0,7
0,sathu.hebbar,150.0,7
0,garynja,150.0,7
0,King504,150.0,7
0,HassanRezk,150.0,7
0,bayrhuu,150.0,7
0,yizhibaiwuya,150.0,7
0,ParsaS,150.0,7
0,Fin_Parnishka,150.0,7
0,debbuger3,150.0,7
0,Blazer_007,150.0,7
0,undev,150.0,7
0,anujsingh14,150.0,7
0,vb30,150.0,7
0,tuananh2209,150.0,7
0,kalash04,150.0,7
0,gepardo,150.0,7
0,LuckyLQD,150.0,7
0,Lets__go,150.0,7
0,one2345678,150.0,7
0,LITFLYR,150.0,7
0,Cheshulko,150.0,7
0,mirceadino,150.0,7
0,Mahm2od,150.0,7
0,Read-about-islam,150.0,7
0,lydxlx,150.0,7
0,Mr_Algorithms,150.0,7
0,anandakirtan,150.0,7
0,Arrogant_sword,150.0,7
0,woyeshizuile,150.0,7
0,crescentmoon47,150.0,7
0,slzxpanhongxuan,150.0,7
0,SaiRohan,150.0,7
0,div12gau,150.0,7
0,KAMYAR2000,150.0,7
0,binhtranmcs,150.0,7
0,I_love_Captain_America,150.0,7
0,sharad4730,150.0,7
0,twangal,150.0,7
0,Tomx,150.0,7
0,Baraa_Armoush,150.0,7
0,Anastasiya.Zhyr,150.0,7
0,Sparky_09,150.0,7
0,long_wave,150.0,7
0,I_need_7.0_IELTS,150.0,7
0,TWCD,150.0,7
0,dyhaohaoxuexi,150.0,7
0,Pooya.Ml,150.0,7
0,FTK_AHMED-TAREK,150.0,7
0,amnesiac_dusk,150.0,7
0,Meli0daS,150.0,7
0,ManasG,150.0,7
0,stolis,150.0,7
0,AhmedAbdelhamid19,150.0,7
0,Ashishgup,150.0,7
0,lamphanviet,150.0,7
0,O.Dem,150.0,7
0,saurav_codes,150.0,7
0,nicky_ua,150.0,7
0,xksark,150.0,7
0,Divisoid,150.0,7
0,singhrahul1234,150.0,7
0,sivsnkr,150.0,7
0,Youssefmorsi1,150.0,7
0,erfam.m,150.0,7
0,lonerunner,150.0,7
0,Shinomiya,150.0,7
0,abhishekjaiswal55236,150.0,7
0,fooker,150.0,7
0,farmerboy,150.0,7
0,alvinpiter,150.0,7
0,zhouchenqi,150.0,7
0,ashish11,150.0,7
0,M_R_F,150.0,7
0,LastDance_NotLastOfMe,150.0,7
0,mskd96,150.0,7
0,Ibrahim_Hisham_1,150.0,7
0,mayank-ms088,150.0,7
0,bcs_abhisekh,150.0,7
0,Yam,150.0,7
0,cwnuaa,150.0,7
0,HGR_MOHAMMAD_RGH,150.0,7
0,My_Soul_Loves_ALLAH,150.0,7
0,Shaw-L,150.0,7
0,yash_yadav,150.0,7
0,Hazer_BJU,150.0,7
0,sajo,150.0,7
0,nguyenhaan2209,150.0,7
0,cola_without_gas,150.0,7
0,ma_ebr,150.0,7
0,WizzyRocky,150.0,7
0,jk89,150.0,7
0,fcmb57,150.0,7
0,i_love_sharmapoorva,150.0,7
0,peteza,150.0,7
0,Himanshujoy,150.0,7
0,leo020828,150.0,7
0,yingkeqian,150.0,7
0,YHYCC,150.0,7
0,LakshaySodhi29,150.0,7
0,_gXX,150.0,7
0,Muslim2003,150.0,7
0,RamTararam,150.0,7
0,GYC,150.0,7
0,goodluck-ccq,150.0,7
0,OsmanGoni,150.0,7
0,me_redwan,150.0,7
0,MiinaMagdy,150.0,7
0,rath772k,150.0,7
0,clarinet758,150.0,7
0,pk842,150.0,7
0,tornado_rider,150.0,7
0,kaiyrkhan7,150.0,7
0,param98,150.0,7
0,pulak15,150.0,7
0,liuyibo122,150.0,7
0,CQU_ACM_CF1,150.0,7
0,W0rld,150.0,7
0,afkid,150.0,7
0,yyffw,150.0,7
0,rajuIIT,150.0,7
0,AlbertoTDNeto,150.0,7
0,baharmarashi,150.0,7
0,Fireswan,150.0,7
0,mitochondria1,150.0,7
0,gche,150.0,7
0,lijinghui,150.0,7
0,shashankagrawal,150.0,7
0,Scythe,150.0,7
0,antediluvianox,150.0,7
0,E_N_D,150.0,7
0,_Damon,150.0,7
0,gargvinayak444,150.0,7
0,Edward_Haddad,150.0,7
0,iblacksun,150.0,7
0,liyizhen2,150.0,7
0,Spider-Man12,150.0,7
0,marksman_,150.0,7
0,yshkpr,150.0,7
0,Best_Memories,150.0,7
0,niunai01,150.0,7
0,el_wariatto,150.0,7
0,cf_not_found,150.0,7
0,perchema,150.0,7
0,meet2mky,150.0,7
0,Adilkhan.,150.0,7
0,AK....,150.0,7
0,Tung_Duong,150.0,7
0,keambar,150.0,7
0,wbfur4792,150.0,7
0,_piyush,150.0,7
0,Hiren.Vaghela,150.0,7
0,SmokeOut,150.0,7
0,minson123,150.0,7
0,kranis10-03,150.0,7
0,ganesh_6,150.0,7
0,Nikhil_Medam,150.0,7
0,iamrk,150.0,7
0,kartik_tiwari,150.0,7
